CTY_CODE,CTY_NAME,GEN_VAL_MO,time
-,TOTAL FOR ALL COUNTRIES,195796204072,2020-01-01
0003,EUROPEAN UNION,35071255143,2020-01-01
0014,PACIFIC RIM COUNTRIES,65080414292,2020-01-01
0017,CAFTA-DR,1786453267,2020-01-01
0020,USMCA (NAFTA),53489130119,2020-01-01
0021,TWENTY LATIN AMERICAN REPUBLICS,36335626028,2020-01-01
0022,OECD,117883607060,2020-01-01
0023,NATO,57854742784,2020-01-01
0024,LAFTA,34459748953,2020-01-01
0025,EURO AREA,31221265195,2020-01-01
0026,APEC,131235003379,2020-01-01
0027,ASEAN,18661368671,2020-01-01
0028,CACM,1454255101,2020-01-01
1010,GREENLAND,2132614,2020-01-01
1220,CANADA,25286848208,2020-01-01
1610,ST PIERRE AND MIQUELON,3805,2020-01-01
1XXX,NORTH AMERICA,53491266538,2020-01-01
2010,MEXICO,28202281911,2020-01-01
2050,GUATEMALA,337856756,2020-01-01
2080,BELIZE,2785163,2020-01-01
2110,EL SALVADOR,161133190,2020-01-01
2150,HONDURAS,316206261,2020-01-01
2190,NICARAGUA,291459194,2020-01-01
2230,COSTA RICA,347599700,2020-01-01
2250,PANAMA,32461501,2020-01-01
2320,BERMUDA,1276402,2020-01-01
2360,BAHAMAS,28589263,2020-01-01
2390,CUBA,167500,2020-01-01
2410,JAMAICA,27872623,2020-01-01
2430,TURKS AND CAICOS ISLANDS,350076,2020-01-01
2440,CAYMAN ISLANDS,1570259,2020-01-01
2450,HAITI,56794807,2020-01-01
2470,DOMINICAN REPUBLIC,332198166,2020-01-01
2481,ANGUILLA,242981,2020-01-01
2482,BRITISH VIRGIN ISLANDS,700856,2020-01-01
2483,ST KITTS AND NEVIS,7285215,2020-01-01
2484,ANTIGUA AND BARBUDA,702357,2020-01-01
2485,MONTSERRAT,113266,2020-01-01
2486,DOMINICA,345761,2020-01-01
2487,ST LUCIA,956347,2020-01-01
2488,ST VINCENT AND THE GRENADINES,301616,2020-01-01
2774,SINT MAARTEN,14046006,2020-01-01
2489,GRENADA,703191,2020-01-01
2720,BARBADOS,6297459,2020-01-01
2740,TRINIDAD AND TOBAGO,209681406,2020-01-01
2777,CURACAO,3430462,2020-01-01
2779,ARUBA,1273562,2020-01-01
2831,GUADELOUPE,314822,2020-01-01
2839,MARTINIQUE,196405,2020-01-01
2XXX,CENTRAL AMERICA,2184912573,2020-01-01
3010,COLOMBIA,1237013182,2020-01-01
3070,VENEZUELA,13699969,2020-01-01
3120,GUYANA,14297342,2020-01-01
3150,SURINAME,4923610,2020-01-01
3170,FRENCH GUIANA,17007,2020-01-01
3310,ECUADOR,698525063,2020-01-01
3330,PERU,765511943,2020-01-01
3350,BOLIVIA,42495401,2020-01-01
3370,CHILE,971866033,2020-01-01
3510,BRAZIL,2092131275,2020-01-01
3530,PARAGUAY,14597804,2020-01-01
3550,URUGUAY,31606354,2020-01-01
3570,ARGENTINA,390020018,2020-01-01
3720,FALKLAND ISLANDS (ISLAS MALVINAS),2321146,2020-01-01
3XXX,SOUTH AMERICA,6279026147,2020-01-01
4000,ICELAND,36146739,2020-01-01
4010,SWEDEN,994433631,2020-01-01
4039,NORWAY,355462154,2020-01-01
4050,FINLAND,375196616,2020-01-01
4091,FAROE ISLANDS,16826628,2020-01-01
4099,DENMARK,996287284,2020-01-01
4231,BELGIUM,1541623158,2020-01-01
4120,UNITED KINGDOM,4602430446,2020-01-01
4190,IRELAND,6071146928,2020-01-01
4210,NETHERLANDS,2291361728,2020-01-01
4239,LUXEMBOURG,54799124,2020-01-01
4271,ANDORRA,112855,2020-01-01
4272,MONACO,2136837,2020-01-01
4279,FRANCE,3621658344,2020-01-01
4280,GERMANY,9830804851,2020-01-01
4330,AUSTRIA,843138187,2020-01-01
4351,CZECH REPUBLIC,437905257,2020-01-01
4359,SLOVAKIA,356214882,2020-01-01
4370,HUNGARY,447722028,2020-01-01
4411,LIECHTENSTEIN,22825999,2020-01-01
4419,SWITZERLAND,3264901141,2020-01-01
4470,ESTONIA,64822900,2020-01-01
4490,LATVIA,47503691,2020-01-01
4510,LITHUANIA,104676024,2020-01-01
4550,POLAND,678438681,2020-01-01
4621,RUSSIA,1831221986,2020-01-01
4622,BELARUS,79566578,2020-01-01
4623,UKRAINE,104507130,2020-01-01
4631,ARMENIA,4882665,2020-01-01
4632,AZERBAIJAN,3433963,2020-01-01
4633,GEORGIA,28902681,2020-01-01
4634,KAZAKHSTAN,104059681,2020-01-01
4635,KYRGYZSTAN,346588,2020-01-01
4641,MOLDOVA,5686482,2020-01-01
4642,TAJIKISTAN,90741,2020-01-01
4643,TURKMENISTAN,277119,2020-01-01
4720,GIBRALTAR,5900,2020-01-01
4644,UZBEKISTAN,16288011,2020-01-01
4700,SPAIN,1231497164,2020-01-01
4710,PORTUGAL,316283359,2020-01-01
4730,MALTA,12707927,2020-01-01
4751,SAN MARINO,1244092,2020-01-01
4752,VATICAN CITY,144035,2020-01-01
4759,ITALY,4257152495,2020-01-01
4791,CROATIA,37239937,2020-01-01
4792,SLOVENIA,84127588,2020-01-01
4793,BOSNIA AND HERZEGOVINA,7475378,2020-01-01
4794,MACEDONIA,16225910,2020-01-01
4801,SERBIA,35471873,2020-01-01
4803,KOSOVO,338766,2020-01-01
4804,MONTENEGRO,517320,2020-01-01
4810,ALBANIA,3951502,2020-01-01
4840,GREECE,106838378,2020-01-01
4850,ROMANIA,180375397,2020-01-01
4870,BULGARIA,77587733,2020-01-01
4890,TURKEY,846175171,2020-01-01
4910,CYPRUS,9711851,2020-01-01
4XXX,EUROPE,46462911514,2020-01-01
5020,SYRIA,258220,2020-01-01
5040,LEBANON,10839255,2020-01-01
5050,IRAQ,474860319,2020-01-01
5070,IRAN,159000,2020-01-01
5081,ISRAEL,1645391524,2020-01-01
5082,GAZA STRIP ADMINISTERED BY ISRAEL,12786,2020-01-01
5083,WEST BANK ADMINISTERED BY ISRAEL,412365,2020-01-01
5110,JORDAN,173063554,2020-01-01
5130,KUWAIT,128132078,2020-01-01
5210,YEMEN,83275,2020-01-01
5170,SAUDI ARABIA,1048960413,2020-01-01
5180,QATAR,92293140,2020-01-01
5200,UNITED ARAB EMIRATES,273249362,2020-01-01
5230,OMAN,78415004,2020-01-01
5250,BAHRAIN,73683731,2020-01-01
5310,AFGHANISTAN,2275711,2020-01-01
5330,INDIA,4978750914,2020-01-01
5350,PAKISTAN,347521047,2020-01-01
5360,NEPAL,7774792,2020-01-01
5380,BANGLADESH,691314262,2020-01-01
5420,SRI LANKA,286047142,2020-01-01
5460,BURMA,98704285,2020-01-01
5490,THAILAND,2980749496,2020-01-01
5520,VIETNAM,6125356435,2020-01-01
5530,LAOS,6951768,2020-01-01
5550,CAMBODIA,557497088,2020-01-01
5570,MALAYSIA,3533764630,2020-01-01
5590,SINGAPORE,2515582219,2020-01-01
5600,INDONESIA,1855648275,2020-01-01
5601,TIMOR-LESTE,669281,2020-01-01
5610,BRUNEI,13422944,2020-01-01
5650,PHILIPPINES,973691531,2020-01-01
5660,MACAU,9246925,2020-01-01
5682,BHUTAN,48614,2020-01-01
5683,MALDIVES,2609374,2020-01-01
5700,CHINA,32944673286,2020-01-01
5740,MONGOLIA,1000799,2020-01-01
5800,"KOREA, SOUTH",6349241957,2020-01-01
5XXX,ASIA,83891923264,2020-01-01
5820,HONG KONG,317104043,2020-01-01
5830,TAIWAN,4834623620,2020-01-01
5880,JAPAN,10457838800,2020-01-01
6021,AUSTRALIA,926161820,2020-01-01
6023,COCOS (KEELING) ISLANDS,273860,2020-01-01
6024,CHRISTMAS ISLAND,12873,2020-01-01
6040,PAPUA NEW GUINEA,12005669,2020-01-01
6141,NEW ZEALAND,337408573,2020-01-01
6142,COOK ISLANDS,6810,2020-01-01
6143,TOKELAU,1497627,2020-01-01
6144,NIUE,8231,2020-01-01
6150,SAMOA,483788,2020-01-01
6223,SOLOMON ISLANDS,248977,2020-01-01
6224,VANUATU,465613,2020-01-01
6225,PITCAIRN ISLANDS,355,2020-01-01
6226,KIRIBATI,437834,2020-01-01
6227,TUVALU,1831,2020-01-01
6412,NEW CALEDONIA,1297324,2020-01-01
6413,WALLIS AND FUTUNA,718361,2020-01-01
6414,FRENCH POLYNESIA,2556236,2020-01-01
6810,MARSHALL ISLANDS,410586,2020-01-01
6820,MICRONESIA,319648,2020-01-01
6830,PALAU,50493,2020-01-01
6862,NAURU,196979,2020-01-01
6863,FIJI,17391549,2020-01-01
6864,TONGA,243861,2020-01-01
6XXX,AUSTRALIA AND OCEANIA,1302198898,2020-01-01
7140,MOROCCO,113907964,2020-01-01
7210,ALGERIA,99430916,2020-01-01
7230,TUNISIA,32160594,2020-01-01
7250,LIBYA,3311327,2020-01-01
7290,EGYPT,242584638,2020-01-01
7321,SUDAN,623661,2020-01-01
7323,SOUTH SUDAN,304,2020-01-01
7440,SENEGAL,9471388,2020-01-01
7380,EQUATORIAL GUINEA,13382446,2020-01-01
7410,MAURITANIA,538775,2020-01-01
7420,CAMEROON,101274207,2020-01-01
7450,MALI,116701,2020-01-01
7460,GUINEA,2125232,2020-01-01
7470,SIERRA LEONE,10047814,2020-01-01
7480,COTE D'IVOIRE,93927917,2020-01-01
7490,GHANA,106731974,2020-01-01
7500,GAMBIA,58984,2020-01-01
7510,NIGER,4143953,2020-01-01
7520,TOGO,539109,2020-01-01
7530,NIGERIA,176961730,2020-01-01
7540,CENTRAL AFRICAN REPUBLIC,183511,2020-01-01
7550,GABON,1879992,2020-01-01
7560,CHAD,25021,2020-01-01
7580,ST HELENA,1039296,2020-01-01
7600,BURKINA FASO,200964,2020-01-01
7610,BENIN,383285,2020-01-01
7620,ANGOLA,18374317,2020-01-01
7630,CONGO,7279393,2020-01-01
7642,GUINEA-BISSAU,129501,2020-01-01
7643,CABO VERDE,390002,2020-01-01
7644,SAO TOME AND PRINCIPE,35418,2020-01-01
7650,LIBERIA,3167837,2020-01-01
7660,DEMOCRATIC REPUBLIC OF THE CONGO,2389823,2020-01-01
7670,BURUNDI,1643549,2020-01-01
7690,RWANDA,5323734,2020-01-01
7700,SOMALIA,37992,2020-01-01
7741,ERITREA,30160,2020-01-01
7749,ETHIOPIA,38118646,2020-01-01
7770,DJIBOUTI,2159566,2020-01-01
7780,UGANDA,4393517,2020-01-01
7790,KENYA,73142283,2020-01-01
7800,SEYCHELLES,1030583,2020-01-01
7870,MOZAMBIQUE,13999185,2020-01-01
7810,BRITISH INDIAN OCEAN TERRITORIES,751,2020-01-01
7830,TANZANIA,29209678,2020-01-01
7850,MAURITIUS,22362029,2020-01-01
7880,MADAGASCAR,81369338,2020-01-01
7881,MAYOTTE,42136,2020-01-01
7890,COMOROS,161891,2020-01-01
7904,REUNION,554032,2020-01-01
7905,FRENCH SOUTHERN AND ANTARCTIC LANDS,2,2020-01-01
7910,SOUTH AFRICA,790131049,2020-01-01
7920,NAMIBIA,4597483,2020-01-01
7930,BOTSWANA,11792287,2020-01-01
7940,ZAMBIA,19134137,2020-01-01
7950,ESWATINI,326513,2020-01-01
7960,ZIMBABWE,1177502,2020-01-01
7970,MALAWI,2783639,2020-01-01
7990,LESOTHO,33625462,2020-01-01
7XXX,AFRICA,2183965138,2020-01-01
-,TOTAL FOR ALL COUNTRIES,178107959988,2020-02-01
0003,EUROPEAN UNION,32779739519,2020-02-01
0014,PACIFIC RIM COUNTRIES,51884383967,2020-02-01
0017,CAFTA-DR,2179743911,2020-02-01
0020,USMCA (NAFTA),53242237994,2020-02-01
0021,TWENTY LATIN AMERICAN REPUBLICS,36161804254,2020-02-01
0022,OECD,114945851897,2020-02-01
0023,NATO,55655195198,2020-02-01
0024,LAFTA,33870255155,2020-02-01
0025,EURO AREA,29094664515,2020-02-01
0026,APEC,116965524762,2020-02-01
0027,ASEAN,17087942312,2020-02-01
0028,CACM,1706891204,2020-02-01
1010,GREENLAND,2680404,2020-02-01
1220,CANADA,24339034042,2020-02-01
1610,ST PIERRE AND MIQUELON,0,2020-02-01
1XXX,NORTH AMERICA,53244918398,2020-02-01
2010,MEXICO,28903203952,2020-02-01
2050,GUATEMALA,325526836,2020-02-01
2080,BELIZE,3164826,2020-02-01
2110,EL SALVADOR,208073435,2020-02-01
2150,HONDURAS,412096872,2020-02-01
2190,NICARAGUA,302777193,2020-02-01
2230,COSTA RICA,458416868,2020-02-01
2250,PANAMA,34414817,2020-02-01
2320,BERMUDA,449164,2020-02-01
2360,BAHAMAS,26094253,2020-02-01
2390,CUBA,47651,2020-02-01
2410,JAMAICA,26593310,2020-02-01
2430,TURKS AND CAICOS ISLANDS,280110,2020-02-01
2440,CAYMAN ISLANDS,1322693,2020-02-01
2450,HAITI,77342720,2020-02-01
2470,DOMINICAN REPUBLIC,472852707,2020-02-01
2481,ANGUILLA,125756,2020-02-01
2482,BRITISH VIRGIN ISLANDS,541766,2020-02-01
2483,ST KITTS AND NEVIS,5005746,2020-02-01
2484,ANTIGUA AND BARBUDA,656173,2020-02-01
2485,MONTSERRAT,322089,2020-02-01
2486,DOMINICA,5192,2020-02-01
2487,ST LUCIA,640975,2020-02-01
2488,ST VINCENT AND THE GRENADINES,402490,2020-02-01
2774,SINT MAARTEN,13027435,2020-02-01
2489,GRENADA,1332830,2020-02-01
2720,BARBADOS,3438528,2020-02-01
2740,TRINIDAD AND TOBAGO,272078488,2020-02-01
2777,CURACAO,4813774,2020-02-01
2779,ARUBA,977575,2020-02-01
2831,GUADELOUPE,189487,2020-02-01
2839,MARTINIQUE,132640,2020-02-01
2XXX,CENTRAL AMERICA,2653144399,2020-02-01
3010,COLOMBIA,1037409157,2020-02-01
3070,VENEZUELA,12824557,2020-02-01
3120,GUYANA,96899335,2020-02-01
3150,SURINAME,3892185,2020-02-01
3170,FRENCH GUIANA,113496,2020-02-01
3310,ECUADOR,617601833,2020-02-01
3330,PERU,503716765,2020-02-01
3350,BOLIVIA,23587116,2020-02-01
3370,CHILE,852430749,2020-02-01
3510,BRAZIL,1554017273,2020-02-01
3530,PARAGUAY,13018572,2020-02-01
3550,URUGUAY,31624517,2020-02-01
3570,ARGENTINA,320820664,2020-02-01
3720,FALKLAND ISLANDS (ISLAS MALVINAS),458722,2020-02-01
3XXX,SOUTH AMERICA,5068414941,2020-02-01
4000,ICELAND,36319038,2020-02-01
4010,SWEDEN,1037460624,2020-02-01
4039,NORWAY,267092109,2020-02-01
4050,FINLAND,333782257,2020-02-01
4091,FAROE ISLANDS,10779268,2020-02-01
4099,DENMARK,877434915,2020-02-01
4231,BELGIUM,1813932517,2020-02-01
4120,UNITED KINGDOM,4522604380,2020-02-01
4190,IRELAND,4875917159,2020-02-01
4210,NETHERLANDS,2246464567,2020-02-01
4239,LUXEMBOURG,31221648,2020-02-01
4271,ANDORRA,1998220,2020-02-01
4272,MONACO,1380924,2020-02-01
4279,FRANCE,3558463799,2020-02-01
4280,GERMANY,9081404198,2020-02-01
4330,AUSTRIA,834653299,2020-02-01
4351,CZECH REPUBLIC,433152892,2020-02-01
4359,SLOVAKIA,343076853,2020-02-01
4370,HUNGARY,419306710,2020-02-01
4411,LIECHTENSTEIN,23417556,2020-02-01
4419,SWITZERLAND,3943638098,2020-02-01
4470,ESTONIA,68501672,2020-02-01
4490,LATVIA,23922734,2020-02-01
4510,LITHUANIA,68366415,2020-02-01
4550,POLAND,671103227,2020-02-01
4621,RUSSIA,1819489033,2020-02-01
4622,BELARUS,23759606,2020-02-01
4623,UKRAINE,95893668,2020-02-01
4631,ARMENIA,5047865,2020-02-01
4632,AZERBAIJAN,2357047,2020-02-01
4633,GEORGIA,1707306,2020-02-01
4634,KAZAKHSTAN,57670771,2020-02-01
4635,KYRGYZSTAN,274908,2020-02-01
4641,MOLDOVA,4174134,2020-02-01
4642,TAJIKISTAN,76409,2020-02-01
4710,PORTUGAL,393137424,2020-02-01
4643,TURKMENISTAN,525390,2020-02-01
4644,UZBEKISTAN,962097,2020-02-01
4700,SPAIN,1216719420,2020-02-01
4720,GIBRALTAR,1538,2020-02-01
4730,MALTA,13570493,2020-02-01
4751,SAN MARINO,814210,2020-02-01
4752,VATICAN CITY,135497,2020-02-01
4759,ITALY,3943762936,2020-02-01
4791,CROATIA,33741299,2020-02-01
4792,SLOVENIA,145285852,2020-02-01
4793,BOSNIA AND HERZEGOVINA,7031073,2020-02-01
4794,MACEDONIA,6529151,2020-02-01
4801,SERBIA,32766769,2020-02-01
4803,KOSOVO,163634,2020-02-01
4804,MONTENEGRO,271253,2020-02-01
4810,ALBANIA,2929824,2020-02-01
4840,GREECE,98989306,2020-02-01
4850,ROMANIA,158887627,2020-02-01
4870,BULGARIA,53987710,2020-02-01
4890,TURKEY,843023207,2020-02-01
4910,CYPRUS,3491966,2020-02-01
4XXX,EUROPE,44492573502,2020-02-01
5020,SYRIA,4793801,2020-02-01
5040,LEBANON,14239782,2020-02-01
5050,IRAQ,530846915,2020-02-01
5070,IRAN,2612437,2020-02-01
5081,ISRAEL,1497115015,2020-02-01
5082,GAZA STRIP ADMINISTERED BY ISRAEL,0,2020-02-01
5083,WEST BANK ADMINISTERED BY ISRAEL,784258,2020-02-01
5110,JORDAN,194493219,2020-02-01
5200,UNITED ARAB EMIRATES,261109340,2020-02-01
5130,KUWAIT,110119322,2020-02-01
5170,SAUDI ARABIA,936052291,2020-02-01
5180,QATAR,65571070,2020-02-01
5210,YEMEN,330411,2020-02-01
5230,OMAN,57511159,2020-02-01
5250,BAHRAIN,67270253,2020-02-01
5310,AFGHANISTAN,1520881,2020-02-01
5330,INDIA,4540264847,2020-02-01
5350,PAKISTAN,288887812,2020-02-01
5360,NEPAL,6653507,2020-02-01
5380,BANGLADESH,596491578,2020-02-01
5420,SRI LANKA,234573273,2020-02-01
5460,BURMA,87827489,2020-02-01
5490,THAILAND,2639713744,2020-02-01
5520,VIETNAM,6031865630,2020-02-01
5530,LAOS,11504146,2020-02-01
5550,CAMBODIA,520500310,2020-02-01
5570,MALAYSIA,3270524813,2020-02-01
5590,SINGAPORE,1947195687,2020-02-01
5600,INDONESIA,1653310385,2020-02-01
5601,TIMOR-LESTE,77845,2020-02-01
5610,BRUNEI,2475736,2020-02-01
5650,PHILIPPINES,923024372,2020-02-01
5660,MACAU,8313120,2020-02-01
5682,BHUTAN,6052,2020-02-01
5683,MALDIVES,1415521,2020-02-01
5700,CHINA,22576609689,2020-02-01
5740,MONGOLIA,806520,2020-02-01
5880,JAPAN,10665460534,2020-02-01
5800,"KOREA, SOUTH",5599663951,2020-02-01
5820,HONG KONG,201637568,2020-02-01
5830,TAIWAN,3979438848,2020-02-01
5XXX,ASIA,69532613131,2020-02-01
6021,AUSTRALIA,732574542,2020-02-01
6022,NORFOLK ISLAND,24876,2020-02-01
6023,COCOS (KEELING) ISLANDS,21428,2020-02-01
6024,CHRISTMAS ISLAND,29150,2020-02-01
6029,HEARD AND MCDONALD ISLANDS,1594,2020-02-01
6040,PAPUA NEW GUINEA,4233717,2020-02-01
6141,NEW ZEALAND,319921005,2020-02-01
6142,COOK ISLANDS,124265,2020-02-01
6143,TOKELAU,15615,2020-02-01
6144,NIUE,5491,2020-02-01
6150,SAMOA,203107,2020-02-01
6223,SOLOMON ISLANDS,20863,2020-02-01
6224,VANUATU,300208,2020-02-01
6225,PITCAIRN ISLANDS,1354,2020-02-01
6226,KIRIBATI,91155,2020-02-01
6227,TUVALU,1443,2020-02-01
6412,NEW CALEDONIA,3807826,2020-02-01
6413,WALLIS AND FUTUNA,0,2020-02-01
6414,FRENCH POLYNESIA,2529372,2020-02-01
6810,MARSHALL ISLANDS,677152,2020-02-01
6820,MICRONESIA,281810,2020-02-01
6830,PALAU,29888,2020-02-01
6862,NAURU,57504,2020-02-01
6863,FIJI,8846466,2020-02-01
6864,TONGA,345383,2020-02-01
6XXX,AUSTRALIA AND OCEANIA,1074145214,2020-02-01
7140,MOROCCO,89570229,2020-02-01
7210,ALGERIA,71980243,2020-02-01
7230,TUNISIA,51019210,2020-02-01
7250,LIBYA,211664282,2020-02-01
7380,EQUATORIAL GUINEA,11029060,2020-02-01
7290,EGYPT,187258852,2020-02-01
7321,SUDAN,490005,2020-02-01
7323,SOUTH SUDAN,255,2020-02-01
7410,MAURITANIA,549644,2020-02-01
7420,CAMEROON,61416701,2020-02-01
7440,SENEGAL,4716440,2020-02-01
7450,MALI,430718,2020-02-01
7460,GUINEA,575537,2020-02-01
7470,SIERRA LEONE,2723773,2020-02-01
7480,COTE D'IVOIRE,142894951,2020-02-01
7490,GHANA,36607202,2020-02-01
7500,GAMBIA,134070,2020-02-01
7510,NIGER,9273447,2020-02-01
7520,TOGO,422063,2020-02-01
7530,NIGERIA,138851775,2020-02-01
7540,CENTRAL AFRICAN REPUBLIC,1684,2020-02-01
7550,GABON,786887,2020-02-01
7560,CHAD,24288,2020-02-01
7580,ST HELENA,79076,2020-02-01
7600,BURKINA FASO,310216,2020-02-01
7610,BENIN,948250,2020-02-01
7620,ANGOLA,64732421,2020-02-01
7630,CONGO,1735815,2020-02-01
7642,GUINEA-BISSAU,66667,2020-02-01
7643,CABO VERDE,433121,2020-02-01
7644,SAO TOME AND PRINCIPE,78257,2020-02-01
7650,LIBERIA,5317451,2020-02-01
7660,DEMOCRATIC REPUBLIC OF THE CONGO,1855409,2020-02-01
7670,BURUNDI,627398,2020-02-01
7690,RWANDA,3198592,2020-02-01
7700,SOMALIA,36568,2020-02-01
7741,ERITREA,31816,2020-02-01
7749,ETHIOPIA,42368913,2020-02-01
7770,DJIBOUTI,797701,2020-02-01
7810,BRITISH INDIAN OCEAN TERRITORIES,64870,2020-02-01
7780,UGANDA,7245475,2020-02-01
7790,KENYA,37790626,2020-02-01
7800,SEYCHELLES,610501,2020-02-01
7830,TANZANIA,20017214,2020-02-01
7850,MAURITIUS,21754825,2020-02-01
7870,MOZAMBIQUE,7226685,2020-02-01
7880,MADAGASCAR,61873286,2020-02-01
7881,MAYOTTE,13756,2020-02-01
7890,COMOROS,48769,2020-02-01
7904,REUNION,671622,2020-02-01
7905,FRENCH SOUTHERN AND ANTARCTIC LANDS,25,2020-02-01
7910,SOUTH AFRICA,677633960,2020-02-01
7920,NAMIBIA,9467033,2020-02-01
7930,BOTSWANA,10906123,2020-02-01
7940,ZAMBIA,4771859,2020-02-01
7950,ESWATINI,671994,2020-02-01
7960,ZIMBABWE,6138746,2020-02-01
7970,MALAWI,3041930,2020-02-01
7990,LESOTHO,27162117,2020-02-01
7XXX,AFRICA,2042150403,2020-02-01
-,TOTAL FOR ALL COUNTRIES,193922847899,2020-03-01
0003,EUROPEAN UNION,41365412512,2020-03-01
0014,PACIFIC RIM COUNTRIES,54562507333,2020-03-01
0017,CAFTA-DR,2274624035,2020-03-01
0020,USMCA (NAFTA),54962452753,2020-03-01
0021,TWENTY LATIN AMERICAN REPUBLICS,37710559590,2020-03-01
0022,OECD,131068660328,2020-03-01
0023,NATO,63156991346,2020-03-01
0024,LAFTA,35317290178,2020-03-01
0025,EURO AREA,36748928408,2020-03-01
0026,APEC,121408859223,2020-03-01
0027,ASEAN,18652960557,2020-03-01
0028,CACM,1804728729,2020-03-01
1010,GREENLAND,789186,2020-03-01
1220,CANADA,25080381294,2020-03-01
1610,ST PIERRE AND MIQUELON,0,2020-03-01
1XXX,NORTH AMERICA,54963241939,2020-03-01
2010,MEXICO,29882071459,2020-03-01
2050,GUATEMALA,391559031,2020-03-01
2080,BELIZE,2462322,2020-03-01
2110,EL SALVADOR,198371406,2020-03-01
2150,HONDURAS,378646963,2020-03-01
2190,NICARAGUA,347958940,2020-03-01
2230,COSTA RICA,488192389,2020-03-01
2250,PANAMA,31595054,2020-03-01
2320,BERMUDA,1490951,2020-03-01
2360,BAHAMAS,29469655,2020-03-01
2390,CUBA,97095,2020-03-01
2410,JAMAICA,32156851,2020-03-01
2430,TURKS AND CAICOS ISLANDS,538372,2020-03-01
2440,CAYMAN ISLANDS,1644157,2020-03-01
2450,HAITI,86953228,2020-03-01
2470,DOMINICAN REPUBLIC,469895306,2020-03-01
2481,ANGUILLA,212969,2020-03-01
2482,BRITISH VIRGIN ISLANDS,392581,2020-03-01
2483,ST KITTS AND NEVIS,4631316,2020-03-01
2484,ANTIGUA AND BARBUDA,370047,2020-03-01
2485,MONTSERRAT,41755,2020-03-01
2486,DOMINICA,342096,2020-03-01
2487,ST LUCIA,699759,2020-03-01
2488,ST VINCENT AND THE GRENADINES,478952,2020-03-01
2774,SINT MAARTEN,1077910,2020-03-01
2489,GRENADA,912086,2020-03-01
2720,BARBADOS,3560505,2020-03-01
2740,TRINIDAD AND TOBAGO,268130698,2020-03-01
2777,CURACAO,1637907,2020-03-01
2779,ARUBA,2410791,2020-03-01
2831,GUADELOUPE,161560,2020-03-01
2839,MARTINIQUE,128963,2020-03-01
2XXX,CENTRAL AMERICA,2746221615,2020-03-01
3010,COLOMBIA,812801719,2020-03-01
3070,VENEZUELA,14599273,2020-03-01
3120,GUYANA,77283865,2020-03-01
3150,SURINAME,32722945,2020-03-01
3170,FRENCH GUIANA,286826,2020-03-01
3310,ECUADOR,536746337,2020-03-01
3330,PERU,413102276,2020-03-01
3350,BOLIVIA,36430649,2020-03-01
3370,CHILE,1155044234,2020-03-01
3510,BRAZIL,2120679004,2020-03-01
3530,PARAGUAY,12231320,2020-03-01
3550,URUGUAY,40819177,2020-03-01
3570,ARGENTINA,292764730,2020-03-01
3720,FALKLAND ISLANDS (ISLAS MALVINAS),3364252,2020-03-01
3XXX,SOUTH AMERICA,5548876607,2020-03-01
4000,ICELAND,36022751,2020-03-01
4010,SWEDEN,1144783540,2020-03-01
4039,NORWAY,366504547,2020-03-01
4050,FINLAND,449394226,2020-03-01
4091,FAROE ISLANDS,9077223,2020-03-01
4099,DENMARK,1381961924,2020-03-01
4231,BELGIUM,1855347599,2020-03-01
4120,UNITED KINGDOM,5032981805,2020-03-01
4190,IRELAND,6827339400,2020-03-01
4210,NETHERLANDS,2725310846,2020-03-01
4239,LUXEMBOURG,43445382,2020-03-01
4271,ANDORRA,152763,2020-03-01
4272,MONACO,487077,2020-03-01
4279,FRANCE,4263765427,2020-03-01
4280,GERMANY,11979800108,2020-03-01
4330,AUSTRIA,1163431045,2020-03-01
4351,CZECH REPUBLIC,512092430,2020-03-01
4359,SLOVAKIA,352061565,2020-03-01
4370,HUNGARY,421170708,2020-03-01
4411,LIECHTENSTEIN,24408020,2020-03-01
4419,SWITZERLAND,6053777784,2020-03-01
4470,ESTONIA,71566680,2020-03-01
4490,LATVIA,72236624,2020-03-01
4510,LITHUANIA,93239312,2020-03-01
4550,POLAND,812984333,2020-03-01
4621,RUSSIA,1803303931,2020-03-01
4622,BELARUS,26925569,2020-03-01
4623,UKRAINE,61939116,2020-03-01
4631,ARMENIA,5342088,2020-03-01
4632,AZERBAIJAN,10325338,2020-03-01
4633,GEORGIA,19379475,2020-03-01
4634,KAZAKHSTAN,78184136,2020-03-01
4635,KYRGYZSTAN,264161,2020-03-01
4641,MOLDOVA,4835788,2020-03-01
4642,TAJIKISTAN,125360,2020-03-01
4710,PORTUGAL,376433585,2020-03-01
4643,TURKMENISTAN,16634,2020-03-01
4644,UZBEKISTAN,1464025,2020-03-01
4700,SPAIN,1626539326,2020-03-01
4720,GIBRALTAR,5295908,2020-03-01
4730,MALTA,14044569,2020-03-01
4751,SAN MARINO,465048,2020-03-01
4752,VATICAN CITY,88549,2020-03-01
4759,ITALY,4611503445,2020-03-01
4791,CROATIA,62851472,2020-03-01
4792,SLOVENIA,74550056,2020-03-01
4793,BOSNIA AND HERZEGOVINA,8666365,2020-03-01
4794,MACEDONIA,7894950,2020-03-01
4801,SERBIA,34359104,2020-03-01
4803,KOSOVO,171741,2020-03-01
4804,MONTENEGRO,294361,2020-03-01
4810,ALBANIA,4360129,2020-03-01
4840,GREECE,145382923,2020-03-01
4850,ROMANIA,199920837,2020-03-01
4870,BULGARIA,80718860,2020-03-01
4890,TURKEY,941068979,2020-03-01
4910,CYPRUS,3536290,2020-03-01
4XXX,EUROPE,55903595237,2020-03-01
5020,SYRIA,358011,2020-03-01
5040,LEBANON,8616749,2020-03-01
5050,IRAQ,439820068,2020-03-01
5070,IRAN,142317,2020-03-01
5081,ISRAEL,1287194654,2020-03-01
5082,GAZA STRIP ADMINISTERED BY ISRAEL,28060,2020-03-01
5083,WEST BANK ADMINISTERED BY ISRAEL,199141,2020-03-01
5110,JORDAN,190055537,2020-03-01
5200,UNITED ARAB EMIRATES,295322476,2020-03-01
5130,KUWAIT,55399608,2020-03-01
5170,SAUDI ARABIA,832463103,2020-03-01
5180,QATAR,247528663,2020-03-01
5210,YEMEN,674335,2020-03-01
5230,OMAN,79287945,2020-03-01
5250,BAHRAIN,54526560,2020-03-01
5310,AFGHANISTAN,1736881,2020-03-01
5330,INDIA,4469939704,2020-03-01
5350,PAKISTAN,321486501,2020-03-01
5360,NEPAL,16131069,2020-03-01
5380,BANGLADESH,599085351,2020-03-01
5420,SRI LANKA,243670552,2020-03-01
5460,BURMA,82968014,2020-03-01
5490,THAILAND,3344202198,2020-03-01
5520,VIETNAM,5181046254,2020-03-01
5530,LAOS,10424205,2020-03-01
5550,CAMBODIA,510131757,2020-03-01
5570,MALAYSIA,4096336657,2020-03-01
5590,SINGAPORE,2448954143,2020-03-01
5600,INDONESIA,1893270379,2020-03-01
5601,TIMOR-LESTE,110447,2020-03-01
5610,BRUNEI,22511067,2020-03-01
5650,PHILIPPINES,1063115883,2020-03-01
5660,MACAU,12799756,2020-03-01
5682,BHUTAN,13720,2020-03-01
5683,MALDIVES,1213459,2020-03-01
5700,CHINA,19638123468,2020-03-01
5740,MONGOLIA,1464792,2020-03-01
5880,JAPAN,12173551333,2020-03-01
5800,"KOREA, SOUTH",6668670144,2020-03-01
5820,HONG KONG,438626540,2020-03-01
5830,TAIWAN,4550292858,2020-03-01
5XXX,ASIA,71281494359,2020-03-01
6021,AUSTRALIA,1111567293,2020-03-01
6022,NORFOLK ISLAND,0,2020-03-01
6023,COCOS (KEELING) ISLANDS,21203,2020-03-01
6024,CHRISTMAS ISLAND,2549,2020-03-01
6029,HEARD AND MCDONALD ISLANDS,0,2020-03-01
6040,PAPUA NEW GUINEA,3728309,2020-03-01
6141,NEW ZEALAND,440959503,2020-03-01
6142,COOK ISLANDS,58792,2020-03-01
6143,TOKELAU,90413,2020-03-01
6144,NIUE,16839,2020-03-01
6150,SAMOA,308502,2020-03-01
6223,SOLOMON ISLANDS,661399,2020-03-01
6224,VANUATU,365398,2020-03-01
6225,PITCAIRN ISLANDS,4,2020-03-01
6226,KIRIBATI,220429,2020-03-01
6227,TUVALU,1435,2020-03-01
6412,NEW CALEDONIA,2850299,2020-03-01
6413,WALLIS AND FUTUNA,9252,2020-03-01
6414,FRENCH POLYNESIA,2381600,2020-03-01
6810,MARSHALL ISLANDS,209138,2020-03-01
6820,MICRONESIA,208826,2020-03-01
6830,PALAU,57807,2020-03-01
6862,NAURU,226251,2020-03-01
6863,FIJI,15853234,2020-03-01
6864,TONGA,238575,2020-03-01
6XXX,AUSTRALIA AND OCEANIA,1580037050,2020-03-01
7140,MOROCCO,136870743,2020-03-01
7210,ALGERIA,41808744,2020-03-01
7230,TUNISIA,57019466,2020-03-01
7323,SOUTH SUDAN,8372,2020-03-01
7250,LIBYA,77199,2020-03-01
7290,EGYPT,195501558,2020-03-01
7321,SUDAN,210817,2020-03-01
7370,WESTERN SAHARA,122,2020-03-01
7380,EQUATORIAL GUINEA,6113761,2020-03-01
7410,MAURITANIA,1031546,2020-03-01
7420,CAMEROON,66228402,2020-03-01
7440,SENEGAL,7744463,2020-03-01
7450,MALI,167675,2020-03-01
7460,GUINEA,1701820,2020-03-01
7470,SIERRA LEONE,2726983,2020-03-01
7480,COTE D'IVOIRE,106613168,2020-03-01
7490,GHANA,82332172,2020-03-01
7500,GAMBIA,31570,2020-03-01
7510,NIGER,3245635,2020-03-01
7520,TOGO,2662856,2020-03-01
7530,NIGERIA,103584738,2020-03-01
7540,CENTRAL AFRICAN REPUBLIC,399841,2020-03-01
7550,GABON,8491570,2020-03-01
7560,CHAD,342818,2020-03-01
7580,ST HELENA,1340105,2020-03-01
7600,BURKINA FASO,197168,2020-03-01
7610,BENIN,364251,2020-03-01
7620,ANGOLA,554881,2020-03-01
7630,CONGO,1565289,2020-03-01
7642,GUINEA-BISSAU,0,2020-03-01
7643,CABO VERDE,334325,2020-03-01
7644,SAO TOME AND PRINCIPE,3890,2020-03-01
7650,LIBERIA,2500831,2020-03-01
7660,DEMOCRATIC REPUBLIC OF THE CONGO,4177224,2020-03-01
7670,BURUNDI,154902,2020-03-01
7690,RWANDA,3374957,2020-03-01
7700,SOMALIA,3917,2020-03-01
7741,ERITREA,707,2020-03-01
7790,KENYA,59820095,2020-03-01
7749,ETHIOPIA,38203114,2020-03-01
7770,DJIBOUTI,257433,2020-03-01
7780,UGANDA,7065847,2020-03-01
7800,SEYCHELLES,581206,2020-03-01
7810,BRITISH INDIAN OCEAN TERRITORIES,198,2020-03-01
7830,TANZANIA,7693618,2020-03-01
7850,MAURITIUS,40753888,2020-03-01
7870,MOZAMBIQUE,7412458,2020-03-01
7880,MADAGASCAR,52031650,2020-03-01
7881,MAYOTTE,2042,2020-03-01
7890,COMOROS,180212,2020-03-01
7904,REUNION,25455,2020-03-01
7905,FRENCH SOUTHERN AND ANTARCTIC LANDS,0,2020-03-01
7910,SOUTH AFRICA,740196903,2020-03-01
7920,NAMIBIA,8731299,2020-03-01
7930,BOTSWANA,68414248,2020-03-01
7940,ZAMBIA,1762523,2020-03-01
7950,ESWATINI,483629,2020-03-01
7960,ZIMBABWE,2444756,2020-03-01
7970,MALAWI,2448190,2020-03-01
7990,LESOTHO,21383842,2020-03-01
7XXX,AFRICA,1899381092,2020-03-01
-,TOTAL FOR ALL COUNTRIES,165611885689,2020-04-01
0003,EUROPEAN UNION,31662829934,2020-04-01
0014,PACIFIC RIM COUNTRIES,65379807630,2020-04-01
0017,CAFTA-DR,1392964444,2020-04-01
0020,USMCA (NAFTA),30708975252,2020-04-01
0021,TWENTY LATIN AMERICAN REPUBLICS,21297301041,2020-04-01
0022,OECD,96540622265,2020-04-01
0023,NATO,44323496529,2020-04-01
0024,LAFTA,19851986070,2020-04-01
0025,EURO AREA,28108774429,2020-04-01
0026,APEC,106139588514,2020-04-01
0027,ASEAN,17074443963,2020-04-01
0028,CACM,1160104705,2020-04-01
1010,GREENLAND,521909,2020-04-01
1220,CANADA,14936992515,2020-04-01
1610,ST PIERRE AND MIQUELON,2328,2020-04-01
1XXX,NORTH AMERICA,30709499489,2020-04-01
2010,MEXICO,15771982737,2020-04-01
2050,GUATEMALA,295704162,2020-04-01
2080,BELIZE,2877638,2020-04-01
2110,EL SALVADOR,55121851,2020-04-01
2150,HONDURAS,172216387,2020-04-01
2190,NICARAGUA,223517217,2020-04-01
2230,COSTA RICA,413545088,2020-04-01
2250,PANAMA,15267482,2020-04-01
2320,BERMUDA,172925,2020-04-01
2360,BAHAMAS,29898539,2020-04-01
2390,CUBA,3323040,2020-04-01
2410,JAMAICA,31218406,2020-04-01
2430,TURKS AND CAICOS ISLANDS,71640,2020-04-01
2440,CAYMAN ISLANDS,512121,2020-04-01
2450,HAITI,33760005,2020-04-01
2470,DOMINICAN REPUBLIC,232859739,2020-04-01
2481,ANGUILLA,4593,2020-04-01
2482,BRITISH VIRGIN ISLANDS,296497,2020-04-01
2483,ST KITTS AND NEVIS,2380037,2020-04-01
2484,ANTIGUA AND BARBUDA,111707,2020-04-01
2485,MONTSERRAT,15183,2020-04-01
2486,DOMINICA,15899,2020-04-01
2487,ST LUCIA,407818,2020-04-01
2488,ST VINCENT AND THE GRENADINES,425290,2020-04-01
2774,SINT MAARTEN,423300,2020-04-01
2489,GRENADA,225204,2020-04-01
2720,BARBADOS,1344396,2020-04-01
2740,TRINIDAD AND TOBAGO,139137934,2020-04-01
2777,CURACAO,95285,2020-04-01
2779,ARUBA,372715,2020-04-01
2831,GUADELOUPE,146576,2020-04-01
2839,MARTINIQUE,0,2020-04-01
2XXX,CENTRAL AMERICA,1655468674,2020-04-01
3010,COLOMBIA,648367557,2020-04-01
3070,VENEZUELA,8917928,2020-04-01
3120,GUYANA,41500139,2020-04-01
3150,SURINAME,42403906,2020-04-01
3170,FRENCH GUIANA,5577331,2020-04-01
3310,ECUADOR,311243199,2020-04-01
3330,PERU,210358296,2020-04-01
3350,BOLIVIA,32386841,2020-04-01
3370,CHILE,884672678,2020-04-01
3510,BRAZIL,1661794615,2020-04-01
3530,PARAGUAY,10556446,2020-04-01
3550,URUGUAY,46565413,2020-04-01
3570,ARGENTINA,265140360,2020-04-01
3720,FALKLAND ISLANDS (ISLAS MALVINAS),2299012,2020-04-01
3XXX,SOUTH AMERICA,4171783721,2020-04-01
4000,ICELAND,26908035,2020-04-01
4010,SWEDEN,923021086,2020-04-01
4031,"SVALBARD, JAN MAYEN ISLAND",4882,2020-04-01
4039,NORWAY,307051144,2020-04-01
4050,FINLAND,375840912,2020-04-01
4091,FAROE ISLANDS,7336351,2020-04-01
4210,NETHERLANDS,2574928593,2020-04-01
4099,DENMARK,956491558,2020-04-01
4120,UNITED KINGDOM,4174885024,2020-04-01
4190,IRELAND,5312634830,2020-04-01
4231,BELGIUM,1513875706,2020-04-01
4239,LUXEMBOURG,33056729,2020-04-01
4271,ANDORRA,18312,2020-04-01
4272,MONACO,901341,2020-04-01
4279,FRANCE,3059165531,2020-04-01
4280,GERMANY,8564742080,2020-04-01
4330,AUSTRIA,904940239,2020-04-01
4351,CZECH REPUBLIC,435316714,2020-04-01
4359,SLOVAKIA,317791847,2020-04-01
4370,HUNGARY,359091897,2020-04-01
4411,LIECHTENSTEIN,15767282,2020-04-01
4419,SWITZERLAND,8403580272,2020-04-01
4470,ESTONIA,58115681,2020-04-01
4490,LATVIA,32759594,2020-04-01
4510,LITHUANIA,72841465,2020-04-01
4550,POLAND,648169389,2020-04-01
4621,RUSSIA,1077948283,2020-04-01
4622,BELARUS,7650050,2020-04-01
4623,UKRAINE,111993984,2020-04-01
4631,ARMENIA,5298373,2020-04-01
4632,AZERBAIJAN,424821,2020-04-01
4633,GEORGIA,2424708,2020-04-01
4634,KAZAKHSTAN,32406211,2020-04-01
4635,KYRGYZSTAN,206659,2020-04-01
4641,MOLDOVA,2918681,2020-04-01
4700,SPAIN,1307907118,2020-04-01
4642,TAJIKISTAN,6040,2020-04-01
4643,TURKMENISTAN,709182,2020-04-01
4644,UZBEKISTAN,889099,2020-04-01
4710,PORTUGAL,292466630,2020-04-01
4720,GIBRALTAR,102182,2020-04-01
4730,MALTA,4976411,2020-04-01
4751,SAN MARINO,396528,2020-04-01
4752,VATICAN CITY,10070,2020-04-01
4759,ITALY,3475243122,2020-04-01
4791,CROATIA,41711296,2020-04-01
4792,SLOVENIA,97799910,2020-04-01
4793,BOSNIA AND HERZEGOVINA,6365695,2020-04-01
4794,MACEDONIA,6480703,2020-04-01
4801,SERBIA,29780047,2020-04-01
4803,KOSOVO,252372,2020-04-01
4804,MONTENEGRO,840754,2020-04-01
4810,ALBANIA,3265727,2020-04-01
4840,GREECE,104319950,2020-04-01
4850,ROMANIA,126174289,2020-04-01
4870,BULGARIA,64079276,2020-04-01
4890,TURKEY,783322732,2020-04-01
4910,CYPRUS,5368081,2020-04-01
4XXX,EUROPE,46672975478,2020-04-01
5020,SYRIA,284949,2020-04-01
5040,LEBANON,6370967,2020-04-01
5050,IRAQ,236876756,2020-04-01
5070,IRAN,930,2020-04-01
5081,ISRAEL,970776153,2020-04-01
5082,GAZA STRIP ADMINISTERED BY ISRAEL,13949,2020-04-01
5083,WEST BANK ADMINISTERED BY ISRAEL,367511,2020-04-01
5180,QATAR,152689254,2020-04-01
5110,JORDAN,115192522,2020-04-01
5130,KUWAIT,8243693,2020-04-01
5170,SAUDI ARABIA,540387823,2020-04-01
5200,UNITED ARAB EMIRATES,219112631,2020-04-01
5210,YEMEN,753655,2020-04-01
5230,OMAN,108609058,2020-04-01
5250,BAHRAIN,70395996,2020-04-01
5310,AFGHANISTAN,1105020,2020-04-01
5330,INDIA,3364742455,2020-04-01
5350,PAKISTAN,293339600,2020-04-01
5360,NEPAL,2178858,2020-04-01
5380,BANGLADESH,489403690,2020-04-01
5420,SRI LANKA,127635027,2020-04-01
5460,BURMA,85911711,2020-04-01
5490,THAILAND,2882431999,2020-04-01
5520,VIETNAM,4999940670,2020-04-01
5530,LAOS,5033425,2020-04-01
5550,CAMBODIA,435866877,2020-04-01
5570,MALAYSIA,2736240725,2020-04-01
5590,SINGAPORE,3529501928,2020-04-01
5600,INDONESIA,1689877349,2020-04-01
5601,TIMOR-LESTE,104159,2020-04-01
5610,BRUNEI,12606670,2020-04-01
5650,PHILIPPINES,697032609,2020-04-01
5660,MACAU,4546294,2020-04-01
5682,BHUTAN,12592,2020-04-01
5683,MALDIVES,826107,2020-04-01
5700,CHINA,30730147843,2020-04-01
5830,TAIWAN,4641769634,2020-04-01
5740,MONGOLIA,161532,2020-04-01
5800,"KOREA, SOUTH",6584017932,2020-04-01
5820,HONG KONG,2369197063,2020-04-01
5880,JAPAN,9849203383,2020-04-01
5XXX,ASIA,77962910999,2020-04-01
6021,AUSTRALIA,2153529247,2020-04-01
6022,NORFOLK ISLAND,0,2020-04-01
6023,COCOS (KEELING) ISLANDS,14434,2020-04-01
6024,CHRISTMAS ISLAND,309,2020-04-01
6029,HEARD AND MCDONALD ISLANDS,830,2020-04-01
6040,PAPUA NEW GUINEA,3356062,2020-04-01
6141,NEW ZEALAND,378780891,2020-04-01
6142,COOK ISLANDS,1778534,2020-04-01
6143,TOKELAU,17728,2020-04-01
6144,NIUE,14650,2020-04-01
6150,SAMOA,713328,2020-04-01
6223,SOLOMON ISLANDS,128211,2020-04-01
6224,VANUATU,1563,2020-04-01
6225,PITCAIRN ISLANDS,1294,2020-04-01
6226,KIRIBATI,113523,2020-04-01
6227,TUVALU,5637,2020-04-01
6412,NEW CALEDONIA,2288864,2020-04-01
6413,WALLIS AND FUTUNA,11663,2020-04-01
6414,FRENCH POLYNESIA,432238,2020-04-01
6810,MARSHALL ISLANDS,285400,2020-04-01
6820,MICRONESIA,53173,2020-04-01
6830,PALAU,6652,2020-04-01
6862,NAURU,3756,2020-04-01
6863,FIJI,14196753,2020-04-01
6864,TONGA,114657,2020-04-01
6XXX,AUSTRALIA AND OCEANIA,2555849397,2020-04-01
7140,MOROCCO,128329162,2020-04-01
7210,ALGERIA,55160493,2020-04-01
7321,SUDAN,220575,2020-04-01
7230,TUNISIA,41995956,2020-04-01
7250,LIBYA,17092,2020-04-01
7290,EGYPT,116804703,2020-04-01
7323,SOUTH SUDAN,12,2020-04-01
7370,WESTERN SAHARA,0,2020-04-01
7380,EQUATORIAL GUINEA,26105549,2020-04-01
7410,MAURITANIA,448278,2020-04-01
7420,CAMEROON,26254559,2020-04-01
7440,SENEGAL,11890388,2020-04-01
7450,MALI,57530,2020-04-01
7460,GUINEA,1580154,2020-04-01
7470,SIERRA LEONE,4175534,2020-04-01
7480,COTE D'IVOIRE,125229430,2020-04-01
7490,GHANA,31871174,2020-04-01
7500,GAMBIA,165883,2020-04-01
7510,NIGER,10107993,2020-04-01
7520,TOGO,2081246,2020-04-01
7530,NIGERIA,81290698,2020-04-01
7540,CENTRAL AFRICAN REPUBLIC,6124,2020-04-01
7550,GABON,11839349,2020-04-01
7560,CHAD,251554,2020-04-01
7580,ST HELENA,5981,2020-04-01
7600,BURKINA FASO,417797,2020-04-01
7610,BENIN,701712,2020-04-01
7620,ANGOLA,26647423,2020-04-01
7630,CONGO,2017482,2020-04-01
7642,GUINEA-BISSAU,252756,2020-04-01
7643,CABO VERDE,3111,2020-04-01
7644,SAO TOME AND PRINCIPE,95991,2020-04-01
7650,LIBERIA,8647207,2020-04-01
7660,DEMOCRATIC REPUBLIC OF THE CONGO,735092,2020-04-01
7670,BURUNDI,309877,2020-04-01
7690,RWANDA,1347890,2020-04-01
7700,SOMALIA,60732,2020-04-01
7780,UGANDA,6565570,2020-04-01
7741,ERITREA,41949,2020-04-01
7749,ETHIOPIA,32891054,2020-04-01
7770,DJIBOUTI,356218,2020-04-01
7790,KENYA,47770628,2020-04-01
7800,SEYCHELLES,109297,2020-04-01
7810,BRITISH INDIAN OCEAN TERRITORIES,0,2020-04-01
7830,TANZANIA,10697465,2020-04-01
7850,MAURITIUS,9553385,2020-04-01
7870,MOZAMBIQUE,9011965,2020-04-01
7880,MADAGASCAR,74815119,2020-04-01
7881,MAYOTTE,16836,2020-04-01
7890,COMOROS,28613,2020-04-01
7904,REUNION,1307954,2020-04-01
7905,FRENCH SOUTHERN AND ANTARCTIC LANDS,340,2020-04-01
7910,SOUTH AFRICA,950549328,2020-04-01
7920,NAMIBIA,1624550,2020-04-01
7930,BOTSWANA,674875,2020-04-01
7940,ZAMBIA,48597,2020-04-01
7950,ESWATINI,233330,2020-04-01
7960,ZIMBABWE,1765702,2020-04-01
7970,MALAWI,3263339,2020-04-01
7990,LESOTHO,14945330,2020-04-01
7XXX,AFRICA,1883397931,2020-04-01
-,TOTAL FOR ALL COUNTRIES,163494079397,2020-05-01
0003,EUROPEAN UNION,27199368041,2020-05-01
0014,PACIFIC RIM COUNTRIES,66333581551,2020-05-01
0017,CAFTA-DR,1448212412,2020-05-01
0020,USMCA (NAFTA),30700075031,2020-05-01
0021,TWENTY LATIN AMERICAN REPUBLICS,20319181444,2020-05-01
0022,OECD,90624258706,2020-05-01
0023,NATO,40584324895,2020-05-01
0024,LAFTA,18821553445,2020-05-01
0025,EURO AREA,23977786556,2020-05-01
0026,APEC,106600998363,2020-05-01
0027,ASEAN,16438581201,2020-05-01
0028,CACM,1089088053,2020-05-01
1010,GREENLAND,1170364,2020-05-01
1220,CANADA,15842688055,2020-05-01
1610,ST PIERRE AND MIQUELON,0,2020-05-01
1XXX,NORTH AMERICA,30701245395,2020-05-01
2010,MEXICO,14857386976,2020-05-01
2050,GUATEMALA,287988470,2020-05-01
2080,BELIZE,4540052,2020-05-01
2110,EL SALVADOR,56376011,2020-05-01
2150,HONDURAS,166786126,2020-05-01
2190,NICARAGUA,206848087,2020-05-01
2230,COSTA RICA,371089359,2020-05-01
2250,PANAMA,18294782,2020-05-01
2320,BERMUDA,265172,2020-05-01
2360,BAHAMAS,19196812,2020-05-01
2390,CUBA,0,2020-05-01
2410,JAMAICA,19214881,2020-05-01
2430,TURKS AND CAICOS ISLANDS,118162,2020-05-01
2440,CAYMAN ISLANDS,2155759,2020-05-01
2450,HAITI,31120805,2020-05-01
2470,DOMINICAN REPUBLIC,359124359,2020-05-01
2481,ANGUILLA,16983,2020-05-01
2482,BRITISH VIRGIN ISLANDS,1740450,2020-05-01
2483,ST KITTS AND NEVIS,2032057,2020-05-01
2484,ANTIGUA AND BARBUDA,76785,2020-05-01
2485,MONTSERRAT,82342,2020-05-01
2486,DOMINICA,125277,2020-05-01
2720,BARBADOS,2559795,2020-05-01
2487,ST LUCIA,600689,2020-05-01
2488,ST VINCENT AND THE GRENADINES,396750,2020-05-01
2489,GRENADA,1067895,2020-05-01
2740,TRINIDAD AND TOBAGO,159434703,2020-05-01
2774,SINT MAARTEN,525437,2020-05-01
2777,CURACAO,1820446,2020-05-01
2779,ARUBA,346234,2020-05-01
2831,GUADELOUPE,852401,2020-05-01
2839,MARTINIQUE,17102,2020-05-01
2XXX,CENTRAL AMERICA,1714814183,2020-05-01
3010,COLOMBIA,675686048,2020-05-01
3070,VENEZUELA,9506493,2020-05-01
3120,GUYANA,30228982,2020-05-01
3150,SURINAME,40248770,2020-05-01
3170,FRENCH GUIANA,0,2020-05-01
3310,ECUADOR,245713322,2020-05-01
3330,PERU,222900958,2020-05-01
3350,BOLIVIA,24701697,2020-05-01
3370,CHILE,674613537,2020-05-01
3510,BRAZIL,1761428391,2020-05-01
3530,PARAGUAY,7940132,2020-05-01
3550,URUGUAY,46747773,2020-05-01
3570,ARGENTINA,294928118,2020-05-01
3720,FALKLAND ISLANDS (ISLAS MALVINAS),153946,2020-05-01
3XXX,SOUTH AMERICA,4034798167,2020-05-01
4000,ICELAND,36242028,2020-05-01
4010,SWEDEN,819013895,2020-05-01
4031,"SVALBARD, JAN MAYEN ISLAND",1036,2020-05-01
4039,NORWAY,326100542,2020-05-01
4050,FINLAND,361503129,2020-05-01
4190,IRELAND,5164953242,2020-05-01
4091,FAROE ISLANDS,11421531,2020-05-01
4099,DENMARK,884683501,2020-05-01
4120,UNITED KINGDOM,3226982324,2020-05-01
4210,NETHERLANDS,1801071531,2020-05-01
4231,BELGIUM,1569735529,2020-05-01
4239,LUXEMBOURG,31377966,2020-05-01
4271,ANDORRA,1735443,2020-05-01
4272,MONACO,1194323,2020-05-01
4279,FRANCE,2507483689,2020-05-01
4280,GERMANY,7283364455,2020-05-01
4330,AUSTRIA,699586571,2020-05-01
4351,CZECH REPUBLIC,393269269,2020-05-01
4359,SLOVAKIA,159860700,2020-05-01
4370,HUNGARY,288356432,2020-05-01
4411,LIECHTENSTEIN,12889342,2020-05-01
4419,SWITZERLAND,11976067084,2020-05-01
4470,ESTONIA,61952734,2020-05-01
4490,LATVIA,36984869,2020-05-01
4510,LITHUANIA,66641493,2020-05-01
4550,POLAND,581596879,2020-05-01
4621,RUSSIA,1003360658,2020-05-01
4622,BELARUS,13373052,2020-05-01
4623,UKRAINE,101346768,2020-05-01
4631,ARMENIA,5810629,2020-05-01
4632,AZERBAIJAN,10166075,2020-05-01
4633,GEORGIA,24465668,2020-05-01
4634,KAZAKHSTAN,24209273,2020-05-01
4643,TURKMENISTAN,11246278,2020-05-01
4635,KYRGYZSTAN,548730,2020-05-01
4641,MOLDOVA,3614089,2020-05-01
4642,TAJIKISTAN,10809,2020-05-01
4644,UZBEKISTAN,841597,2020-05-01
4700,SPAIN,1026465072,2020-05-01
4710,PORTUGAL,227446857,2020-05-01
4720,GIBRALTAR,843134,2020-05-01
4730,MALTA,7589497,2020-05-01
4751,SAN MARINO,479404,2020-05-01
4752,VATICAN CITY,6576,2020-05-01
4759,ITALY,2715294803,2020-05-01
4791,CROATIA,40180248,2020-05-01
4792,SLOVENIA,162458835,2020-05-01
4793,BOSNIA AND HERZEGOVINA,5480923,2020-05-01
4794,MACEDONIA,3619483,2020-05-01
4801,SERBIA,27262568,2020-05-01
4803,KOSOVO,177857,2020-05-01
4804,MONTENEGRO,111078,2020-05-01
4810,ALBANIA,3929167,2020-05-01
4840,GREECE,91868385,2020-05-01
4850,ROMANIA,156010560,2020-05-01
4870,BULGARIA,58470701,2020-05-01
4890,TURKEY,1047917686,2020-05-01
4910,CYPRUS,2147199,2020-05-01
4XXX,EUROPE,45080823196,2020-05-01
5020,SYRIA,527733,2020-05-01
5040,LEBANON,6700582,2020-05-01
5050,IRAQ,443088701,2020-05-01
5070,IRAN,0,2020-05-01
5081,ISRAEL,1015606997,2020-05-01
5130,KUWAIT,16800091,2020-05-01
5082,GAZA STRIP ADMINISTERED BY ISRAEL,14078,2020-05-01
5083,WEST BANK ADMINISTERED BY ISRAEL,267158,2020-05-01
5110,JORDAN,79854504,2020-05-01
5170,SAUDI ARABIA,921592915,2020-05-01
5180,QATAR,104459417,2020-05-01
5200,UNITED ARAB EMIRATES,177628204,2020-05-01
5210,YEMEN,1643,2020-05-01
5230,OMAN,57070461,2020-05-01
5250,BAHRAIN,73492902,2020-05-01
5310,AFGHANISTAN,590472,2020-05-01
5330,INDIA,2120133814,2020-05-01
5350,PAKISTAN,171872115,2020-05-01
5360,NEPAL,1298142,2020-05-01
5380,BANGLADESH,217966711,2020-05-01
5420,SRI LANKA,68753309,2020-05-01
5460,BURMA,76013834,2020-05-01
5490,THAILAND,2824091070,2020-05-01
5520,VIETNAM,4848335339,2020-05-01
5530,LAOS,4110911,2020-05-01
5550,CAMBODIA,334421914,2020-05-01
5570,MALAYSIA,2874270170,2020-05-01
5590,SINGAPORE,3384687032,2020-05-01
5600,INDONESIA,1474582762,2020-05-01
5601,TIMOR-LESTE,382,2020-05-01
5610,BRUNEI,19293481,2020-05-01
5650,PHILIPPINES,598774688,2020-05-01
5660,MACAU,5959781,2020-05-01
5682,BHUTAN,25270,2020-05-01
5683,MALDIVES,985649,2020-05-01
5820,HONG KONG,2009871669,2020-05-01
5700,CHINA,36318738261,2020-05-01
5740,MONGOLIA,407967,2020-05-01
5800,"KOREA, SOUTH",5496584226,2020-05-01
5830,TAIWAN,4855181289,2020-05-01
5880,JAPAN,7383247510,2020-05-01
5XXX,ASIA,77987303154,2020-05-01
6021,AUSTRALIA,1574511027,2020-05-01
6022,NORFOLK ISLAND,1,2020-05-01
6023,COCOS (KEELING) ISLANDS,194944,2020-05-01
6024,CHRISTMAS ISLAND,5327,2020-05-01
6029,HEARD AND MCDONALD ISLANDS,0,2020-05-01
6040,PAPUA NEW GUINEA,2912415,2020-05-01
6141,NEW ZEALAND,334967240,2020-05-01
6142,COOK ISLANDS,5904,2020-05-01
6143,TOKELAU,188040,2020-05-01
6144,NIUE,20311,2020-05-01
6150,SAMOA,297295,2020-05-01
6223,SOLOMON ISLANDS,120494,2020-05-01
6224,VANUATU,224550,2020-05-01
6225,PITCAIRN ISLANDS,900,2020-05-01
6226,KIRIBATI,115590,2020-05-01
6227,TUVALU,5261,2020-05-01
6412,NEW CALEDONIA,1234134,2020-05-01
6413,WALLIS AND FUTUNA,3024,2020-05-01
6414,FRENCH POLYNESIA,949348,2020-05-01
6810,MARSHALL ISLANDS,369134,2020-05-01
6820,MICRONESIA,98898,2020-05-01
6830,PALAU,365,2020-05-01
6862,NAURU,613347,2020-05-01
6863,FIJI,15077690,2020-05-01
6864,TONGA,145848,2020-05-01
6XXX,AUSTRALIA AND OCEANIA,1932061087,2020-05-01
7140,MOROCCO,122089249,2020-05-01
7290,EGYPT,131036511,2020-05-01
7210,ALGERIA,20518609,2020-05-01
7230,TUNISIA,44436594,2020-05-01
7250,LIBYA,0,2020-05-01
7321,SUDAN,1341578,2020-05-01
7323,SOUTH SUDAN,0,2020-05-01
7370,WESTERN SAHARA,0,2020-05-01
7380,EQUATORIAL GUINEA,11843173,2020-05-01
7410,MAURITANIA,547612,2020-05-01
7420,CAMEROON,42433896,2020-05-01
7440,SENEGAL,5534046,2020-05-01
7450,MALI,20780,2020-05-01
7460,GUINEA,356840,2020-05-01
7470,SIERRA LEONE,299580,2020-05-01
7480,COTE D'IVOIRE,63125413,2020-05-01
7490,GHANA,71528334,2020-05-01
7500,GAMBIA,1946,2020-05-01
7510,NIGER,9255656,2020-05-01
7520,TOGO,1178463,2020-05-01
7530,NIGERIA,92018819,2020-05-01
7540,CENTRAL AFRICAN REPUBLIC,37102,2020-05-01
7550,GABON,8933927,2020-05-01
7560,CHAD,315070,2020-05-01
7580,ST HELENA,293711,2020-05-01
7600,BURKINA FASO,565585,2020-05-01
7610,BENIN,619723,2020-05-01
7620,ANGOLA,61891311,2020-05-01
7630,CONGO,2748004,2020-05-01
7642,GUINEA-BISSAU,57,2020-05-01
7643,CABO VERDE,1228856,2020-05-01
7644,SAO TOME AND PRINCIPE,84962,2020-05-01
7650,LIBERIA,4778453,2020-05-01
7660,DEMOCRATIC REPUBLIC OF THE CONGO,2024440,2020-05-01
7670,BURUNDI,42152,2020-05-01
7690,RWANDA,1332776,2020-05-01
7770,DJIBOUTI,396344,2020-05-01
7700,SOMALIA,13330,2020-05-01
7741,ERITREA,678,2020-05-01
7749,ETHIOPIA,40458468,2020-05-01
7780,UGANDA,8362773,2020-05-01
7790,KENYA,36285921,2020-05-01
7800,SEYCHELLES,294573,2020-05-01
7810,BRITISH INDIAN OCEAN TERRITORIES,6465,2020-05-01
7830,TANZANIA,6174785,2020-05-01
7850,MAURITIUS,7876716,2020-05-01
7870,MOZAMBIQUE,1269606,2020-05-01
7880,MADAGASCAR,44082443,2020-05-01
7881,MAYOTTE,2,2020-05-01
7890,COMOROS,1724578,2020-05-01
7904,REUNION,449928,2020-05-01
7905,FRENCH SOUTHERN AND ANTARCTIC LANDS,0,2020-05-01
7910,SOUTH AFRICA,1176461176,2020-05-01
7920,NAMIBIA,2794861,2020-05-01
7930,BOTSWANA,2120099,2020-05-01
7940,ZAMBIA,773869,2020-05-01
7950,ESWATINI,53717,2020-05-01
7960,ZIMBABWE,945655,2020-05-01
7970,MALAWI,2163852,2020-05-01
7990,LESOTHO,7861148,2020-05-01
7XXX,AFRICA,2043034215,2020-05-01
-,TOTAL FOR ALL COUNTRIES,179138115171,2020-06-01
0003,EUROPEAN UNION,30290104129,2020-06-01
0014,PACIFIC RIM COUNTRIES,64484139414,2020-06-01
0017,CAFTA-DR,1790972847,2020-06-01
0020,USMCA (NAFTA),45987257761,2020-06-01
0021,TWENTY LATIN AMERICAN REPUBLICS,32271874115,2020-06-01
0022,OECD,103545462605,2020-06-01
0023,NATO,48024948625,2020-06-01
0024,LAFTA,30370399388,2020-06-01
0025,EURO AREA,26457320809,2020-06-01
0026,APEC,121377450312,2020-06-01
0027,ASEAN,17197412400,2020-06-01
0028,CACM,1361837265,2020-06-01
1010,GREENLAND,1995649,2020-06-01
1220,CANADA,20315178877,2020-06-01
1610,ST PIERRE AND MIQUELON,0,2020-06-01
1XXX,NORTH AMERICA,45989253410,2020-06-01
2010,MEXICO,25672078884,2020-06-01
2050,GUATEMALA,315708235,2020-06-01
2080,BELIZE,3194419,2020-06-01
2110,EL SALVADOR,77922590,2020-06-01
2150,HONDURAS,257961193,2020-06-01
2190,NICARAGUA,262721607,2020-06-01
2230,COSTA RICA,447523640,2020-06-01
2250,PANAMA,42849654,2020-06-01
2320,BERMUDA,13973282,2020-06-01
2360,BAHAMAS,15947452,2020-06-01
2390,CUBA,10050000,2020-06-01
2410,JAMAICA,43211283,2020-06-01
2430,TURKS AND CAICOS ISLANDS,251240,2020-06-01
2440,CAYMAN ISLANDS,1923708,2020-06-01
2450,HAITI,57602226,2020-06-01
2470,DOMINICAN REPUBLIC,429135582,2020-06-01
2481,ANGUILLA,34831,2020-06-01
2482,BRITISH VIRGIN ISLANDS,667784,2020-06-01
2483,ST KITTS AND NEVIS,4374904,2020-06-01
2484,ANTIGUA AND BARBUDA,88748,2020-06-01
2485,MONTSERRAT,57045,2020-06-01
2486,DOMINICA,246828,2020-06-01
2720,BARBADOS,4356324,2020-06-01
2487,ST LUCIA,793194,2020-06-01
2488,ST VINCENT AND THE GRENADINES,573215,2020-06-01
2489,GRENADA,1214411,2020-06-01
2740,TRINIDAD AND TOBAGO,152846787,2020-06-01
2774,SINT MAARTEN,1142713,2020-06-01
2777,CURACAO,1546672,2020-06-01
2779,ARUBA,19714409,2020-06-01
2831,GUADELOUPE,217121,2020-06-01
2839,MARTINIQUE,5065,2020-06-01
2XXX,CENTRAL AMERICA,2167856162,2020-06-01
3010,COLOMBIA,828673846,2020-06-01
3070,VENEZUELA,27854722,2020-06-01
3120,GUYANA,9255470,2020-06-01
3150,SURINAME,28424244,2020-06-01
3170,FRENCH GUIANA,116783,2020-06-01
3310,ECUADOR,368802694,2020-06-01
3330,PERU,296922344,2020-06-01
3350,BOLIVIA,21338522,2020-06-01
3370,CHILE,783674714,2020-06-01
3510,BRAZIL,1909114068,2020-06-01
3530,PARAGUAY,12213960,2020-06-01
3550,URUGUAY,54285715,2020-06-01
3570,ARGENTINA,395439919,2020-06-01
3720,FALKLAND ISLANDS (ISLAS MALVINAS),1566,2020-06-01
3XXX,SOUTH AMERICA,4736118567,2020-06-01
4000,ICELAND,31419347,2020-06-01
4010,SWEDEN,957736127,2020-06-01
4031,"SVALBARD, JAN MAYEN ISLAND",265,2020-06-01
4039,NORWAY,398399716,2020-06-01
4120,UNITED KINGDOM,3304835278,2020-06-01
4050,FINLAND,360701932,2020-06-01
4091,FAROE ISLANDS,11426224,2020-06-01
4099,DENMARK,961779936,2020-06-01
4190,IRELAND,4867574887,2020-06-01
4210,NETHERLANDS,1973807153,2020-06-01
4231,BELGIUM,1774030053,2020-06-01
4239,LUXEMBOURG,35678076,2020-06-01
4271,ANDORRA,45980,2020-06-01
4272,MONACO,1102249,2020-06-01
4279,FRANCE,3034006652,2020-06-01
4280,GERMANY,7707859076,2020-06-01
4330,AUSTRIA,796437718,2020-06-01
4351,CZECH REPUBLIC,427534090,2020-06-01
4359,SLOVAKIA,258958933,2020-06-01
4370,HUNGARY,298630744,2020-06-01
4411,LIECHTENSTEIN,18576463,2020-06-01
4419,SWITZERLAND,7570880185,2020-06-01
4470,ESTONIA,75620569,2020-06-01
4490,LATVIA,26493504,2020-06-01
4510,LITHUANIA,71686811,2020-06-01
4550,POLAND,903317553,2020-06-01
4621,RUSSIA,1054524513,2020-06-01
4622,BELARUS,20901320,2020-06-01
4623,UKRAINE,100904860,2020-06-01
4631,ARMENIA,5091802,2020-06-01
4632,AZERBAIJAN,1255491,2020-06-01
4633,GEORGIA,3881017,2020-06-01
4642,TAJIKISTAN,3041,2020-06-01
4634,KAZAKHSTAN,76493782,2020-06-01
4635,KYRGYZSTAN,1409859,2020-06-01
4641,MOLDOVA,3726017,2020-06-01
4643,TURKMENISTAN,15249,2020-06-01
4644,UZBEKISTAN,10416464,2020-06-01
4700,SPAIN,1244209322,2020-06-01
4710,PORTUGAL,224225942,2020-06-01
4720,GIBRALTAR,3356360,2020-06-01
4730,MALTA,17216444,2020-06-01
4751,SAN MARINO,702160,2020-06-01
4752,VATICAN CITY,101469,2020-06-01
4759,ITALY,3760379048,2020-06-01
4791,CROATIA,39430725,2020-06-01
4792,SLOVENIA,119772631,2020-06-01
4793,BOSNIA AND HERZEGOVINA,6945137,2020-06-01
4794,MACEDONIA,6064196,2020-06-01
4801,SERBIA,32718491,2020-06-01
4803,KOSOVO,150050,2020-06-01
4804,MONTENEGRO,92493,2020-06-01
4810,ALBANIA,3942424,2020-06-01
4840,GREECE,99698041,2020-06-01
4850,ROMANIA,188390234,2020-06-01
4870,BULGARIA,55963911,2020-06-01
4890,TURKEY,733073128,2020-06-01
4910,CYPRUS,8964017,2020-06-01
4XXX,EUROPE,43692559159,2020-06-01
5020,SYRIA,389032,2020-06-01
5040,LEBANON,14639998,2020-06-01
5050,IRAQ,91151743,2020-06-01
5070,IRAN,72794,2020-06-01
5110,JORDAN,92889473,2020-06-01
5081,ISRAEL,1157244146,2020-06-01
5082,GAZA STRIP ADMINISTERED BY ISRAEL,11606,2020-06-01
5083,WEST BANK ADMINISTERED BY ISRAEL,745861,2020-06-01
5130,KUWAIT,23340968,2020-06-01
5170,SAUDI ARABIA,1435278509,2020-06-01
5180,QATAR,49133993,2020-06-01
5200,UNITED ARAB EMIRATES,259053857,2020-06-01
5210,YEMEN,191806,2020-06-01
5230,OMAN,57289115,2020-06-01
5250,BAHRAIN,42591388,2020-06-01
5310,AFGHANISTAN,1425891,2020-06-01
5330,INDIA,3239454863,2020-06-01
5350,PAKISTAN,247264630,2020-06-01
5360,NEPAL,4514807,2020-06-01
5380,BANGLADESH,264808882,2020-06-01
5420,SRI LANKA,177578947,2020-06-01
5460,BURMA,54782819,2020-06-01
5490,THAILAND,2908426261,2020-06-01
5520,VIETNAM,5868799335,2020-06-01
5530,LAOS,7313667,2020-06-01
5550,CAMBODIA,392030585,2020-06-01
5570,MALAYSIA,3402537723,2020-06-01
5590,SINGAPORE,2368359865,2020-06-01
5600,INDONESIA,1466062160,2020-06-01
5601,TIMOR-LESTE,80118,2020-06-01
5610,BRUNEI,3199628,2020-06-01
5650,PHILIPPINES,725900357,2020-06-01
5660,MACAU,6294030,2020-06-01
5740,MONGOLIA,635912,2020-06-01
5682,BHUTAN,24995,2020-06-01
5683,MALDIVES,634760,2020-06-01
5700,CHINA,37286885658,2020-06-01
5800,"KOREA, SOUTH",5866633574,2020-06-01
5820,HONG KONG,722866967,2020-06-01
5830,TAIWAN,4802509005,2020-06-01
5880,JAPAN,6641328361,2020-06-01
5XXX,ASIA,79684378089,2020-06-01
6021,AUSTRALIA,831344805,2020-06-01
6022,NORFOLK ISLAND,0,2020-06-01
6023,COCOS (KEELING) ISLANDS,80519,2020-06-01
6024,CHRISTMAS ISLAND,6328,2020-06-01
6029,HEARD AND MCDONALD ISLANDS,0,2020-06-01
6040,PAPUA NEW GUINEA,2804174,2020-06-01
6141,NEW ZEALAND,357413107,2020-06-01
6142,COOK ISLANDS,7805,2020-06-01
6143,TOKELAU,139332,2020-06-01
6144,NIUE,344914,2020-06-01
6150,SAMOA,397220,2020-06-01
6223,SOLOMON ISLANDS,306418,2020-06-01
6224,VANUATU,562950,2020-06-01
6225,PITCAIRN ISLANDS,698,2020-06-01
6226,KIRIBATI,3857,2020-06-01
6227,TUVALU,19112,2020-06-01
6412,NEW CALEDONIA,2870102,2020-06-01
6413,WALLIS AND FUTUNA,1657,2020-06-01
6414,FRENCH POLYNESIA,684323,2020-06-01
6810,MARSHALL ISLANDS,652605,2020-06-01
6820,MICRONESIA,65545,2020-06-01
6830,PALAU,48005,2020-06-01
6862,NAURU,199043,2020-06-01
6863,FIJI,17250210,2020-06-01
6864,TONGA,231348,2020-06-01
7230,TUNISIA,59336183,2020-06-01
6XXX,AUSTRALIA AND OCEANIA,1215434077,2020-06-01
7140,MOROCCO,60735611,2020-06-01
7210,ALGERIA,13316558,2020-06-01
7250,LIBYA,25004,2020-06-01
7290,EGYPT,140916590,2020-06-01
7321,SUDAN,23429695,2020-06-01
7323,SOUTH SUDAN,0,2020-06-01
7370,WESTERN SAHARA,0,2020-06-01
7380,EQUATORIAL GUINEA,6816863,2020-06-01
7410,MAURITANIA,259179,2020-06-01
7420,CAMEROON,6425377,2020-06-01
7440,SENEGAL,7287289,2020-06-01
7450,MALI,79214,2020-06-01
7460,GUINEA,281375,2020-06-01
7470,SIERRA LEONE,3218610,2020-06-01
7480,COTE D'IVOIRE,55990073,2020-06-01
7490,GHANA,45488654,2020-06-01
7500,GAMBIA,54,2020-06-01
7510,NIGER,4169369,2020-06-01
7520,TOGO,1397101,2020-06-01
7530,NIGERIA,130995461,2020-06-01
7540,CENTRAL AFRICAN REPUBLIC,191403,2020-06-01
7550,GABON,1119828,2020-06-01
7560,CHAD,329023,2020-06-01
7580,ST HELENA,50071,2020-06-01
7600,BURKINA FASO,103817,2020-06-01
7610,BENIN,500650,2020-06-01
7620,ANGOLA,66432688,2020-06-01
7630,CONGO,1770405,2020-06-01
7642,GUINEA-BISSAU,4557,2020-06-01
7643,CABO VERDE,77468,2020-06-01
7644,SAO TOME AND PRINCIPE,13277,2020-06-01
7650,LIBERIA,542242,2020-06-01
7700,SOMALIA,7880,2020-06-01
7660,DEMOCRATIC REPUBLIC OF THE CONGO,3361138,2020-06-01
7670,BURUNDI,67829,2020-06-01
7690,RWANDA,1539094,2020-06-01
7741,ERITREA,915,2020-06-01
7749,ETHIOPIA,49857730,2020-06-01
7770,DJIBOUTI,2304809,2020-06-01
7780,UGANDA,10527587,2020-06-01
7790,KENYA,37561669,2020-06-01
7800,SEYCHELLES,338221,2020-06-01
7810,BRITISH INDIAN OCEAN TERRITORIES,75431,2020-06-01
7830,TANZANIA,6075965,2020-06-01
7850,MAURITIUS,14598959,2020-06-01
7870,MOZAMBIQUE,6626827,2020-06-01
7880,MADAGASCAR,56884523,2020-06-01
7881,MAYOTTE,57151,2020-06-01
7890,COMOROS,1910,2020-06-01
7904,REUNION,686575,2020-06-01
7905,FRENCH SOUTHERN AND ANTARCTIC LANDS,3000,2020-06-01
7910,SOUTH AFRICA,792124885,2020-06-01
7920,NAMIBIA,4409465,2020-06-01
7930,BOTSWANA,8704232,2020-06-01
7940,ZAMBIA,880513,2020-06-01
7950,ESWATINI,167014,2020-06-01
7960,ZIMBABWE,5383249,2020-06-01
7970,MALAWI,1876858,2020-06-01
7990,LESOTHO,17088589,2020-06-01
7XXX,AFRICA,1652515707,2020-06-01
-,TOTAL FOR ALL COUNTRIES,199927697812,2020-07-01
0003,EUROPEAN UNION,33967936550,2020-07-01
0014,PACIFIC RIM COUNTRIES,71646660809,2020-07-01
0017,CAFTA-DR,2055726796,2020-07-01
0020,USMCA (NAFTA),51207934818,2020-07-01
0021,TWENTY LATIN AMERICAN REPUBLICS,35911020133,2020-07-01
0022,OECD,115734358945,2020-07-01
0023,NATO,53485958196,2020-07-01
0024,LAFTA,33747852150,2020-07-01
0025,EURO AREA,29936404321,2020-07-01
0026,APEC,135768218254,2020-07-01
0027,ASEAN,20455387080,2020-07-01
0028,CACM,1584315030,2020-07-01
1010,GREENLAND,3790759,2020-07-01
1220,CANADA,22329745268,2020-07-01
1610,ST PIERRE AND MIQUELON,31971,2020-07-01
1XXX,NORTH AMERICA,51211757548,2020-07-01
2010,MEXICO,28878189550,2020-07-01
2050,GUATEMALA,334707625,2020-07-01
2080,BELIZE,13878475,2020-07-01
2110,EL SALVADOR,182701327,2020-07-01
2150,HONDURAS,328632829,2020-07-01
2190,NICARAGUA,306472486,2020-07-01
2230,COSTA RICA,431800763,2020-07-01
2250,PANAMA,27155617,2020-07-01
2320,BERMUDA,460461,2020-07-01
2360,BAHAMAS,13702078,2020-07-01
2390,CUBA,0,2020-07-01
2410,JAMAICA,32323679,2020-07-01
2430,TURKS AND CAICOS ISLANDS,338695,2020-07-01
2440,CAYMAN ISLANDS,1863193,2020-07-01
2450,HAITI,80285570,2020-07-01
2470,DOMINICAN REPUBLIC,471411766,2020-07-01
2481,ANGUILLA,131157,2020-07-01
2482,BRITISH VIRGIN ISLANDS,289712,2020-07-01
2483,ST KITTS AND NEVIS,3332899,2020-07-01
2484,ANTIGUA AND BARBUDA,554289,2020-07-01
2485,MONTSERRAT,56467,2020-07-01
2486,DOMINICA,161712,2020-07-01
2720,BARBADOS,5030856,2020-07-01
2487,ST LUCIA,1063449,2020-07-01
2488,ST VINCENT AND THE GRENADINES,688877,2020-07-01
2489,GRENADA,805831,2020-07-01
2740,TRINIDAD AND TOBAGO,219242535,2020-07-01
2774,SINT MAARTEN,1702966,2020-07-01
2777,CURACAO,888932,2020-07-01
2779,ARUBA,1039949,2020-07-01
2831,GUADELOUPE,216914,2020-07-01
2839,MARTINIQUE,129352,2020-07-01
2XXX,CENTRAL AMERICA,2461070461,2020-07-01
3010,COLOMBIA,947710242,2020-07-01
3070,VENEZUELA,10532914,2020-07-01
3120,GUYANA,27069660,2020-07-01
3150,SURINAME,5362380,2020-07-01
3170,FRENCH GUIANA,338,2020-07-01
3310,ECUADOR,411332266,2020-07-01
3330,PERU,415122697,2020-07-01
3350,BOLIVIA,26666876,2020-07-01
3370,CHILE,667401840,2020-07-01
3510,BRAZIL,1925266003,2020-07-01
3530,PARAGUAY,11084353,2020-07-01
3550,URUGUAY,65110232,2020-07-01
3570,ARGENTINA,389435177,2020-07-01
3720,FALKLAND ISLANDS (ISLAS MALVINAS),22340,2020-07-01
3XXX,SOUTH AMERICA,4902117318,2020-07-01
4000,ICELAND,36472179,2020-07-01
4010,SWEDEN,1130349082,2020-07-01
4031,"SVALBARD, JAN MAYEN ISLAND",167,2020-07-01
4039,NORWAY,297194467,2020-07-01
4120,UNITED KINGDOM,3915843084,2020-07-01
4050,FINLAND,339522232,2020-07-01
4091,FAROE ISLANDS,8555416,2020-07-01
4099,DENMARK,845827844,2020-07-01
4190,IRELAND,5461532766,2020-07-01
4210,NETHERLANDS,1699704807,2020-07-01
4231,BELGIUM,1582963821,2020-07-01
4239,LUXEMBOURG,31248055,2020-07-01
4271,ANDORRA,157826,2020-07-01
4272,MONACO,1767696,2020-07-01
4279,FRANCE,4755746478,2020-07-01
4280,GERMANY,8665591292,2020-07-01
4330,AUSTRIA,917720827,2020-07-01
4351,CZECH REPUBLIC,473478221,2020-07-01
4359,SLOVAKIA,293617618,2020-07-01
4370,HUNGARY,502869995,2020-07-01
4411,LIECHTENSTEIN,25754910,2020-07-01
4419,SWITZERLAND,7775674449,2020-07-01
4470,ESTONIA,57903396,2020-07-01
4490,LATVIA,68844844,2020-07-01
4510,LITHUANIA,82113325,2020-07-01
4550,POLAND,761947968,2020-07-01
4621,RUSSIA,1262964768,2020-07-01
4622,BELARUS,16423367,2020-07-01
4623,UKRAINE,164418341,2020-07-01
4631,ARMENIA,4410509,2020-07-01
4632,AZERBAIJAN,1612761,2020-07-01
4633,GEORGIA,8613053,2020-07-01
4642,TAJIKISTAN,81901,2020-07-01
4634,KAZAKHSTAN,96337771,2020-07-01
4635,KYRGYZSTAN,466029,2020-07-01
4641,MOLDOVA,7241695,2020-07-01
4643,TURKMENISTAN,330820,2020-07-01
4644,UZBEKISTAN,1088043,2020-07-01
4700,SPAIN,1415222225,2020-07-01
4710,PORTUGAL,304504498,2020-07-01
4720,GIBRALTAR,75634,2020-07-01
4730,MALTA,6792097,2020-07-01
4751,SAN MARINO,1013283,2020-07-01
4752,VATICAN CITY,227094,2020-07-01
4759,ITALY,4083297602,2020-07-01
4791,CROATIA,72232107,2020-07-01
4792,SLOVENIA,66589953,2020-07-01
4793,BOSNIA AND HERZEGOVINA,8564278,2020-07-01
4794,MACEDONIA,4853024,2020-07-01
4801,SERBIA,34385067,2020-07-01
4803,KOSOVO,401827,2020-07-01
4804,MONTENEGRO,740874,2020-07-01
4810,ALBANIA,3974596,2020-07-01
4840,GREECE,97853326,2020-07-01
4850,ROMANIA,172617931,2020-07-01
4870,BULGARIA,72209081,2020-07-01
4890,TURKEY,872550918,2020-07-01
4910,CYPRUS,5635159,2020-07-01
4XXX,EUROPE,48520132397,2020-07-01
5020,SYRIA,474742,2020-07-01
5040,LEBANON,18783976,2020-07-01
5050,IRAQ,139682643,2020-07-01
5070,IRAN,214159,2020-07-01
5110,JORDAN,158605985,2020-07-01
5081,ISRAEL,1215940876,2020-07-01
5082,GAZA STRIP ADMINISTERED BY ISRAEL,0,2020-07-01
5083,WEST BANK ADMINISTERED BY ISRAEL,117056,2020-07-01
5130,KUWAIT,146500868,2020-07-01
5170,SAUDI ARABIA,686994064,2020-07-01
5180,QATAR,22951363,2020-07-01
5200,UNITED ARAB EMIRATES,293848350,2020-07-01
5210,YEMEN,592543,2020-07-01
5230,OMAN,54816921,2020-07-01
5250,BAHRAIN,44173391,2020-07-01
5310,AFGHANISTAN,814840,2020-07-01
5330,INDIA,4091663658,2020-07-01
5350,PAKISTAN,297745733,2020-07-01
5360,NEPAL,5017753,2020-07-01
5380,BANGLADESH,482194618,2020-07-01
5420,SRI LANKA,188657995,2020-07-01
5460,BURMA,80284568,2020-07-01
5490,THAILAND,3052045707,2020-07-01
5520,VIETNAM,7524736460,2020-07-01
5530,LAOS,5192245,2020-07-01
5550,CAMBODIA,642162010,2020-07-01
5570,MALAYSIA,3394396288,2020-07-01
5590,SINGAPORE,3337215458,2020-07-01
5600,INDONESIA,1417933597,2020-07-01
5601,TIMOR-LESTE,111052,2020-07-01
5610,BRUNEI,2524219,2020-07-01
5650,PHILIPPINES,998896528,2020-07-01
5660,MACAU,8648845,2020-07-01
5740,MONGOLIA,1672869,2020-07-01
5682,BHUTAN,6488,2020-07-01
5683,MALDIVES,839545,2020-07-01
5700,CHINA,40469812982,2020-07-01
5800,"KOREA, SOUTH",5879080248,2020-07-01
5820,HONG KONG,436809238,2020-07-01
5830,TAIWAN,5310676140,2020-07-01
5880,JAPAN,8271013302,2020-07-01
5XXX,ASIA,88683849323,2020-07-01
6021,AUSTRALIA,1658073589,2020-07-01
6022,NORFOLK ISLAND,5096,2020-07-01
6023,COCOS (KEELING) ISLANDS,47537,2020-07-01
6024,CHRISTMAS ISLAND,45528,2020-07-01
6029,HEARD AND MCDONALD ISLANDS,0,2020-07-01
6040,PAPUA NEW GUINEA,11893206,2020-07-01
6141,NEW ZEALAND,449687169,2020-07-01
6142,COOK ISLANDS,136943,2020-07-01
6143,TOKELAU,147047,2020-07-01
6144,NIUE,42927,2020-07-01
6150,SAMOA,441171,2020-07-01
6223,SOLOMON ISLANDS,768641,2020-07-01
6224,VANUATU,633947,2020-07-01
6225,PITCAIRN ISLANDS,65,2020-07-01
6226,KIRIBATI,3674,2020-07-01
6227,TUVALU,542,2020-07-01
6412,NEW CALEDONIA,2208024,2020-07-01
6413,WALLIS AND FUTUNA,510,2020-07-01
6414,FRENCH POLYNESIA,1604790,2020-07-01
6810,MARSHALL ISLANDS,693178,2020-07-01
6820,MICRONESIA,39130,2020-07-01
6830,PALAU,34252,2020-07-01
6862,NAURU,412991,2020-07-01
6863,FIJI,19490503,2020-07-01
6864,TONGA,482055,2020-07-01
7230,TUNISIA,54124585,2020-07-01
6XXX,AUSTRALIA AND OCEANIA,2146892515,2020-07-01
7140,MOROCCO,80964965,2020-07-01
7210,ALGERIA,27512319,2020-07-01
7250,LIBYA,64398,2020-07-01
7290,EGYPT,223017251,2020-07-01
7321,SUDAN,6935,2020-07-01
7323,SOUTH SUDAN,87353,2020-07-01
7370,WESTERN SAHARA,0,2020-07-01
7380,EQUATORIAL GUINEA,14415444,2020-07-01
7410,MAURITANIA,925082,2020-07-01
7420,CAMEROON,19642411,2020-07-01
7440,SENEGAL,7746181,2020-07-01
7450,MALI,599592,2020-07-01
7460,GUINEA,534018,2020-07-01
7470,SIERRA LEONE,763873,2020-07-01
7480,COTE D'IVOIRE,52049689,2020-07-01
7490,GHANA,43312003,2020-07-01
7500,GAMBIA,75075,2020-07-01
7510,NIGER,5845095,2020-07-01
7520,TOGO,1659799,2020-07-01
7530,NIGERIA,58498179,2020-07-01
7540,CENTRAL AFRICAN REPUBLIC,39999,2020-07-01
7550,GABON,529139,2020-07-01
7560,CHAD,60912,2020-07-01
7580,ST HELENA,25434,2020-07-01
7600,BURKINA FASO,315180,2020-07-01
7610,BENIN,400423,2020-07-01
7620,ANGOLA,10259578,2020-07-01
7630,CONGO,739423,2020-07-01
7642,GUINEA-BISSAU,106,2020-07-01
7643,CABO VERDE,463297,2020-07-01
7644,SAO TOME AND PRINCIPE,104730,2020-07-01
7650,LIBERIA,2641116,2020-07-01
7700,SOMALIA,5283,2020-07-01
7660,DEMOCRATIC REPUBLIC OF THE CONGO,1800736,2020-07-01
7670,BURUNDI,480,2020-07-01
7690,RWANDA,339254,2020-07-01
7741,ERITREA,36621,2020-07-01
7749,ETHIOPIA,56946738,2020-07-01
7770,DJIBOUTI,1597229,2020-07-01
7780,UGANDA,6219520,2020-07-01
7790,KENYA,41150839,2020-07-01
7800,SEYCHELLES,128067,2020-07-01
7810,BRITISH INDIAN OCEAN TERRITORIES,452,2020-07-01
7830,TANZANIA,5872940,2020-07-01
7850,MAURITIUS,11615534,2020-07-01
7870,MOZAMBIQUE,2876814,2020-07-01
7880,MADAGASCAR,55204173,2020-07-01
7881,MAYOTTE,27385,2020-07-01
7890,COMOROS,707930,2020-07-01
7904,REUNION,880726,2020-07-01
7905,FRENCH SOUTHERN AND ANTARCTIC LANDS,62410,2020-07-01
7910,SOUTH AFRICA,1170163196,2020-07-01
7920,NAMIBIA,3100969,2020-07-01
7930,BOTSWANA,6993458,2020-07-01
7940,ZAMBIA,2533984,2020-07-01
7950,ESWATINI,164702,2020-07-01
7960,ZIMBABWE,1553708,2020-07-01
7970,MALAWI,2479537,2020-07-01
7990,LESOTHO,21991981,2020-07-01
7XXX,AFRICA,2001878250,2020-07-01
-,TOTAL FOR ALL COUNTRIES,203112048656,2020-08-01
0003,EUROPEAN UNION,34380732411,2020-08-01
0014,PACIFIC RIM COUNTRIES,71909055504,2020-08-01
0017,CAFTA-DR,2079487859,2020-08-01
0020,USMCA (NAFTA),53304554575,2020-08-01
0021,TWENTY LATIN AMERICAN REPUBLICS,36825663286,2020-08-01
0022,OECD,117986106323,2020-08-01
0023,NATO,55887975935,2020-08-01
0024,LAFTA,34636544862,2020-08-01
0025,EURO AREA,30707647676,2020-08-01
0026,APEC,139426872568,2020-08-01
0027,ASEAN,21004276294,2020-08-01
0028,CACM,1629250084,2020-08-01
1010,GREENLAND,2665739,2020-08-01
1220,CANADA,23748921934,2020-08-01
1610,ST PIERRE AND MIQUELON,10757,2020-08-01
1XXX,NORTH AMERICA,53307231071,2020-08-01
2010,MEXICO,29555632641,2020-08-01
2050,GUATEMALA,303740401,2020-08-01
2080,BELIZE,6754300,2020-08-01
2110,EL SALVADOR,183317955,2020-08-01
2150,HONDURAS,370698947,2020-08-01
2190,NICARAGUA,327282279,2020-08-01
2230,COSTA RICA,444210502,2020-08-01
2250,PANAMA,34144671,2020-08-01
2320,BERMUDA,626290,2020-08-01
2360,BAHAMAS,25044783,2020-08-01
2390,CUBA,529850,2020-08-01
2410,JAMAICA,32440600,2020-08-01
2430,TURKS AND CAICOS ISLANDS,398487,2020-08-01
2440,CAYMAN ISLANDS,1697455,2020-08-01
2450,HAITI,74956044,2020-08-01
2470,DOMINICAN REPUBLIC,450237775,2020-08-01
2481,ANGUILLA,34258,2020-08-01
2482,BRITISH VIRGIN ISLANDS,226891,2020-08-01
2483,ST KITTS AND NEVIS,3826923,2020-08-01
2484,ANTIGUA AND BARBUDA,220771,2020-08-01
2485,MONTSERRAT,39680,2020-08-01
2486,DOMINICA,86981,2020-08-01
2720,BARBADOS,5311140,2020-08-01
2487,ST LUCIA,628821,2020-08-01
2488,ST VINCENT AND THE GRENADINES,632541,2020-08-01
2489,GRENADA,1107942,2020-08-01
2740,TRINIDAD AND TOBAGO,213513779,2020-08-01
2774,SINT MAARTEN,3470282,2020-08-01
2777,CURACAO,3832847,2020-08-01
2779,ARUBA,1971510,2020-08-01
2831,GUADELOUPE,101401,2020-08-01
2839,MARTINIQUE,42398,2020-08-01
2XXX,CENTRAL AMERICA,2491128504,2020-08-01
3010,COLOMBIA,794807480,2020-08-01
3070,VENEZUELA,11747034,2020-08-01
3120,GUYANA,108245819,2020-08-01
3150,SURINAME,4042886,2020-08-01
3170,FRENCH GUIANA,2874,2020-08-01
3310,ECUADOR,633262655,2020-08-01
3330,PERU,469065039,2020-08-01
3350,BOLIVIA,26800818,2020-08-01
3370,CHILE,850724895,2020-08-01
3510,BRAZIL,1701749011,2020-08-01
3530,PARAGUAY,11176206,2020-08-01
3550,URUGUAY,59950283,2020-08-01
3570,ARGENTINA,521628800,2020-08-01
3720,FALKLAND ISLANDS (ISLAS MALVINAS),4384,2020-08-01
3XXX,SOUTH AMERICA,5193208184,2020-08-01
4000,ICELAND,27977148,2020-08-01
4010,SWEDEN,834516105,2020-08-01
4031,"SVALBARD, JAN MAYEN ISLAND",0,2020-08-01
4039,NORWAY,260343305,2020-08-01
4120,UNITED KINGDOM,3790513823,2020-08-01
4050,FINLAND,368912822,2020-08-01
4091,FAROE ISLANDS,8324140,2020-08-01
4099,DENMARK,916697988,2020-08-01
4190,IRELAND,4864066780,2020-08-01
4210,NETHERLANDS,2361683958,2020-08-01
4231,BELGIUM,1533081735,2020-08-01
4239,LUXEMBOURG,63942474,2020-08-01
4271,ANDORRA,255231,2020-08-01
4272,MONACO,1470079,2020-08-01
4279,FRANCE,3818286788,2020-08-01
4280,GERMANY,9884743569,2020-08-01
4330,AUSTRIA,1084995856,2020-08-01
4351,CZECH REPUBLIC,425445185,2020-08-01
4359,SLOVAKIA,373710030,2020-08-01
4370,HUNGARY,466979509,2020-08-01
4411,LIECHTENSTEIN,26074574,2020-08-01
4419,SWITZERLAND,6404352595,2020-08-01
4470,ESTONIA,90051290,2020-08-01
4490,LATVIA,34268037,2020-08-01
4510,LITHUANIA,139164843,2020-08-01
4550,POLAND,715112662,2020-08-01
4621,RUSSIA,1234450521,2020-08-01
4622,BELARUS,34313602,2020-08-01
4623,UKRAINE,84196021,2020-08-01
4631,ARMENIA,5559684,2020-08-01
4632,AZERBAIJAN,919981,2020-08-01
4633,GEORGIA,2935751,2020-08-01
4642,TAJIKISTAN,184158,2020-08-01
4634,KAZAKHSTAN,68704873,2020-08-01
4635,KYRGYZSTAN,250344,2020-08-01
4641,MOLDOVA,4943978,2020-08-01
4643,TURKMENISTAN,53242,2020-08-01
4644,UZBEKISTAN,1075962,2020-08-01
4700,SPAIN,1254462498,2020-08-01
4710,PORTUGAL,364789014,2020-08-01
4720,GIBRALTAR,182427,2020-08-01
4730,MALTA,18750849,2020-08-01
4751,SAN MARINO,1838130,2020-08-01
4752,VATICAN CITY,21249,2020-08-01
4759,ITALY,4270827186,2020-08-01
4791,CROATIA,48963440,2020-08-01
4792,SLOVENIA,63853622,2020-08-01
4793,BOSNIA AND HERZEGOVINA,6481502,2020-08-01
4794,MACEDONIA,20432644,2020-08-01
4801,SERBIA,35973608,2020-08-01
4803,KOSOVO,299170,2020-08-01
4804,MONTENEGRO,197567,2020-08-01
4810,ALBANIA,2926449,2020-08-01
4840,GREECE,114014448,2020-08-01
4850,ROMANIA,188745486,2020-08-01
4870,BULGARIA,76624360,2020-08-01
4890,TURKEY,903735043,2020-08-01
4910,CYPRUS,4041877,2020-08-01
4XXX,EUROPE,47309719212,2020-08-01
5020,SYRIA,109174,2020-08-01
5040,LEBANON,25477039,2020-08-01
5050,IRAQ,265949833,2020-08-01
5083,WEST BANK ADMINISTERED BY ISRAEL,427453,2020-08-01
5070,IRAN,121297,2020-08-01
5081,ISRAEL,1203138553,2020-08-01
5082,GAZA STRIP ADMINISTERED BY ISRAEL,39642,2020-08-01
5110,JORDAN,205712029,2020-08-01
5130,KUWAIT,28925862,2020-08-01
5170,SAUDI ARABIA,560911565,2020-08-01
5180,QATAR,61257347,2020-08-01
5200,UNITED ARAB EMIRATES,218807004,2020-08-01
5210,YEMEN,110104,2020-08-01
5230,OMAN,45566510,2020-08-01
5250,BAHRAIN,30709670,2020-08-01
5310,AFGHANISTAN,914976,2020-08-01
5330,INDIA,4294294214,2020-08-01
5350,PAKISTAN,345357122,2020-08-01
5360,NEPAL,7068047,2020-08-01
5380,BANGLADESH,674783938,2020-08-01
5420,SRI LANKA,256288011,2020-08-01
5460,BURMA,98699126,2020-08-01
5490,THAILAND,3305545615,2020-08-01
5520,VIETNAM,8370495626,2020-08-01
5530,LAOS,8264229,2020-08-01
5550,CAMBODIA,691777725,2020-08-01
5570,MALAYSIA,3841408619,2020-08-01
5590,SINGAPORE,1969541308,2020-08-01
5600,INDONESIA,1742126505,2020-08-01
5601,TIMOR-LESTE,82019,2020-08-01
5610,BRUNEI,1716205,2020-08-01
5650,PHILIPPINES,974701336,2020-08-01
5700,CHINA,40598942662,2020-08-01
5660,MACAU,17019207,2020-08-01
5682,BHUTAN,666,2020-08-01
5683,MALDIVES,1294075,2020-08-01
5740,MONGOLIA,1447540,2020-08-01
5800,"KOREA, SOUTH",6155750518,2020-08-01
5820,HONG KONG,240589052,2020-08-01
5830,TAIWAN,5142458196,2020-08-01
5880,JAPAN,9698066349,2020-08-01
5XXX,ASIA,91085895968,2020-08-01
6021,AUSTRALIA,1183696262,2020-08-01
6022,NORFOLK ISLAND,3221,2020-08-01
6023,COCOS (KEELING) ISLANDS,27142,2020-08-01
6024,CHRISTMAS ISLAND,65427,2020-08-01
6029,HEARD AND MCDONALD ISLANDS,6988,2020-08-01
6040,PAPUA NEW GUINEA,9959547,2020-08-01
6141,NEW ZEALAND,333079738,2020-08-01
6142,COOK ISLANDS,184957,2020-08-01
6143,TOKELAU,169021,2020-08-01
6144,NIUE,20410,2020-08-01
6150,SAMOA,387253,2020-08-01
6223,SOLOMON ISLANDS,27226,2020-08-01
6224,VANUATU,281774,2020-08-01
6225,PITCAIRN ISLANDS,94329,2020-08-01
6226,KIRIBATI,0,2020-08-01
6227,TUVALU,4155,2020-08-01
6412,NEW CALEDONIA,1177774,2020-08-01
6413,WALLIS AND FUTUNA,8524,2020-08-01
6414,FRENCH POLYNESIA,1301353,2020-08-01
6810,MARSHALL ISLANDS,11089388,2020-08-01
6820,MICRONESIA,79084,2020-08-01
6830,PALAU,44822,2020-08-01
6862,NAURU,993149,2020-08-01
7140,MOROCCO,61895400,2020-08-01
6863,FIJI,23544800,2020-08-01
6864,TONGA,176069,2020-08-01
6XXX,AUSTRALIA AND OCEANIA,1566422413,2020-08-01
7210,ALGERIA,14946068,2020-08-01
7230,TUNISIA,43733378,2020-08-01
7250,LIBYA,132335,2020-08-01
7290,EGYPT,215751137,2020-08-01
7321,SUDAN,2423130,2020-08-01
7323,SOUTH SUDAN,3210,2020-08-01
7370,WESTERN SAHARA,5847,2020-08-01
7380,EQUATORIAL GUINEA,4771855,2020-08-01
7410,MAURITANIA,193935,2020-08-01
7420,CAMEROON,33479137,2020-08-01
7440,SENEGAL,8289475,2020-08-01
7450,MALI,261977,2020-08-01
7460,GUINEA,1457936,2020-08-01
7470,SIERRA LEONE,816631,2020-08-01
7480,COTE D'IVOIRE,48381722,2020-08-01
7490,GHANA,58443641,2020-08-01
7500,GAMBIA,204345,2020-08-01
7510,NIGER,21448992,2020-08-01
7520,TOGO,2997412,2020-08-01
7530,NIGERIA,148230718,2020-08-01
7540,CENTRAL AFRICAN REPUBLIC,13717,2020-08-01
7550,GABON,10647050,2020-08-01
7560,CHAD,228,2020-08-01
7580,ST HELENA,2528,2020-08-01
7600,BURKINA FASO,369259,2020-08-01
7610,BENIN,489086,2020-08-01
7620,ANGOLA,38337254,2020-08-01
7630,CONGO,7070978,2020-08-01
7642,GUINEA-BISSAU,2500,2020-08-01
7660,DEMOCRATIC REPUBLIC OF THE CONGO,426471,2020-08-01
7643,CABO VERDE,141819,2020-08-01
7644,SAO TOME AND PRINCIPE,45333,2020-08-01
7650,LIBERIA,3924572,2020-08-01
7670,BURUNDI,935,2020-08-01
7690,RWANDA,1988529,2020-08-01
7700,SOMALIA,87145,2020-08-01
7741,ERITREA,718,2020-08-01
7749,ETHIOPIA,43296537,2020-08-01
7770,DJIBOUTI,2189738,2020-08-01
7780,UGANDA,7201503,2020-08-01
7790,KENYA,46811355,2020-08-01
7800,SEYCHELLES,104559,2020-08-01
7810,BRITISH INDIAN OCEAN TERRITORIES,13506,2020-08-01
7830,TANZANIA,6256906,2020-08-01
7850,MAURITIUS,14001962,2020-08-01
7870,MOZAMBIQUE,1654688,2020-08-01
7880,MADAGASCAR,31590433,2020-08-01
7881,MAYOTTE,140923,2020-08-01
7890,COMOROS,10522,2020-08-01
7904,REUNION,239857,2020-08-01
7905,FRENCH SOUTHERN AND ANTARCTIC LANDS,60,2020-08-01
7910,SOUTH AFRICA,1204533846,2020-08-01
7920,NAMIBIA,8978295,2020-08-01
7930,BOTSWANA,17134427,2020-08-01
7940,ZAMBIA,1928924,2020-08-01
7950,ESWATINI,729140,2020-08-01
7960,ZIMBABWE,1200475,2020-08-01
7970,MALAWI,1581840,2020-08-01
7990,LESOTHO,37427405,2020-08-01
7XXX,AFRICA,2158443304,2020-08-01
-,TOTAL FOR ALL COUNTRIES,206083668469,2020-09-01
0003,EUROPEAN UNION,35639671038,2020-09-01
0014,PACIFIC RIM COUNTRIES,73276827879,2020-09-01
0017,CAFTA-DR,2249870549,2020-09-01
0020,USMCA (NAFTA),54383510150,2020-09-01
0021,TWENTY LATIN AMERICAN REPUBLICS,37364779027,2020-09-01
0022,OECD,119143420628,2020-09-01
0023,NATO,57881850136,2020-09-01
0024,LAFTA,34908447450,2020-09-01
0025,EURO AREA,31678610077,2020-09-01
0026,APEC,141512723549,2020-09-01
0027,ASEAN,21282191231,2020-09-01
0028,CACM,1748587853,2020-09-01
1010,GREENLAND,4454968,2020-09-01
1220,CANADA,24595478130,2020-09-01
1610,ST PIERRE AND MIQUELON,0,2020-09-01
1XXX,NORTH AMERICA,54387965118,2020-09-01
2010,MEXICO,29788032020,2020-09-01
2050,GUATEMALA,336346546,2020-09-01
2080,BELIZE,2826804,2020-09-01
2110,EL SALVADOR,205454481,2020-09-01
2150,HONDURAS,399430323,2020-09-01
2190,NICARAGUA,331683079,2020-09-01
2230,COSTA RICA,475673424,2020-09-01
2250,PANAMA,118381517,2020-09-01
2320,BERMUDA,763374,2020-09-01
2360,BAHAMAS,32055776,2020-09-01
2390,CUBA,129113,2020-09-01
2410,JAMAICA,40049244,2020-09-01
2430,TURKS AND CAICOS ISLANDS,738680,2020-09-01
2440,CAYMAN ISLANDS,2445111,2020-09-01
2450,HAITI,87950398,2020-09-01
2470,DOMINICAN REPUBLIC,501282696,2020-09-01
2481,ANGUILLA,171109,2020-09-01
2482,BRITISH VIRGIN ISLANDS,160960,2020-09-01
2483,ST KITTS AND NEVIS,4666058,2020-09-01
2484,ANTIGUA AND BARBUDA,400474,2020-09-01
2485,MONTSERRAT,614996,2020-09-01
2489,GRENADA,1637366,2020-09-01
2486,DOMINICA,73468,2020-09-01
2487,ST LUCIA,858766,2020-09-01
2488,ST VINCENT AND THE GRENADINES,465709,2020-09-01
2720,BARBADOS,2977414,2020-09-01
2740,TRINIDAD AND TOBAGO,194009374,2020-09-01
2774,SINT MAARTEN,3399466,2020-09-01
2777,CURACAO,1388306,2020-09-01
2779,ARUBA,1033363,2020-09-01
2831,GUADELOUPE,365698,2020-09-01
2839,MARTINIQUE,41038,2020-09-01
2XXX,CENTRAL AMERICA,2747474131,2020-09-01
3010,COLOMBIA,1060936957,2020-09-01
3070,VENEZUELA,13575493,2020-09-01
3120,GUYANA,14587115,2020-09-01
3150,SURINAME,5437312,2020-09-01
3170,FRENCH GUIANA,2,2020-09-01
3310,ECUADOR,538397694,2020-09-01
3330,PERU,492259015,2020-09-01
3350,BOLIVIA,23049913,2020-09-01
3370,CHILE,755338808,2020-09-01
3510,BRAZIL,1797104552,2020-09-01
3530,PARAGUAY,11186133,2020-09-01
3550,URUGUAY,55769616,2020-09-01
3570,ARGENTINA,372797249,2020-09-01
3720,FALKLAND ISLANDS (ISLAS MALVINAS),121131,2020-09-01
3XXX,SOUTH AMERICA,5140560990,2020-09-01
4000,ICELAND,38380704,2020-09-01
4010,SWEDEN,942160781,2020-09-01
4031,"SVALBARD, JAN MAYEN ISLAND",1679,2020-09-01
4099,DENMARK,970340914,2020-09-01
4039,NORWAY,287716013,2020-09-01
4050,FINLAND,378480388,2020-09-01
4091,FAROE ISLANDS,9241647,2020-09-01
4120,UNITED KINGDOM,4170061933,2020-09-01
4190,IRELAND,5405240648,2020-09-01
4210,NETHERLANDS,2525526622,2020-09-01
4231,BELGIUM,1633060955,2020-09-01
4239,LUXEMBOURG,39088604,2020-09-01
4271,ANDORRA,298820,2020-09-01
4272,MONACO,1957558,2020-09-01
4279,FRANCE,3292566282,2020-09-01
4280,GERMANY,10768756074,2020-09-01
4330,AUSTRIA,994751567,2020-09-01
4351,CZECH REPUBLIC,494538070,2020-09-01
4359,SLOVAKIA,660677029,2020-09-01
4370,HUNGARY,532078202,2020-09-01
4411,LIECHTENSTEIN,35694982,2020-09-01
4419,SWITZERLAND,4742558705,2020-09-01
4470,ESTONIA,84025152,2020-09-01
4490,LATVIA,48355544,2020-09-01
4510,LITHUANIA,112941049,2020-09-01
4550,POLAND,701218023,2020-09-01
4621,RUSSIA,1293424078,2020-09-01
4622,BELARUS,28433813,2020-09-01
4623,UKRAINE,101047071,2020-09-01
4631,ARMENIA,4629611,2020-09-01
4632,AZERBAIJAN,1053714,2020-09-01
4641,MOLDOVA,5445406,2020-09-01
4633,GEORGIA,6949597,2020-09-01
4634,KAZAKHSTAN,54490216,2020-09-01
4635,KYRGYZSTAN,987173,2020-09-01
4642,TAJIKISTAN,2477,2020-09-01
4643,TURKMENISTAN,11829,2020-09-01
4644,UZBEKISTAN,18147440,2020-09-01
4700,SPAIN,1259955535,2020-09-01
4710,PORTUGAL,302906920,2020-09-01
4720,GIBRALTAR,6552573,2020-09-01
4730,MALTA,15897908,2020-09-01
4751,SAN MARINO,1371054,2020-09-01
4752,VATICAN CITY,54591,2020-09-01
4759,ITALY,3963804005,2020-09-01
4791,CROATIA,76644127,2020-09-01
4792,SLOVENIA,68163381,2020-09-01
4793,BOSNIA AND HERZEGOVINA,10380815,2020-09-01
4794,MACEDONIA,9228289,2020-09-01
4801,SERBIA,46047454,2020-09-01
4803,KOSOVO,866943,2020-09-01
4804,MONTENEGRO,616691,2020-09-01
4810,ALBANIA,5041302,2020-09-01
4840,GREECE,122195535,2020-09-01
4850,ROMANIA,181982343,2020-09-01
4870,BULGARIA,62098501,2020-09-01
4890,TURKEY,965934616,2020-09-01
4910,CYPRUS,2216879,2020-09-01
4XXX,EUROPE,47486299832,2020-09-01
5020,SYRIA,569281,2020-09-01
5040,LEBANON,22492690,2020-09-01
5082,GAZA STRIP ADMINISTERED BY ISRAEL,0,2020-09-01
5050,IRAQ,51377431,2020-09-01
5070,IRAN,195416,2020-09-01
5081,ISRAEL,1407269610,2020-09-01
5083,WEST BANK ADMINISTERED BY ISRAEL,243061,2020-09-01
5110,JORDAN,217233424,2020-09-01
5130,KUWAIT,54964673,2020-09-01
5170,SAUDI ARABIA,641567737,2020-09-01
5180,QATAR,64007552,2020-09-01
5200,UNITED ARAB EMIRATES,248695503,2020-09-01
5210,YEMEN,22633,2020-09-01
5230,OMAN,52776463,2020-09-01
5250,BAHRAIN,37583417,2020-09-01
5310,AFGHANISTAN,1222394,2020-09-01
5330,INDIA,4965463970,2020-09-01
5350,PAKISTAN,369971957,2020-09-01
5360,NEPAL,9886642,2020-09-01
5380,BANGLADESH,550997665,2020-09-01
5420,SRI LANKA,248161681,2020-09-01
5460,BURMA,111523922,2020-09-01
5490,THAILAND,3399472356,2020-09-01
5520,VIETNAM,7919532461,2020-09-01
5530,LAOS,13586599,2020-09-01
5550,CAMBODIA,730098148,2020-09-01
5570,MALAYSIA,4126894534,2020-09-01
5590,SINGAPORE,2158563414,2020-09-01
5600,INDONESIA,1716251296,2020-09-01
5601,TIMOR-LESTE,87558,2020-09-01
5610,BRUNEI,1754266,2020-09-01
5683,MALDIVES,983130,2020-09-01
5650,PHILIPPINES,1104514235,2020-09-01
5660,MACAU,7641198,2020-09-01
5682,BHUTAN,17513,2020-09-01
5700,CHINA,41003217161,2020-09-01
5740,MONGOLIA,2077095,2020-09-01
5800,"KOREA, SOUTH",5921126319,2020-09-01
5820,HONG KONG,348282822,2020-09-01
5830,TAIWAN,5549244971,2020-09-01
5880,JAPAN,9942045205,2020-09-01
5XXX,ASIA,93001617403,2020-09-01
6021,AUSTRALIA,1078817056,2020-09-01
6022,NORFOLK ISLAND,219,2020-09-01
6023,COCOS (KEELING) ISLANDS,94427,2020-09-01
6024,CHRISTMAS ISLAND,252555,2020-09-01
6029,HEARD AND MCDONALD ISLANDS,0,2020-09-01
6040,PAPUA NEW GUINEA,7348580,2020-09-01
6141,NEW ZEALAND,311126822,2020-09-01
6142,COOK ISLANDS,58567,2020-09-01
6143,TOKELAU,96641,2020-09-01
6144,NIUE,43080,2020-09-01
6150,SAMOA,550276,2020-09-01
6223,SOLOMON ISLANDS,138777,2020-09-01
6224,VANUATU,600515,2020-09-01
6225,PITCAIRN ISLANDS,0,2020-09-01
6226,KIRIBATI,23,2020-09-01
6227,TUVALU,9441,2020-09-01
6412,NEW CALEDONIA,5623143,2020-09-01
6413,WALLIS AND FUTUNA,0,2020-09-01
6414,FRENCH POLYNESIA,1779663,2020-09-01
6810,MARSHALL ISLANDS,701594,2020-09-01
6820,MICRONESIA,820440,2020-09-01
6830,PALAU,54135,2020-09-01
6XXX,AUSTRALIA AND OCEANIA,1425705269,2020-09-01
6862,NAURU,398522,2020-09-01
6863,FIJI,16759084,2020-09-01
6864,TONGA,431709,2020-09-01
7140,MOROCCO,61839219,2020-09-01
7210,ALGERIA,24702855,2020-09-01
7230,TUNISIA,42095643,2020-09-01
7250,LIBYA,46350,2020-09-01
7290,EGYPT,205288428,2020-09-01
7321,SUDAN,1590550,2020-09-01
7323,SOUTH SUDAN,277,2020-09-01
7370,WESTERN SAHARA,0,2020-09-01
7380,EQUATORIAL GUINEA,7059496,2020-09-01
7410,MAURITANIA,381005,2020-09-01
7420,CAMEROON,34426480,2020-09-01
7440,SENEGAL,15942058,2020-09-01
7450,MALI,64068,2020-09-01
7460,GUINEA,354375,2020-09-01
7470,SIERRA LEONE,699129,2020-09-01
7480,COTE D'IVOIRE,46859935,2020-09-01
7490,GHANA,48957476,2020-09-01
7500,GAMBIA,137504,2020-09-01
7510,NIGER,4609157,2020-09-01
7520,TOGO,1621518,2020-09-01
7530,NIGERIA,165847623,2020-09-01
7540,CENTRAL AFRICAN REPUBLIC,75055,2020-09-01
7550,GABON,4590421,2020-09-01
7560,CHAD,805184,2020-09-01
7580,ST HELENA,105607,2020-09-01
7600,BURKINA FASO,804343,2020-09-01
7610,BENIN,223533,2020-09-01
7620,ANGOLA,19579024,2020-09-01
7630,CONGO,48070435,2020-09-01
7650,LIBERIA,2169290,2020-09-01
7642,GUINEA-BISSAU,0,2020-09-01
7643,CABO VERDE,200492,2020-09-01
7644,SAO TOME AND PRINCIPE,114629,2020-09-01
7660,DEMOCRATIC REPUBLIC OF THE CONGO,286535,2020-09-01
7670,BURUNDI,116876,2020-09-01
7690,RWANDA,3408429,2020-09-01
7700,SOMALIA,86387,2020-09-01
7741,ERITREA,7248,2020-09-01
7749,ETHIOPIA,48578961,2020-09-01
7770,DJIBOUTI,2511223,2020-09-01
7780,UGANDA,7742134,2020-09-01
7790,KENYA,48179641,2020-09-01
7800,SEYCHELLES,536704,2020-09-01
7810,BRITISH INDIAN OCEAN TERRITORIES,226,2020-09-01
7830,TANZANIA,7266693,2020-09-01
7850,MAURITIUS,28170716,2020-09-01
7870,MOZAMBIQUE,29159236,2020-09-01
7880,MADAGASCAR,42964267,2020-09-01
7881,MAYOTTE,174738,2020-09-01
7890,COMOROS,422193,2020-09-01
7904,REUNION,1238944,2020-09-01
7905,FRENCH SOUTHERN AND ANTARCTIC LANDS,3007,2020-09-01
7910,SOUTH AFRICA,878537508,2020-09-01
7920,NAMIBIA,6673233,2020-09-01
7930,BOTSWANA,10996803,2020-09-01
7940,ZAMBIA,1110734,2020-09-01
7950,ESWATINI,5539702,2020-09-01
7960,ZIMBABWE,4601811,2020-09-01
7970,MALAWI,5727318,2020-09-01
7990,LESOTHO,20743300,2020-09-01
7XXX,AFRICA,1894045726,2020-09-01
-,TOTAL FOR ALL COUNTRIES,218952608531,2020-10-01
0003,EUROPEAN UNION,36919625497,2020-10-01
0014,PACIFIC RIM COUNTRIES,79738494752,2020-10-01
0017,CAFTA-DR,2233350475,2020-10-01
0020,USMCA (NAFTA),57638555014,2020-10-01
0021,TWENTY LATIN AMERICAN REPUBLICS,40985926840,2020-10-01
0022,OECD,126435834792,2020-10-01
0023,NATO,58726930289,2020-10-01
0024,LAFTA,38479125106,2020-10-01
0025,EURO AREA,32488385718,2020-10-01
0026,APEC,151849398454,2020-10-01
0027,ASEAN,21849013109,2020-10-01
0028,CACM,1742474090,2020-10-01
1010,GREENLAND,2645572,2020-10-01
1220,CANADA,24853058195,2020-10-01
1610,ST PIERRE AND MIQUELON,0,2020-10-01
1XXX,NORTH AMERICA,57641200586,2020-10-01
2010,MEXICO,32785496819,2020-10-01
2050,GUATEMALA,308838342,2020-10-01
2080,BELIZE,3556265,2020-10-01
2110,EL SALVADOR,205082456,2020-10-01
2150,HONDURAS,406942432,2020-10-01
2190,NICARAGUA,348879067,2020-10-01
2230,COSTA RICA,472731793,2020-10-01
2250,PANAMA,190961581,2020-10-01
2320,BERMUDA,1306771,2020-10-01
2360,BAHAMAS,16662899,2020-10-01
2390,CUBA,0,2020-10-01
2410,JAMAICA,26949568,2020-10-01
2430,TURKS AND CAICOS ISLANDS,396795,2020-10-01
2440,CAYMAN ISLANDS,1489248,2020-10-01
2450,HAITI,82489678,2020-10-01
2470,DOMINICAN REPUBLIC,490876385,2020-10-01
2481,ANGUILLA,68019,2020-10-01
2482,BRITISH VIRGIN ISLANDS,130614,2020-10-01
2483,ST KITTS AND NEVIS,3769995,2020-10-01
2484,ANTIGUA AND BARBUDA,592767,2020-10-01
2485,MONTSERRAT,4149,2020-10-01
2486,DOMINICA,75029,2020-10-01
2720,BARBADOS,5932350,2020-10-01
2487,ST LUCIA,712432,2020-10-01
2488,ST VINCENT AND THE GRENADINES,458211,2020-10-01
2489,GRENADA,1248383,2020-10-01
2740,TRINIDAD AND TOBAGO,189403260,2020-10-01
2774,SINT MAARTEN,1954406,2020-10-01
2777,CURACAO,3007996,2020-10-01
2779,ARUBA,2199918,2020-10-01
2831,GUADELOUPE,194456,2020-10-01
2839,MARTINIQUE,370584,2020-10-01
2XXX,CENTRAL AMERICA,2767285849,2020-10-01
3010,COLOMBIA,911741402,2020-10-01
3070,VENEZUELA,16390522,2020-10-01
3120,GUYANA,70153168,2020-10-01
3150,SURINAME,4454003,2020-10-01
3170,FRENCH GUIANA,4432,2020-10-01
3310,ECUADOR,561386691,2020-10-01
3330,PERU,573710841,2020-10-01
3350,BOLIVIA,47134609,2020-10-01
3370,CHILE,851274387,2020-10-01
3510,BRAZIL,2300848260,2020-10-01
3530,PARAGUAY,16119575,2020-10-01
3550,URUGUAY,39005624,2020-10-01
3570,ARGENTINA,376016376,2020-10-01
3720,FALKLAND ISLANDS (ISLAS MALVINAS),58076,2020-10-01
3XXX,SOUTH AMERICA,5768297966,2020-10-01
4000,ICELAND,41505106,2020-10-01
4010,SWEDEN,1257272202,2020-10-01
4031,"SVALBARD, JAN MAYEN ISLAND",384,2020-10-01
4039,NORWAY,372945069,2020-10-01
4120,UNITED KINGDOM,4226105507,2020-10-01
4050,FINLAND,562312639,2020-10-01
4091,FAROE ISLANDS,11481364,2020-10-01
4099,DENMARK,1187919452,2020-10-01
4190,IRELAND,5745650132,2020-10-01
4210,NETHERLANDS,2220827871,2020-10-01
4231,BELGIUM,2051719630,2020-10-01
4239,LUXEMBOURG,38926909,2020-10-01
4271,ANDORRA,204096,2020-10-01
4272,MONACO,2445129,2020-10-01
4279,FRANCE,3348108083,2020-10-01
4280,GERMANY,10380865712,2020-10-01
4330,AUSTRIA,1138867462,2020-10-01
4351,CZECH REPUBLIC,451511885,2020-10-01
4359,SLOVAKIA,615007407,2020-10-01
4370,HUNGARY,517288067,2020-10-01
4411,LIECHTENSTEIN,23137780,2020-10-01
4419,SWITZERLAND,5017976070,2020-10-01
4470,ESTONIA,153726341,2020-10-01
4490,LATVIA,50649591,2020-10-01
4510,LITHUANIA,138191935,2020-10-01
4550,POLAND,705982104,2020-10-01
4621,RUSSIA,1546613269,2020-10-01
4622,BELARUS,23288113,2020-10-01
4623,UKRAINE,86362409,2020-10-01
4631,ARMENIA,8627625,2020-10-01
4632,AZERBAIJAN,1217909,2020-10-01
4633,GEORGIA,24748466,2020-10-01
4642,TAJIKISTAN,14004,2020-10-01
4634,KAZAKHSTAN,41005362,2020-10-01
4635,KYRGYZSTAN,128630,2020-10-01
4641,MOLDOVA,5617761,2020-10-01
4643,TURKMENISTAN,140645,2020-10-01
4644,UZBEKISTAN,11254126,2020-10-01
4700,SPAIN,1149580772,2020-10-01
4710,PORTUGAL,334698214,2020-10-01
4720,GIBRALTAR,4017422,2020-10-01
4730,MALTA,19621922,2020-10-01
4751,SAN MARINO,1268385,2020-10-01
4752,VATICAN CITY,142731,2020-10-01
4759,ITALY,4353202800,2020-10-01
4791,CROATIA,47339894,2020-10-01
4792,SLOVENIA,82290176,2020-10-01
4793,BOSNIA AND HERZEGOVINA,8328555,2020-10-01
4794,MACEDONIA,17348110,2020-10-01
4801,SERBIA,43167235,2020-10-01
4803,KOSOVO,2095452,2020-10-01
4804,MONTENEGRO,729360,2020-10-01
4810,ALBANIA,3577745,2020-10-01
4840,GREECE,99678890,2020-10-01
4850,ROMANIA,180303058,2020-10-01
4870,BULGARIA,83623117,2020-10-01
4890,TURKEY,1089214398,2020-10-01
4910,CYPRUS,4459232,2020-10-01
4XXX,EUROPE,49534333714,2020-10-01
5020,SYRIA,762288,2020-10-01
5040,LEBANON,27210907,2020-10-01
5050,IRAQ,210542273,2020-10-01
5083,WEST BANK ADMINISTERED BY ISRAEL,548203,2020-10-01
5070,IRAN,184218,2020-10-01
5081,ISRAEL,1192049846,2020-10-01
5082,GAZA STRIP ADMINISTERED BY ISRAEL,0,2020-10-01
5110,JORDAN,190027299,2020-10-01
5130,KUWAIT,62317523,2020-10-01
5170,SAUDI ARABIA,464751130,2020-10-01
5180,QATAR,118944878,2020-10-01
5200,UNITED ARAB EMIRATES,321360945,2020-10-01
5210,YEMEN,399432,2020-10-01
5230,OMAN,74211977,2020-10-01
5250,BAHRAIN,52591792,2020-10-01
5310,AFGHANISTAN,2100920,2020-10-01
5330,INDIA,5367803407,2020-10-01
5350,PAKISTAN,429335708,2020-10-01
5360,NEPAL,10582917,2020-10-01
5380,BANGLADESH,620409662,2020-10-01
5420,SRI LANKA,244415630,2020-10-01
5460,BURMA,110150505,2020-10-01
5490,THAILAND,3569173185,2020-10-01
5520,VIETNAM,7941606649,2020-10-01
5530,LAOS,9193466,2020-10-01
5550,CAMBODIA,696952502,2020-10-01
5570,MALAYSIA,4344530975,2020-10-01
5590,SINGAPORE,2263373581,2020-10-01
5600,INDONESIA,1827929036,2020-10-01
5601,TIMOR-LESTE,363941,2020-10-01
5610,BRUNEI,820115,2020-10-01
5650,PHILIPPINES,1085283095,2020-10-01
5700,CHINA,44654266193,2020-10-01
5660,MACAU,10029643,2020-10-01
5682,BHUTAN,246564,2020-10-01
5683,MALDIVES,1292698,2020-10-01
5740,MONGOLIA,846765,2020-10-01
5800,"KOREA, SOUTH",7273265398,2020-10-01
5820,HONG KONG,303269983,2020-10-01
5830,TAIWAN,5623657821,2020-10-01
5880,JAPAN,11251333342,2020-10-01
5XXX,ASIA,100358136412,2020-10-01
6021,AUSTRALIA,778821287,2020-10-01
6022,NORFOLK ISLAND,4667,2020-10-01
6023,COCOS (KEELING) ISLANDS,77189,2020-10-01
6024,CHRISTMAS ISLAND,18728,2020-10-01
6029,HEARD AND MCDONALD ISLANDS,5237,2020-10-01
6040,PAPUA NEW GUINEA,14561663,2020-10-01
6141,NEW ZEALAND,307352620,2020-10-01
6142,COOK ISLANDS,51916,2020-10-01
6143,TOKELAU,26633,2020-10-01
6144,NIUE,18464,2020-10-01
6150,SAMOA,440856,2020-10-01
6223,SOLOMON ISLANDS,180510,2020-10-01
6224,VANUATU,299182,2020-10-01
6225,PITCAIRN ISLANDS,1092,2020-10-01
6226,KIRIBATI,105793,2020-10-01
6227,TUVALU,4672,2020-10-01
6412,NEW CALEDONIA,2874544,2020-10-01
6413,WALLIS AND FUTUNA,0,2020-10-01
6414,FRENCH POLYNESIA,2390696,2020-10-01
6810,MARSHALL ISLANDS,10951274,2020-10-01
6820,MICRONESIA,223738,2020-10-01
6830,PALAU,62930,2020-10-01
6862,NAURU,190394,2020-10-01
7140,MOROCCO,56671556,2020-10-01
6863,FIJI,23229468,2020-10-01
6864,TONGA,224537,2020-10-01
6XXX,AUSTRALIA AND OCEANIA,1142118090,2020-10-01
7210,ALGERIA,8541443,2020-10-01
7230,TUNISIA,45753791,2020-10-01
7250,LIBYA,60460,2020-10-01
7290,EGYPT,167332571,2020-10-01
7321,SUDAN,1431999,2020-10-01
7323,SOUTH SUDAN,0,2020-10-01
7370,WESTERN SAHARA,0,2020-10-01
7380,EQUATORIAL GUINEA,5892027,2020-10-01
7410,MAURITANIA,18395,2020-10-01
7420,CAMEROON,38662659,2020-10-01
7440,SENEGAL,6244439,2020-10-01
7450,MALI,137804,2020-10-01
7460,GUINEA,212511,2020-10-01
7470,SIERRA LEONE,2538522,2020-10-01
7480,COTE D'IVOIRE,22510115,2020-10-01
7490,GHANA,40232942,2020-10-01
7500,GAMBIA,121801,2020-10-01
7510,NIGER,2828712,2020-10-01
7520,TOGO,1900829,2020-10-01
7530,NIGERIA,48509253,2020-10-01
7540,CENTRAL AFRICAN REPUBLIC,26862,2020-10-01
7550,GABON,16657907,2020-10-01
7560,CHAD,223528,2020-10-01
7580,ST HELENA,523395,2020-10-01
7600,BURKINA FASO,900035,2020-10-01
7610,BENIN,89320,2020-10-01
7620,ANGOLA,96964937,2020-10-01
7630,CONGO,55273943,2020-10-01
7642,GUINEA-BISSAU,94988,2020-10-01
7660,DEMOCRATIC REPUBLIC OF THE CONGO,5656464,2020-10-01
7643,CABO VERDE,689612,2020-10-01
7644,SAO TOME AND PRINCIPE,28812,2020-10-01
7650,LIBERIA,2124213,2020-10-01
7670,BURUNDI,11426,2020-10-01
7690,RWANDA,2873342,2020-10-01
7700,SOMALIA,34587,2020-10-01
7741,ERITREA,7890,2020-10-01
7749,ETHIOPIA,57382735,2020-10-01
7770,DJIBOUTI,1858846,2020-10-01
7780,UGANDA,7943405,2020-10-01
7790,KENYA,47682399,2020-10-01
7800,SEYCHELLES,1214921,2020-10-01
7810,BRITISH INDIAN OCEAN TERRITORIES,4380,2020-10-01
7830,TANZANIA,9005810,2020-10-01
7850,MAURITIUS,30235765,2020-10-01
7870,MOZAMBIQUE,17868506,2020-10-01
7880,MADAGASCAR,28354712,2020-10-01
7881,MAYOTTE,55530,2020-10-01
7890,COMOROS,34662,2020-10-01
7904,REUNION,652141,2020-10-01
7905,FRENCH SOUTHERN AND ANTARCTIC LANDS,463,2020-10-01
7910,SOUTH AFRICA,819661029,2020-10-01
7920,NAMIBIA,9493050,2020-10-01
7930,BOTSWANA,13146772,2020-10-01
7940,ZAMBIA,1553598,2020-10-01
7950,ESWATINI,10059479,2020-10-01
7960,ZIMBABWE,8261807,2020-10-01
7970,MALAWI,4030692,2020-10-01
7990,LESOTHO,40952122,2020-10-01
7XXX,AFRICA,1741235914,2020-10-01
-,TOTAL FOR ALL COUNTRIES,212453314812,2020-11-01
0003,EUROPEAN UNION,36698834086,2020-11-01
0014,PACIFIC RIM COUNTRIES,78975728986,2020-11-01
0017,CAFTA-DR,1955788114,2020-11-01
0020,USMCA (NAFTA),53884583834,2020-11-01
0021,TWENTY LATIN AMERICAN REPUBLICS,36925593307,2020-11-01
0022,OECD,122648886402,2020-11-01
0023,NATO,58464233251,2020-11-01
0024,LAFTA,34778821704,2020-11-01
0025,EURO AREA,32752586609,2020-11-01
0026,APEC,146926840503,2020-11-01
0027,ASEAN,20631960531,2020-11-01
0028,CACM,1493126918,2020-11-01
1010,GREENLAND,2160354,2020-11-01
1220,CANADA,24064876260,2020-11-01
1610,ST PIERRE AND MIQUELON,989,2020-11-01
1XXX,NORTH AMERICA,53886745177,2020-11-01
2010,MEXICO,29819707574,2020-11-01
2050,GUATEMALA,261916148,2020-11-01
2080,BELIZE,3037877,2020-11-01
2110,EL SALVADOR,175028621,2020-11-01
2150,HONDURAS,283593517,2020-11-01
2190,NICARAGUA,289394370,2020-11-01
2230,COSTA RICA,483194262,2020-11-01
2250,PANAMA,113923231,2020-11-01
2320,BERMUDA,1141889,2020-11-01
2360,BAHAMAS,17852207,2020-11-01
2390,CUBA,220000,2020-11-01
2410,JAMAICA,32428682,2020-11-01
2430,TURKS AND CAICOS ISLANDS,400393,2020-11-01
2440,CAYMAN ISLANDS,1836464,2020-11-01
2450,HAITI,76840258,2020-11-01
2470,DOMINICAN REPUBLIC,462661196,2020-11-01
2481,ANGUILLA,296276,2020-11-01
2482,BRITISH VIRGIN ISLANDS,224703,2020-11-01
2483,ST KITTS AND NEVIS,3135518,2020-11-01
2484,ANTIGUA AND BARBUDA,1205699,2020-11-01
2485,MONTSERRAT,7593,2020-11-01
2489,GRENADA,1157434,2020-11-01
2486,DOMINICA,82582,2020-11-01
2487,ST LUCIA,595774,2020-11-01
2488,ST VINCENT AND THE GRENADINES,231331,2020-11-01
2720,BARBADOS,2502251,2020-11-01
2740,TRINIDAD AND TOBAGO,228370754,2020-11-01
2774,SINT MAARTEN,3401284,2020-11-01
2777,CURACAO,2011134,2020-11-01
2779,ARUBA,1546499,2020-11-01
2831,GUADELOUPE,259476,2020-11-01
2839,MARTINIQUE,241266,2020-11-01
2XXX,CENTRAL AMERICA,2448738689,2020-11-01
3010,COLOMBIA,821031255,2020-11-01
3070,VENEZUELA,15204427,2020-11-01
3120,GUYANA,97831152,2020-11-01
3150,SURINAME,4101779,2020-11-01
3170,FRENCH GUIANA,1494,2020-11-01
3310,ECUADOR,506126067,2020-11-01
3330,PERU,523820943,2020-11-01
3350,BOLIVIA,28086837,2020-11-01
3370,CHILE,766044427,2020-11-01
3510,BRAZIL,1941894548,2020-11-01
3530,PARAGUAY,13589155,2020-11-01
3550,URUGUAY,38962578,2020-11-01
3570,ARGENTINA,304353893,2020-11-01
3720,FALKLAND ISLANDS (ISLAS MALVINAS),2151475,2020-11-01
3XXX,SOUTH AMERICA,5063200030,2020-11-01
4000,ICELAND,31416646,2020-11-01
4010,SWEDEN,1120595830,2020-11-01
4031,"SVALBARD, JAN MAYEN ISLAND",0,2020-11-01
4099,DENMARK,857580734,2020-11-01
4039,NORWAY,358640046,2020-11-01
4050,FINLAND,437738569,2020-11-01
4091,FAROE ISLANDS,8751292,2020-11-01
4120,UNITED KINGDOM,4398518142,2020-11-01
4190,IRELAND,5300682563,2020-11-01
4210,NETHERLANDS,2450865960,2020-11-01
4231,BELGIUM,1996526359,2020-11-01
4239,LUXEMBOURG,35662345,2020-11-01
4271,ANDORRA,327973,2020-11-01
4272,MONACO,1731541,2020-11-01
4279,FRANCE,3790646997,2020-11-01
4280,GERMANY,9813990441,2020-11-01
4330,AUSTRIA,1086559501,2020-11-01
4351,CZECH REPUBLIC,491865358,2020-11-01
4359,SLOVAKIA,521072732,2020-11-01
4370,HUNGARY,474871788,2020-11-01
4411,LIECHTENSTEIN,28390243,2020-11-01
4419,SWITZERLAND,5064217537,2020-11-01
4470,ESTONIA,132688899,2020-11-01
4490,LATVIA,45111247,2020-11-01
4510,LITHUANIA,137080176,2020-11-01
4550,POLAND,697218759,2020-11-01
4621,RUSSIA,1552725414,2020-11-01
4622,BELARUS,34095082,2020-11-01
4623,UKRAINE,108979837,2020-11-01
4631,ARMENIA,5309343,2020-11-01
4635,KYRGYZSTAN,503525,2020-11-01
4632,AZERBAIJAN,3484927,2020-11-01
4633,GEORGIA,7572399,2020-11-01
4634,KAZAKHSTAN,161422411,2020-11-01
4641,MOLDOVA,5282264,2020-11-01
4642,TAJIKISTAN,98701,2020-11-01
4643,TURKMENISTAN,225288,2020-11-01
4644,UZBEKISTAN,729816,2020-11-01
4700,SPAIN,1337234719,2020-11-01
4710,PORTUGAL,321265652,2020-11-01
4720,GIBRALTAR,1695781,2020-11-01
4730,MALTA,19383767,2020-11-01
4751,SAN MARINO,983679,2020-11-01
4752,VATICAN CITY,37622,2020-11-01
4759,ITALY,5098905396,2020-11-01
4791,CROATIA,49846299,2020-11-01
4792,SLOVENIA,135778825,2020-11-01
4793,BOSNIA AND HERZEGOVINA,11694204,2020-11-01
4794,MACEDONIA,32875891,2020-11-01
4801,SERBIA,40449256,2020-11-01
4803,KOSOVO,1413015,2020-11-01
4804,MONTENEGRO,702868,2020-11-01
4810,ALBANIA,4075161,2020-11-01
4840,GREECE,88482952,2020-11-01
4850,ROMANIA,180844909,2020-11-01
4870,BULGARIA,73423800,2020-11-01
4890,TURKEY,929664109,2020-11-01
4910,CYPRUS,2909509,2020-11-01
4XXX,EUROPE,49494848099,2020-11-01
5020,SYRIA,668918,2020-11-01
5081,ISRAEL,1324550284,2020-11-01
5040,LEBANON,18412381,2020-11-01
5050,IRAQ,125681184,2020-11-01
5070,IRAN,160876,2020-11-01
5082,GAZA STRIP ADMINISTERED BY ISRAEL,121026,2020-11-01
5083,WEST BANK ADMINISTERED BY ISRAEL,602961,2020-11-01
5110,JORDAN,114781952,2020-11-01
5130,KUWAIT,66278141,2020-11-01
5170,SAUDI ARABIA,537293955,2020-11-01
5180,QATAR,92983928,2020-11-01
5200,UNITED ARAB EMIRATES,288452354,2020-11-01
5210,YEMEN,357021,2020-11-01
5230,OMAN,73363701,2020-11-01
5250,BAHRAIN,39771738,2020-11-01
5310,AFGHANISTAN,2995809,2020-11-01
5330,INDIA,4920401437,2020-11-01
5350,PAKISTAN,385918948,2020-11-01
5360,NEPAL,7917604,2020-11-01
5380,BANGLADESH,450023202,2020-11-01
5420,SRI LANKA,201972792,2020-11-01
5460,BURMA,80553953,2020-11-01
5490,THAILAND,3376934316,2020-11-01
5520,VIETNAM,7853564277,2020-11-01
5530,LAOS,10309483,2020-11-01
5550,CAMBODIA,521251188,2020-11-01
5570,MALAYSIA,4061464907,2020-11-01
5590,SINGAPORE,1988520360,2020-11-01
5600,INDONESIA,1726524900,2020-11-01
5660,MACAU,6561694,2020-11-01
5601,TIMOR-LESTE,703309,2020-11-01
5610,BRUNEI,1310966,2020-11-01
5650,PHILIPPINES,1011526181,2020-11-01
5682,BHUTAN,1634,2020-11-01
5683,MALDIVES,965329,2020-11-01
5700,CHINA,44700409933,2020-11-01
5740,MONGOLIA,619445,2020-11-01
5800,"KOREA, SOUTH",6861757967,2020-11-01
5820,HONG KONG,323646561,2020-11-01
5830,TAIWAN,5447177420,2020-11-01
5880,JAPAN,11689961397,2020-11-01
5XXX,ASIA,98316475432,2020-11-01
6021,AUSTRALIA,850021385,2020-11-01
6022,NORFOLK ISLAND,0,2020-11-01
6023,COCOS (KEELING) ISLANDS,171128,2020-11-01
6024,CHRISTMAS ISLAND,3607,2020-11-01
6029,HEARD AND MCDONALD ISLANDS,212,2020-11-01
6040,PAPUA NEW GUINEA,7569066,2020-11-01
6141,NEW ZEALAND,299276249,2020-11-01
6142,COOK ISLANDS,22910,2020-11-01
6143,TOKELAU,263904,2020-11-01
6144,NIUE,35870,2020-11-01
6150,SAMOA,75173,2020-11-01
6223,SOLOMON ISLANDS,662830,2020-11-01
6224,VANUATU,292790,2020-11-01
6225,PITCAIRN ISLANDS,1110,2020-11-01
6226,KIRIBATI,34533,2020-11-01
6227,TUVALU,4123,2020-11-01
6412,NEW CALEDONIA,2922327,2020-11-01
6413,WALLIS AND FUTUNA,38989,2020-11-01
6414,FRENCH POLYNESIA,2158930,2020-11-01
6810,MARSHALL ISLANDS,1192224,2020-11-01
6863,FIJI,26615562,2020-11-01
6820,MICRONESIA,148628,2020-11-01
6830,PALAU,32946,2020-11-01
6862,NAURU,144560,2020-11-01
6864,TONGA,232288,2020-11-01
6XXX,AUSTRALIA AND OCEANIA,1191921344,2020-11-01
7140,MOROCCO,68394821,2020-11-01
7210,ALGERIA,28186377,2020-11-01
7230,TUNISIA,48108858,2020-11-01
7250,LIBYA,16919,2020-11-01
7290,EGYPT,170243062,2020-11-01
7321,SUDAN,15927,2020-11-01
7323,SOUTH SUDAN,2988,2020-11-01
7370,WESTERN SAHARA,2073,2020-11-01
7380,EQUATORIAL GUINEA,18744489,2020-11-01
7410,MAURITANIA,676794,2020-11-01
7420,CAMEROON,6111949,2020-11-01
7440,SENEGAL,7625805,2020-11-01
7450,MALI,126137,2020-11-01
7460,GUINEA,435245,2020-11-01
7470,SIERRA LEONE,998872,2020-11-01
7480,COTE D'IVOIRE,35767333,2020-11-01
7490,GHANA,54385823,2020-11-01
7500,GAMBIA,53030,2020-11-01
7510,NIGER,971017,2020-11-01
7520,TOGO,1017109,2020-11-01
7530,NIGERIA,180452738,2020-11-01
7540,CENTRAL AFRICAN REPUBLIC,4873,2020-11-01
7550,GABON,9421289,2020-11-01
7560,CHAD,892586,2020-11-01
7580,ST HELENA,107430,2020-11-01
7600,BURKINA FASO,497767,2020-11-01
7610,BENIN,399844,2020-11-01
7643,CABO VERDE,211625,2020-11-01
7620,ANGOLA,63122561,2020-11-01
7630,CONGO,1530138,2020-11-01
7642,GUINEA-BISSAU,352637,2020-11-01
7644,SAO TOME AND PRINCIPE,257154,2020-11-01
7650,LIBERIA,4064610,2020-11-01
7660,DEMOCRATIC REPUBLIC OF THE CONGO,2717683,2020-11-01
7670,BURUNDI,116843,2020-11-01
7690,RWANDA,4178705,2020-11-01
7700,SOMALIA,68405,2020-11-01
7741,ERITREA,985,2020-11-01
7749,ETHIOPIA,43426588,2020-11-01
7770,DJIBOUTI,17102787,2020-11-01
7780,UGANDA,5392446,2020-11-01
7790,KENYA,52077875,2020-11-01
7800,SEYCHELLES,856924,2020-11-01
7810,BRITISH INDIAN OCEAN TERRITORIES,839,2020-11-01
7830,TANZANIA,5267866,2020-11-01
7850,MAURITIUS,24309015,2020-11-01
7870,MOZAMBIQUE,5007767,2020-11-01
7880,MADAGASCAR,44748632,2020-11-01
7881,MAYOTTE,44501,2020-11-01
7890,COMOROS,67541,2020-11-01
7904,REUNION,73705,2020-11-01
7905,FRENCH SOUTHERN AND ANTARCTIC LANDS,578,2020-11-01
7910,SOUTH AFRICA,1073763575,2020-11-01
7920,NAMIBIA,15206757,2020-11-01
7930,BOTSWANA,10824923,2020-11-01
7940,ZAMBIA,2005253,2020-11-01
7950,ESWATINI,831813,2020-11-01
7960,ZIMBABWE,1981639,2020-11-01
7970,MALAWI,7048266,2020-11-01
7990,LESOTHO,31064250,2020-11-01
7XXX,AFRICA,2051386041,2020-11-01
-,TOTAL FOR ALL COUNTRIES,214876750326,2020-12-01
0003,EUROPEAN UNION,39455857036,2020-12-01
0014,PACIFIC RIM COUNTRIES,78230428687,2020-12-01
0017,CAFTA-DR,2209212351,2020-12-01
0020,USMCA (NAFTA),53993174303,2020-12-01
0021,TWENTY LATIN AMERICAN REPUBLICS,37717964576,2020-12-01
0022,OECD,126759610367,2020-12-01
0023,NATO,61322203506,2020-12-01
0024,LAFTA,35379026712,2020-12-01
0025,EURO AREA,35368103657,2020-12-01
0026,APEC,145350637429,2020-12-01
0027,ASEAN,20760899774,2020-12-01
0028,CACM,1722398455,2020-12-01
1010,GREENLAND,3872131,2020-12-01
1220,CANADA,24632320835,2020-12-01
1610,ST PIERRE AND MIQUELON,1971,2020-12-01
1XXX,NORTH AMERICA,53997048405,2020-12-01
2010,MEXICO,29360853468,2020-12-01
2050,GUATEMALA,342755644,2020-12-01
2080,BELIZE,2274653,2020-12-01
2110,EL SALVADOR,212947214,2020-12-01
2150,HONDURAS,347761187,2020-12-01
2190,NICARAGUA,303641925,2020-12-01
2230,COSTA RICA,515292485,2020-12-01
2250,PANAMA,48042393,2020-12-01
2320,BERMUDA,2536539,2020-12-01
2360,BAHAMAS,21006429,2020-12-01
2390,CUBA,332200,2020-12-01
2410,JAMAICA,39218471,2020-12-01
2430,TURKS AND CAICOS ISLANDS,835716,2020-12-01
2440,CAYMAN ISLANDS,1767846,2020-12-01
2450,HAITI,81350920,2020-12-01
2470,DOMINICAN REPUBLIC,486813896,2020-12-01
2481,ANGUILLA,241327,2020-12-01
2482,BRITISH VIRGIN ISLANDS,3074331,2020-12-01
2483,ST KITTS AND NEVIS,5657466,2020-12-01
2484,ANTIGUA AND BARBUDA,274914,2020-12-01
2485,MONTSERRAT,178097,2020-12-01
2489,GRENADA,1132464,2020-12-01
2486,DOMINICA,243158,2020-12-01
2487,ST LUCIA,940481,2020-12-01
2488,ST VINCENT AND THE GRENADINES,602272,2020-12-01
2720,BARBADOS,4609942,2020-12-01
2740,TRINIDAD AND TOBAGO,232626118,2020-12-01
2774,SINT MAARTEN,2624404,2020-12-01
2777,CURACAO,3382991,2020-12-01
2779,ARUBA,1272368,2020-12-01
2831,GUADELOUPE,200276,2020-12-01
2839,MARTINIQUE,0,2020-12-01
2XXX,CENTRAL AMERICA,2663638127,2020-12-01
3010,COLOMBIA,1003807871,2020-12-01
3070,VENEZUELA,12552274,2020-12-01
3120,GUYANA,160840373,2020-12-01
3150,SURINAME,3925977,2020-12-01
3170,FRENCH GUIANA,10953,2020-12-01
3310,ECUADOR,509918075,2020-12-01
3330,PERU,633148309,2020-12-01
3350,BOLIVIA,47150273,2020-12-01
3370,CHILE,886929584,2020-12-01
3510,BRAZIL,2597588837,2020-12-01
3530,PARAGUAY,16040920,2020-12-01
3550,URUGUAY,39841166,2020-12-01
3570,ARGENTINA,271195935,2020-12-01
3720,FALKLAND ISLANDS (ISLAS MALVINAS),448137,2020-12-01
3XXX,SOUTH AMERICA,6183398684,2020-12-01
4000,ICELAND,45483948,2020-12-01
4010,SWEDEN,1117707031,2020-12-01
4031,"SVALBARD, JAN MAYEN ISLAND",0,2020-12-01
4099,DENMARK,789047647,2020-12-01
4039,NORWAY,345565564,2020-12-01
4050,FINLAND,582694052,2020-12-01
4091,FAROE ISLANDS,9599227,2020-12-01
4120,UNITED KINGDOM,4914051001,2020-12-01
4190,IRELAND,6155887281,2020-12-01
4210,NETHERLANDS,2509494286,2020-12-01
4231,BELGIUM,2162821718,2020-12-01
4239,LUXEMBOURG,54717380,2020-12-01
4271,ANDORRA,143344,2020-12-01
4272,MONACO,3110913,2020-12-01
4279,FRANCE,3920483279,2020-12-01
4280,GERMANY,10934905170,2020-12-01
4330,AUSTRIA,1151590807,2020-12-01
4351,CZECH REPUBLIC,556786707,2020-12-01
4359,SLOVAKIA,745507121,2020-12-01
4370,HUNGARY,549129263,2020-12-01
4411,LIECHTENSTEIN,30241378,2020-12-01
4419,SWITZERLAND,4711154078,2020-12-01
4470,ESTONIA,153011571,2020-12-01
4490,LATVIA,32649005,2020-12-01
4510,LITHUANIA,253584801,2020-12-01
4550,POLAND,723884818,2020-12-01
4621,RUSSIA,1422018997,2020-12-01
4622,BELARUS,24322503,2020-12-01
4623,UKRAINE,183085529,2020-12-01
4631,ARMENIA,8052533,2020-12-01
4635,KYRGYZSTAN,380047,2020-12-01
4632,AZERBAIJAN,1459252,2020-12-01
4633,GEORGIA,17170528,2020-12-01
4634,KAZAKHSTAN,109252842,2020-12-01
4641,MOLDOVA,3889470,2020-12-01
4642,TAJIKISTAN,162399,2020-12-01
4643,TURKMENISTAN,335431,2020-12-01
4644,UZBEKISTAN,17555299,2020-12-01
4700,SPAIN,1227483741,2020-12-01
4710,PORTUGAL,317736619,2020-12-01
4720,GIBRALTAR,8641,2020-12-01
4730,MALTA,20964509,2020-12-01
4751,SAN MARINO,1060797,2020-12-01
4752,VATICAN CITY,523547,2020-12-01
4759,ITALY,4914925565,2020-12-01
4791,CROATIA,50859101,2020-12-01
4792,SLOVENIA,90934705,2020-12-01
4793,BOSNIA AND HERZEGOVINA,10672612,2020-12-01
4794,MACEDONIA,27758141,2020-12-01
4801,SERBIA,43606382,2020-12-01
4803,KOSOVO,2721073,2020-12-01
4804,MONTENEGRO,557392,2020-12-01
4810,ALBANIA,4806225,2020-12-01
4840,GREECE,131806741,2020-12-01
4850,ROMANIA,212008367,2020-12-01
4870,BULGARIA,88330445,2020-12-01
4890,TURKEY,1015533209,2020-12-01
4910,CYPRUS,6905306,2020-12-01
4XXX,EUROPE,52410139338,2020-12-01
5020,SYRIA,757128,2020-12-01
5081,ISRAEL,1344268549,2020-12-01
5040,LEBANON,21196007,2020-12-01
5050,IRAQ,89907309,2020-12-01
5070,IRAN,0,2020-12-01
5082,GAZA STRIP ADMINISTERED BY ISRAEL,12263,2020-12-01
5083,WEST BANK ADMINISTERED BY ISRAEL,302629,2020-12-01
5110,JORDAN,137013832,2020-12-01
5130,KUWAIT,13120659,2020-12-01
5170,SAUDI ARABIA,387500978,2020-12-01
5180,QATAR,108782764,2020-12-01
5200,UNITED ARAB EMIRATES,256872256,2020-12-01
5210,YEMEN,386762,2020-12-01
5230,OMAN,74555520,2020-12-01
5250,BAHRAIN,47211585,2020-12-01
5310,AFGHANISTAN,1653433,2020-12-01
5330,INDIA,4901674890,2020-12-01
5350,PAKISTAN,400658949,2020-12-01
5360,NEPAL,7343568,2020-12-01
5380,BANGLADESH,427298176,2020-12-01
5420,SRI LANKA,174880684,2020-12-01
5460,BURMA,58437496,2020-12-01
5490,THAILAND,3272163514,2020-12-01
5520,VIETNAM,6917069961,2020-12-01
5530,LAOS,14744369,2020-12-01
5550,CAMBODIA,517833692,2020-12-01
5570,MALAYSIA,4415798660,2020-12-01
5590,SINGAPORE,2863484996,2020-12-01
5600,INDONESIA,1734645876,2020-12-01
5601,TIMOR-LESTE,2149663,2020-12-01
5682,BHUTAN,16695,2020-12-01
5610,BRUNEI,1287696,2020-12-01
5650,PHILIPPINES,965433514,2020-12-01
5660,MACAU,4295926,2020-12-01
5683,MALDIVES,623698,2020-12-01
5700,CHINA,41626191515,2020-12-01
5740,MONGOLIA,369937,2020-12-01
5800,"KOREA, SOUTH",7355161283,2020-12-01
5820,HONG KONG,207518359,2020-12-01
5830,TAIWAN,5692930954,2020-12-01
5880,JAPAN,11483450654,2020-12-01
5XXX,ASIA,95529006399,2020-12-01
6021,AUSTRALIA,1537267942,2020-12-01
6022,NORFOLK ISLAND,0,2020-12-01
6023,COCOS (KEELING) ISLANDS,482362,2020-12-01
6024,CHRISTMAS ISLAND,15756,2020-12-01
6029,HEARD AND MCDONALD ISLANDS,0,2020-12-01
6040,PAPUA NEW GUINEA,5946562,2020-12-01
6141,NEW ZEALAND,337014750,2020-12-01
6142,COOK ISLANDS,15247,2020-12-01
6143,TOKELAU,16673,2020-12-01
6144,NIUE,83632,2020-12-01
6150,SAMOA,653158,2020-12-01
6223,SOLOMON ISLANDS,57341,2020-12-01
6224,VANUATU,1090204,2020-12-01
6225,PITCAIRN ISLANDS,848,2020-12-01
6226,KIRIBATI,0,2020-12-01
6227,TUVALU,8061,2020-12-01
6412,NEW CALEDONIA,1786094,2020-12-01
6413,WALLIS AND FUTUNA,281,2020-12-01
6414,FRENCH POLYNESIA,1575485,2020-12-01
6810,MARSHALL ISLANDS,593822,2020-12-01
6820,MICRONESIA,429048,2020-12-01
6864,TONGA,183316,2020-12-01
6830,PALAU,35837,2020-12-01
6862,NAURU,291100,2020-12-01
6863,FIJI,25626620,2020-12-01
6XXX,AUSTRALIA AND OCEANIA,1913174139,2020-12-01
7140,MOROCCO,66909468,2020-12-01
7210,ALGERIA,82055688,2020-12-01
7230,TUNISIA,48730019,2020-12-01
7250,LIBYA,767,2020-12-01
7290,EGYPT,183989282,2020-12-01
7321,SUDAN,50415075,2020-12-01
7323,SOUTH SUDAN,1831,2020-12-01
7370,WESTERN SAHARA,10825,2020-12-01
7380,EQUATORIAL GUINEA,8487392,2020-12-01
7410,MAURITANIA,406436,2020-12-01
7420,CAMEROON,34100032,2020-12-01
7440,SENEGAL,8385005,2020-12-01
7450,MALI,143261,2020-12-01
7460,GUINEA,300022,2020-12-01
7470,SIERRA LEONE,2970561,2020-12-01
7480,COTE D'IVOIRE,87378022,2020-12-01
7490,GHANA,96937052,2020-12-01
7500,GAMBIA,11384,2020-12-01
7510,NIGER,2643076,2020-12-01
7520,TOGO,2057731,2020-12-01
7530,NIGERIA,159471263,2020-12-01
7540,CENTRAL AFRICAN REPUBLIC,34274,2020-12-01
7550,GABON,1175998,2020-12-01
7560,CHAD,51984,2020-12-01
7580,ST HELENA,1694935,2020-12-01
7600,BURKINA FASO,408696,2020-12-01
7610,BENIN,456403,2020-12-01
7620,ANGOLA,4839685,2020-12-01
7644,SAO TOME AND PRINCIPE,42833,2020-12-01
7630,CONGO,2385154,2020-12-01
7642,GUINEA-BISSAU,0,2020-12-01
7643,CABO VERDE,445152,2020-12-01
7650,LIBERIA,5239276,2020-12-01
7660,DEMOCRATIC REPUBLIC OF THE CONGO,4431391,2020-12-01
7670,BURUNDI,820322,2020-12-01
7690,RWANDA,3730945,2020-12-01
7700,SOMALIA,61345,2020-12-01
7741,ERITREA,95913,2020-12-01
7749,ETHIOPIA,32949653,2020-12-01
7770,DJIBOUTI,9223020,2020-12-01
7780,UGANDA,4669829,2020-12-01
7790,KENYA,40153626,2020-12-01
7800,SEYCHELLES,1032305,2020-12-01
7810,BRITISH INDIAN OCEAN TERRITORIES,681,2020-12-01
7830,TANZANIA,7956976,2020-12-01
7850,MAURITIUS,17480382,2020-12-01
7870,MOZAMBIQUE,5938718,2020-12-01
7880,MADAGASCAR,39842256,2020-12-01
7881,MAYOTTE,49101,2020-12-01
7890,COMOROS,40099,2020-12-01
7904,REUNION,952122,2020-12-01
7905,FRENCH SOUTHERN AND ANTARCTIC LANDS,555,2020-12-01
7910,SOUTH AFRICA,1087218024,2020-12-01
7920,NAMIBIA,15144695,2020-12-01
7930,BOTSWANA,13288021,2020-12-01
7940,ZAMBIA,3799544,2020-12-01
7950,ESWATINI,254994,2020-12-01
7960,ZIMBABWE,1401016,2020-12-01
7970,MALAWI,6802501,2020-12-01
7990,LESOTHO,30828618,2020-12-01
7XXX,AFRICA,2180345234,2020-12-01
-,TOTAL FOR ALL COUNTRIES,204628270226,2021-01-01
0003,EUROPEAN UNION,35615655849,2021-01-01
0014,PACIFIC RIM COUNTRIES,71560835078,2021-01-01
0017,CAFTA-DR,1774588909,2021-01-01
0020,USMCA (NAFTA),53697485441,2021-01-01
0021,TWENTY LATIN AMERICAN REPUBLICS,35920429250,2021-01-01
0022,OECD,119603185378,2021-01-01
0023,NATO,57930174504,2021-01-01
0024,LAFTA,34063181662,2021-01-01
0025,EURO AREA,31793788302,2021-01-01
0026,APEC,139606084017,2021-01-01
0027,ASEAN,20487286781,2021-01-01
0028,CACM,1423858802,2021-01-01
1010,GREENLAND,2171879,2021-01-01
1220,CANADA,24721034157,2021-01-01
1XXX,NORTH AMERICA,53699657320,2021-01-01
2010,MEXICO,28976451284,2021-01-01
2050,GUATEMALA,315551399,2021-01-01
2080,BELIZE,1951753,2021-01-01
2110,EL SALVADOR,147147029,2021-01-01
2150,HONDURAS,294309208,2021-01-01
2190,NICARAGUA,283323367,2021-01-01
2230,COSTA RICA,383527799,2021-01-01
2250,PANAMA,34607612,2021-01-01
2320,BERMUDA,674007,2021-01-01
2360,BAHAMAS,23758873,2021-01-01
2410,JAMAICA,21981850,2021-01-01
2430,TURKS AND CAICOS ISLANDS,87615,2021-01-01
2440,CAYMAN ISLANDS,921965,2021-01-01
2450,HAITI,48051067,2021-01-01
2470,DOMINICAN REPUBLIC,350730107,2021-01-01
2481,ANGUILLA,22631,2021-01-01
2482,BRITISH VIRGIN ISLANDS,113861,2021-01-01
2483,ST KITTS AND NEVIS,3269490,2021-01-01
2484,ANTIGUA AND BARBUDA,244585,2021-01-01
2485,MONTSERRAT,64155,2021-01-01
2486,DOMINICA,62767,2021-01-01
2487,ST LUCIA,611229,2021-01-01
2488,ST VINCENT AND THE GRENADINES,355204,2021-01-01
2489,GRENADA,993626,2021-01-01
2720,BARBADOS,2276637,2021-01-01
2779,ARUBA,14554432,2021-01-01
2740,TRINIDAD AND TOBAGO,313515441,2021-01-01
2774,SINT MAARTEN,2182599,2021-01-01
2777,CURACAO,3233334,2021-01-01
2831,GUADELOUPE,234395,2021-01-01
2839,MARTINIQUE,3881,2021-01-01
2XXX,CENTRAL AMERICA,2248361918,2021-01-01
3010,COLOMBIA,943387709,2021-01-01
3070,VENEZUELA,9444847,2021-01-01
3120,GUYANA,80965734,2021-01-01
3150,SURINAME,4123776,2021-01-01
3170,FRENCH GUIANA,110034,2021-01-01
3310,ECUADOR,575689846,2021-01-01
3330,PERU,577937502,2021-01-01
3350,BOLIVIA,35580107,2021-01-01
3370,CHILE,857907614,2021-01-01
3510,BRAZIL,1767033471,2021-01-01
3530,PARAGUAY,14994541,2021-01-01
3550,URUGUAY,42829077,2021-01-01
3570,ARGENTINA,261925664,2021-01-01
3720,FALKLAND ISLANDS (ISLAS MALVINAS),248,2021-01-01
3XXX,SOUTH AMERICA,5171930170,2021-01-01
4000,ICELAND,36138367,2021-01-01
4010,SWEDEN,1101660500,2021-01-01
4039,NORWAY,326232490,2021-01-01
4050,FINLAND,478458743,2021-01-01
4091,FAROE ISLANDS,10610939,2021-01-01
4099,DENMARK,1015813523,2021-01-01
4120,UNITED KINGDOM,3919412205,2021-01-01
4190,IRELAND,5127055132,2021-01-01
4271,ANDORRA,1034922,2021-01-01
4210,NETHERLANDS,1793735701,2021-01-01
4231,BELGIUM,1731560640,2021-01-01
4239,LUXEMBOURG,30311187,2021-01-01
4272,MONACO,59432345,2021-01-01
4279,FRANCE,3736570694,2021-01-01
4280,GERMANY,10760320695,2021-01-01
4330,AUSTRIA,997276009,2021-01-01
4351,CZECH REPUBLIC,407385013,2021-01-01
4359,SLOVAKIA,429706003,2021-01-01
4370,HUNGARY,436513873,2021-01-01
4411,LIECHTENSTEIN,17335485,2021-01-01
4419,SWITZERLAND,5077137607,2021-01-01
4470,ESTONIA,185058532,2021-01-01
4490,LATVIA,34174022,2021-01-01
4510,LITHUANIA,215873280,2021-01-01
4550,POLAND,628711109,2021-01-01
4621,RUSSIA,1947218504,2021-01-01
4622,BELARUS,23918199,2021-01-01
4623,UKRAINE,90343165,2021-01-01
4631,ARMENIA,6021741,2021-01-01
4632,AZERBAIJAN,5474599,2021-01-01
4633,GEORGIA,3922551,2021-01-01
4634,KAZAKHSTAN,80771387,2021-01-01
4635,KYRGYZSTAN,357695,2021-01-01
4641,MOLDOVA,4727872,2021-01-01
4642,TAJIKISTAN,98555,2021-01-01
4643,TURKMENISTAN,222383,2021-01-01
4644,UZBEKISTAN,1378619,2021-01-01
4700,SPAIN,1210264349,2021-01-01
4751,SAN MARINO,1797601,2021-01-01
4710,PORTUGAL,365911611,2021-01-01
4720,GIBRALTAR,105426,2021-01-01
4730,MALTA,22931660,2021-01-01
4752,VATICAN CITY,23464,2021-01-01
4759,ITALY,4403057248,2021-01-01
4791,CROATIA,70998379,2021-01-01
4792,SLOVENIA,88347058,2021-01-01
4793,BOSNIA AND HERZEGOVINA,8818315,2021-01-01
4794,MACEDONIA,39459863,2021-01-01
4801,SERBIA,39125937,2021-01-01
4803,KOSOVO,4904040,2021-01-01
4804,MONTENEGRO,443756,2021-01-01
4810,ALBANIA,4015951,2021-01-01
4840,GREECE,107504287,2021-01-01
4850,ROMANIA,169640860,2021-01-01
4870,BULGARIA,62142669,2021-01-01
4890,TURKEY,1114754931,2021-01-01
4910,CYPRUS,4673072,2021-01-01
4XXX,EUROPE,48440894763,2021-01-01
5020,SYRIA,823307,2021-01-01
5040,LEBANON,20405071,2021-01-01
5050,IRAQ,163312974,2021-01-01
5070,IRAN,24387,2021-01-01
5081,ISRAEL,1325494485,2021-01-01
5082,GAZA STRIP ADMINISTERED BY ISRAEL,121371,2021-01-01
5083,WEST BANK ADMINISTERED BY ISRAEL,825343,2021-01-01
5110,JORDAN,188719084,2021-01-01
5130,KUWAIT,6540889,2021-01-01
5170,SAUDI ARABIA,528591646,2021-01-01
5180,QATAR,121065371,2021-01-01
5250,BAHRAIN,57135287,2021-01-01
5200,UNITED ARAB EMIRATES,563418777,2021-01-01
5210,YEMEN,643539,2021-01-01
5230,OMAN,200038868,2021-01-01
5310,AFGHANISTAN,1901555,2021-01-01
5330,INDIA,5236572731,2021-01-01
5350,PAKISTAN,378766808,2021-01-01
5360,NEPAL,6873866,2021-01-01
5380,BANGLADESH,606153817,2021-01-01
5420,SRI LANKA,208625959,2021-01-01
5460,BURMA,91664766,2021-01-01
5490,THAILAND,3312283077,2021-01-01
5520,VIETNAM,7661973987,2021-01-01
5530,LAOS,10096849,2021-01-01
5550,CAMBODIA,577312600,2021-01-01
5570,MALAYSIA,3751451965,2021-01-01
5590,SINGAPORE,2325122574,2021-01-01
5600,INDONESIA,1766671792,2021-01-01
5601,TIMOR-LESTE,706996,2021-01-01
5610,BRUNEI,510905,2021-01-01
5650,PHILIPPINES,990198266,2021-01-01
5660,MACAU,9557186,2021-01-01
5682,BHUTAN,21095,2021-01-01
5683,MALDIVES,1544280,2021-01-01
5700,CHINA,38835275419,2021-01-01
5740,MONGOLIA,1150582,2021-01-01
5800,"KOREA, SOUTH",6532865159,2021-01-01
5820,HONG KONG,268150995,2021-01-01
5830,TAIWAN,5391682388,2021-01-01
6022,NORFOLK ISLAND,21,2021-01-01
5880,JAPAN,10392293542,2021-01-01
5XXX,ASIA,91536589558,2021-01-01
6021,AUSTRALIA,942546564,2021-01-01
6023,COCOS (KEELING) ISLANDS,64326,2021-01-01
6024,CHRISTMAS ISLAND,4764,2021-01-01
6029,HEARD AND MCDONALD ISLANDS,1543,2021-01-01
6040,PAPUA NEW GUINEA,8813257,2021-01-01
6141,NEW ZEALAND,345695066,2021-01-01
6142,COOK ISLANDS,23954,2021-01-01
6143,TOKELAU,21748,2021-01-01
6144,NIUE,24685,2021-01-01
6150,SAMOA,813780,2021-01-01
6223,SOLOMON ISLANDS,343396,2021-01-01
6224,VANUATU,439256,2021-01-01
6225,PITCAIRN ISLANDS,74,2021-01-01
6227,TUVALU,37310,2021-01-01
6412,NEW CALEDONIA,941964,2021-01-01
6414,FRENCH POLYNESIA,1419436,2021-01-01
6810,MARSHALL ISLANDS,616556,2021-01-01
6820,MICRONESIA,144590,2021-01-01
6830,PALAU,32220,2021-01-01
6862,NAURU,312836,2021-01-01
6863,FIJI,15584506,2021-01-01
6864,TONGA,218084,2021-01-01
6XXX,AUSTRALIA AND OCEANIA,1318099936,2021-01-01
7140,MOROCCO,74097484,2021-01-01
7210,ALGERIA,75449126,2021-01-01
7230,TUNISIA,52759646,2021-01-01
7250,LIBYA,1,2021-01-01
7290,EGYPT,242282915,2021-01-01
7321,SUDAN,273788,2021-01-01
7323,SOUTH SUDAN,386,2021-01-01
7380,EQUATORIAL GUINEA,23078718,2021-01-01
7410,MAURITANIA,377005,2021-01-01
7420,CAMEROON,57635056,2021-01-01
7470,SIERRA LEONE,1379674,2021-01-01
7440,SENEGAL,9520443,2021-01-01
7450,MALI,86479,2021-01-01
7460,GUINEA,1529022,2021-01-01
7480,COTE D'IVOIRE,155643550,2021-01-01
7490,GHANA,141775153,2021-01-01
7500,GAMBIA,50249,2021-01-01
7510,NIGER,6590580,2021-01-01
7520,TOGO,1390802,2021-01-01
7530,NIGERIA,182651036,2021-01-01
7540,CENTRAL AFRICAN REPUBLIC,495,2021-01-01
7550,GABON,1202127,2021-01-01
7560,CHAD,17791,2021-01-01
7580,ST HELENA,100068,2021-01-01
7600,BURKINA FASO,149151,2021-01-01
7610,BENIN,290118,2021-01-01
7620,ANGOLA,54103191,2021-01-01
7630,CONGO,1981831,2021-01-01
7643,CABO VERDE,237317,2021-01-01
7644,SAO TOME AND PRINCIPE,170328,2021-01-01
7650,LIBERIA,3547195,2021-01-01
7660,DEMOCRATIC REPUBLIC OF THE CONGO,3461659,2021-01-01
7670,BURUNDI,1421361,2021-01-01
7690,RWANDA,2625142,2021-01-01
7700,SOMALIA,68560,2021-01-01
7741,ERITREA,60405,2021-01-01
7749,ETHIOPIA,41194437,2021-01-01
7770,DJIBOUTI,4002970,2021-01-01
7780,UGANDA,6425888,2021-01-01
7790,KENYA,54220502,2021-01-01
7800,SEYCHELLES,821568,2021-01-01
7810,BRITISH INDIAN OCEAN TERRITORIES,4121,2021-01-01
7830,TANZANIA,7207781,2021-01-01
7850,MAURITIUS,22706802,2021-01-01
7870,MOZAMBIQUE,6089003,2021-01-01
7904,REUNION,3180154,2021-01-01
7880,MADAGASCAR,58032727,2021-01-01
7881,MAYOTTE,31557,2021-01-01
7890,COMOROS,39078,2021-01-01
7905,FRENCH SOUTHERN AND ANTARCTIC LANDS,378,2021-01-01
7910,SOUTH AFRICA,858001476,2021-01-01
7920,NAMIBIA,5081382,2021-01-01
7930,BOTSWANA,12265308,2021-01-01
7940,ZAMBIA,842049,2021-01-01
7950,ESWATINI,507299,2021-01-01
7960,ZIMBABWE,2472733,2021-01-01
7970,MALAWI,4111654,2021-01-01
7990,LESOTHO,29489842,2021-01-01
7XXX,AFRICA,2212736561,2021-01-01
-,TOTAL FOR ALL COUNTRIES,193435057621,2021-02-01
0003,EUROPEAN UNION,35817551209,2021-02-01
0014,PACIFIC RIM COUNTRIES,63117551632,2021-02-01
0017,CAFTA-DR,2145840372,2021-02-01
0020,USMCA (NAFTA),52417336937,2021-02-01
0021,TWENTY LATIN AMERICAN REPUBLICS,34727283285,2021-02-01
0022,OECD,117210096861,2021-02-01
0023,NATO,57481280206,2021-02-01
0024,LAFTA,32428660252,2021-02-01
0025,EURO AREA,32131568726,2021-02-01
0026,APEC,128697828381,2021-02-01
0027,ASEAN,18310125046,2021-02-01
0028,CACM,1699298507,2021-02-01
1010,GREENLAND,1458708,2021-02-01
1220,CANADA,25215553563,2021-02-01
1610,ST PIERRE AND MIQUELON,304,2021-02-01
1XXX,NORTH AMERICA,52418795949,2021-02-01
2010,MEXICO,27201783374,2021-02-01
2050,GUATEMALA,327594657,2021-02-01
2080,BELIZE,2062002,2021-02-01
2110,EL SALVADOR,178507078,2021-02-01
2150,HONDURAS,387917274,2021-02-01
2190,NICARAGUA,319785377,2021-02-01
2230,COSTA RICA,485494121,2021-02-01
2250,PANAMA,68395696,2021-02-01
2320,BERMUDA,834965,2021-02-01
2360,BAHAMAS,16578130,2021-02-01
2390,CUBA,1316598,2021-02-01
2410,JAMAICA,36894839,2021-02-01
2430,TURKS AND CAICOS ISLANDS,520145,2021-02-01
2440,CAYMAN ISLANDS,777151,2021-02-01
2450,HAITI,83070367,2021-02-01
2470,DOMINICAN REPUBLIC,446541865,2021-02-01
2481,ANGUILLA,21680,2021-02-01
2482,BRITISH VIRGIN ISLANDS,203737,2021-02-01
2483,ST KITTS AND NEVIS,3175451,2021-02-01
2484,ANTIGUA AND BARBUDA,415221,2021-02-01
2485,MONTSERRAT,28035,2021-02-01
2486,DOMINICA,116917,2021-02-01
2487,ST LUCIA,606921,2021-02-01
2488,ST VINCENT AND THE GRENADINES,358193,2021-02-01
2774,SINT MAARTEN,839129,2021-02-01
2489,GRENADA,1070249,2021-02-01
2720,BARBADOS,2546915,2021-02-01
2740,TRINIDAD AND TOBAGO,343801198,2021-02-01
2777,CURACAO,754434,2021-02-01
2779,ARUBA,736885,2021-02-01
2831,GUADELOUPE,155718,2021-02-01
2839,MARTINIQUE,212409,2021-02-01
2XXX,CENTRAL AMERICA,2711333357,2021-02-01
3010,COLOMBIA,1005330216,2021-02-01
3070,VENEZUELA,12347424,2021-02-01
3120,GUYANA,192351126,2021-02-01
3150,SURINAME,4206847,2021-02-01
3170,FRENCH GUIANA,1084,2021-02-01
3310,ECUADOR,505362193,2021-02-01
3330,PERU,505888874,2021-02-01
3350,BOLIVIA,34491875,2021-02-01
3370,CHILE,1124232766,2021-02-01
3510,BRAZIL,1711062931,2021-02-01
3530,PARAGUAY,12342734,2021-02-01
3550,URUGUAY,37548736,2021-02-01
3570,ARGENTINA,278269129,2021-02-01
3720,FALKLAND ISLANDS (ISLAS MALVINAS),713,2021-02-01
3XXX,SOUTH AMERICA,5423436648,2021-02-01
4000,ICELAND,34167040,2021-02-01
4010,SWEDEN,1068879505,2021-02-01
4039,NORWAY,578191158,2021-02-01
4050,FINLAND,475582907,2021-02-01
4091,FAROE ISLANDS,10051075,2021-02-01
4099,DENMARK,870288765,2021-02-01
4231,BELGIUM,1856721559,2021-02-01
4120,UNITED KINGDOM,3858393514,2021-02-01
4190,IRELAND,6358062480,2021-02-01
4210,NETHERLANDS,2004170583,2021-02-01
4239,LUXEMBOURG,43960231,2021-02-01
4271,ANDORRA,907942,2021-02-01
4272,MONACO,2149583,2021-02-01
4279,FRANCE,4330393521,2021-02-01
4280,GERMANY,9265126816,2021-02-01
4330,AUSTRIA,1016844320,2021-02-01
4351,CZECH REPUBLIC,417302782,2021-02-01
4359,SLOVAKIA,438987739,2021-02-01
4370,HUNGARY,409322494,2021-02-01
4411,LIECHTENSTEIN,22738140,2021-02-01
4419,SWITZERLAND,4923785585,2021-02-01
4470,ESTONIA,79043761,2021-02-01
4490,LATVIA,24659300,2021-02-01
4510,LITHUANIA,124598202,2021-02-01
4550,POLAND,648306146,2021-02-01
4621,RUSSIA,1690849056,2021-02-01
4622,BELARUS,24040901,2021-02-01
4623,UKRAINE,108461773,2021-02-01
4631,ARMENIA,7107137,2021-02-01
4632,AZERBAIJAN,4571582,2021-02-01
4633,GEORGIA,7713605,2021-02-01
4634,KAZAKHSTAN,81392080,2021-02-01
4635,KYRGYZSTAN,475409,2021-02-01
4641,MOLDOVA,3615018,2021-02-01
4642,TAJIKISTAN,177305,2021-02-01
4710,PORTUGAL,341944116,2021-02-01
4643,TURKMENISTAN,418884,2021-02-01
4644,UZBEKISTAN,1771932,2021-02-01
4700,SPAIN,1287262751,2021-02-01
4720,GIBRALTAR,285649,2021-02-01
4730,MALTA,22868219,2021-02-01
4751,SAN MARINO,680754,2021-02-01
4752,VATICAN CITY,12005,2021-02-01
4759,ITALY,4164348367,2021-02-01
4791,CROATIA,75572093,2021-02-01
4792,SLOVENIA,101254405,2021-02-01
4793,BOSNIA AND HERZEGOVINA,7423305,2021-02-01
4794,MACEDONIA,5008898,2021-02-01
4801,SERBIA,38185105,2021-02-01
4803,KOSOVO,3412807,2021-02-01
4804,MONTENEGRO,249476,2021-02-01
4810,ALBANIA,3872881,2021-02-01
4840,GREECE,118426607,2021-02-01
4850,ROMANIA,196439238,2021-02-01
4870,BULGARIA,75443553,2021-02-01
4890,TURKEY,996973995,2021-02-01
4910,CYPRUS,1740749,2021-02-01
4XXX,EUROPE,48234634803,2021-02-01
5020,SYRIA,739365,2021-02-01
5040,LEBANON,5903603,2021-02-01
5050,IRAQ,149911260,2021-02-01
5070,IRAN,106108,2021-02-01
5081,ISRAEL,1265394769,2021-02-01
5082,GAZA STRIP ADMINISTERED BY ISRAEL,0,2021-02-01
5083,WEST BANK ADMINISTERED BY ISRAEL,348953,2021-02-01
5110,JORDAN,158874274,2021-02-01
5200,UNITED ARAB EMIRATES,557575248,2021-02-01
5130,KUWAIT,48494430,2021-02-01
5170,SAUDI ARABIA,518017237,2021-02-01
5180,QATAR,102200894,2021-02-01
5210,YEMEN,512646,2021-02-01
5230,OMAN,120660213,2021-02-01
5250,BAHRAIN,56832849,2021-02-01
5310,AFGHANISTAN,1390679,2021-02-01
5330,INDIA,4507556644,2021-02-01
5350,PAKISTAN,337795413,2021-02-01
5360,NEPAL,7522729,2021-02-01
5380,BANGLADESH,573015374,2021-02-01
5420,SRI LANKA,213242345,2021-02-01
5460,BURMA,77641641,2021-02-01
5490,THAILAND,3093927115,2021-02-01
5520,VIETNAM,6755720417,2021-02-01
5530,LAOS,13656886,2021-02-01
5550,CAMBODIA,537241732,2021-02-01
5570,MALAYSIA,3588198462,2021-02-01
5590,SINGAPORE,1779814386,2021-02-01
5600,INDONESIA,1600185732,2021-02-01
5601,TIMOR-LESTE,195718,2021-02-01
5610,BRUNEI,1471850,2021-02-01
5650,PHILIPPINES,862266825,2021-02-01
5660,MACAU,7678416,2021-02-01
5682,BHUTAN,13434,2021-02-01
5683,MALDIVES,1445229,2021-02-01
5700,CHINA,33816759940,2021-02-01
5740,MONGOLIA,379707,2021-02-01
5880,JAPAN,9235186164,2021-02-01
5800,"KOREA, SOUTH",6187856487,2021-02-01
5820,HONG KONG,276622129,2021-02-01
5830,TAIWAN,4462307666,2021-02-01
5XXX,ASIA,80924664969,2021-02-01
6021,AUSTRALIA,1027354871,2021-02-01
6022,NORFOLK ISLAND,332,2021-02-01
6023,COCOS (KEELING) ISLANDS,14294,2021-02-01
6024,CHRISTMAS ISLAND,585,2021-02-01
6029,HEARD AND MCDONALD ISLANDS,22,2021-02-01
6040,PAPUA NEW GUINEA,6854984,2021-02-01
6141,NEW ZEALAND,264993720,2021-02-01
6142,COOK ISLANDS,670,2021-02-01
6143,TOKELAU,19739,2021-02-01
6144,NIUE,9954,2021-02-01
6150,SAMOA,303382,2021-02-01
6223,SOLOMON ISLANDS,170623,2021-02-01
6224,VANUATU,930367,2021-02-01
6225,PITCAIRN ISLANDS,1428,2021-02-01
6226,KIRIBATI,1025,2021-02-01
6227,TUVALU,196745,2021-02-01
6412,NEW CALEDONIA,1857388,2021-02-01
6414,FRENCH POLYNESIA,46287715,2021-02-01
6810,MARSHALL ISLANDS,857889,2021-02-01
6820,MICRONESIA,118415,2021-02-01
6830,PALAU,29085,2021-02-01
6862,NAURU,184134,2021-02-01
6863,FIJI,14355751,2021-02-01
6864,TONGA,175725,2021-02-01
6XXX,AUSTRALIA AND OCEANIA,1364718843,2021-02-01
7140,MOROCCO,88278927,2021-02-01
7210,ALGERIA,107058928,2021-02-01
7230,TUNISIA,42379147,2021-02-01
7250,LIBYA,76462682,2021-02-01
7290,EGYPT,227833679,2021-02-01
7410,MAURITANIA,195240,2021-02-01
7321,SUDAN,767421,2021-02-01
7323,SOUTH SUDAN,0,2021-02-01
7380,EQUATORIAL GUINEA,18812304,2021-02-01
7420,CAMEROON,5494569,2021-02-01
7440,SENEGAL,6829431,2021-02-01
7450,MALI,70557,2021-02-01
7460,GUINEA,579968,2021-02-01
7470,SIERRA LEONE,1390254,2021-02-01
7480,COTE D'IVOIRE,124703745,2021-02-01
7490,GHANA,208581678,2021-02-01
7500,GAMBIA,89112,2021-02-01
7510,NIGER,3832447,2021-02-01
7520,TOGO,965735,2021-02-01
7530,NIGERIA,178523048,2021-02-01
7540,CENTRAL AFRICAN REPUBLIC,450,2021-02-01
7550,GABON,9525165,2021-02-01
7560,CHAD,86858,2021-02-01
7580,ST HELENA,31097,2021-02-01
7600,BURKINA FASO,94542,2021-02-01
7610,BENIN,287868,2021-02-01
7620,ANGOLA,58495703,2021-02-01
7630,CONGO,1472269,2021-02-01
7642,GUINEA-BISSAU,17000,2021-02-01
7643,CABO VERDE,5110,2021-02-01
7644,SAO TOME AND PRINCIPE,161052,2021-02-01
7650,LIBERIA,6468140,2021-02-01
7660,DEMOCRATIC REPUBLIC OF THE CONGO,6002880,2021-02-01
7670,BURUNDI,757440,2021-02-01
7690,RWANDA,3040606,2021-02-01
7700,SOMALIA,58019,2021-02-01
7741,ERITREA,124675,2021-02-01
7749,ETHIOPIA,24955281,2021-02-01
7770,DJIBOUTI,1047083,2021-02-01
7780,UGANDA,6566321,2021-02-01
7830,TANZANIA,5558515,2021-02-01
7790,KENYA,35329925,2021-02-01
7800,SEYCHELLES,110403,2021-02-01
7810,BRITISH INDIAN OCEAN TERRITORIES,27210,2021-02-01
7850,MAURITIUS,15057812,2021-02-01
7870,MOZAMBIQUE,9250334,2021-02-01
7880,MADAGASCAR,39282923,2021-02-01
7881,MAYOTTE,34517,2021-02-01
7890,COMOROS,936055,2021-02-01
7904,REUNION,1849729,2021-02-01
7905,FRENCH SOUTHERN AND ANTARCTIC LANDS,806,2021-02-01
7910,SOUTH AFRICA,983691131,2021-02-01
7920,NAMIBIA,14077287,2021-02-01
7930,BOTSWANA,15509589,2021-02-01
7940,ZAMBIA,3402647,2021-02-01
7950,ESWATINI,315505,2021-02-01
7960,ZIMBABWE,1536731,2021-02-01
7970,MALAWI,3790078,2021-02-01
7990,LESOTHO,15665424,2021-02-01
7XXX,AFRICA,2357473052,2021-02-01
-,TOTAL FOR ALL COUNTRIES,236917164332,2021-03-01
0003,EUROPEAN UNION,40606680211,2021-03-01
0014,PACIFIC RIM COUNTRIES,78944720801,2021-03-01
0017,CAFTA-DR,2739499227,2021-03-01
0020,USMCA (NAFTA),63123819046,2021-03-01
0021,TWENTY LATIN AMERICAN REPUBLICS,42678470615,2021-03-01
0022,OECD,140969974848,2021-03-01
0023,NATO,68051440073,2021-03-01
0024,LAFTA,39664961687,2021-03-01
0025,EURO AREA,35807687447,2021-03-01
0026,APEC,159570838138,2021-03-01
0027,ASEAN,25311222327,2021-03-01
0028,CACM,2150415066,2021-03-01
1010,GREENLAND,4050665,2021-03-01
1220,CANADA,29809929563,2021-03-01
1610,ST PIERRE AND MIQUELON,0,2021-03-01
1XXX,NORTH AMERICA,63127869711,2021-03-01
2010,MEXICO,33313889483,2021-03-01
2050,GUATEMALA,433102964,2021-03-01
2080,BELIZE,21683769,2021-03-01
2110,EL SALVADOR,231514393,2021-03-01
2150,HONDURAS,484165152,2021-03-01
2190,NICARAGUA,391707980,2021-03-01
2230,COSTA RICA,609924577,2021-03-01
2250,PANAMA,181462484,2021-03-01
2320,BERMUDA,1035435,2021-03-01
2360,BAHAMAS,24350963,2021-03-01
2390,CUBA,175000,2021-03-01
2410,JAMAICA,40098640,2021-03-01
2430,TURKS AND CAICOS ISLANDS,396819,2021-03-01
2440,CAYMAN ISLANDS,1187824,2021-03-01
2450,HAITI,92372217,2021-03-01
2470,DOMINICAN REPUBLIC,589084161,2021-03-01
2481,ANGUILLA,101679,2021-03-01
2482,BRITISH VIRGIN ISLANDS,387683,2021-03-01
2483,ST KITTS AND NEVIS,4969299,2021-03-01
2484,ANTIGUA AND BARBUDA,1608754,2021-03-01
2485,MONTSERRAT,319675,2021-03-01
2486,DOMINICA,76893,2021-03-01
2720,BARBADOS,6687107,2021-03-01
2487,ST LUCIA,1046437,2021-03-01
2488,ST VINCENT AND THE GRENADINES,433149,2021-03-01
2489,GRENADA,1939647,2021-03-01
2740,TRINIDAD AND TOBAGO,300177183,2021-03-01
2774,SINT MAARTEN,2014329,2021-03-01
2777,CURACAO,3413852,2021-03-01
2779,ARUBA,671925,2021-03-01
2831,GUADELOUPE,145756,2021-03-01
2839,MARTINIQUE,14310,2021-03-01
2XXX,CENTRAL AMERICA,3426270056,2021-03-01
3010,COLOMBIA,982612289,2021-03-01
3070,VENEZUELA,19231324,2021-03-01
3120,GUYANA,102415207,2021-03-01
3150,SURINAME,4857842,2021-03-01
3170,FRENCH GUIANA,11428,2021-03-01
3310,ECUADOR,654107937,2021-03-01
3330,PERU,463058942,2021-03-01
3350,BOLIVIA,47153531,2021-03-01
3370,CHILE,1669240020,2021-03-01
3510,BRAZIL,2127207598,2021-03-01
3530,PARAGUAY,10698350,2021-03-01
3550,URUGUAY,40717496,2021-03-01
3570,ARGENTINA,337044717,2021-03-01
3720,FALKLAND ISLANDS (ISLAS MALVINAS),3213066,2021-03-01
3XXX,SOUTH AMERICA,6461569747,2021-03-01
4000,ICELAND,55821513,2021-03-01
4010,SWEDEN,1392883208,2021-03-01
4031,"SVALBARD, JAN MAYEN ISLAND",15,2021-03-01
4039,NORWAY,630428174,2021-03-01
4120,UNITED KINGDOM,5082653769,2021-03-01
4050,FINLAND,538909023,2021-03-01
4091,FAROE ISLANDS,14987665,2021-03-01
4099,DENMARK,987606322,2021-03-01
4190,IRELAND,6029820316,2021-03-01
4210,NETHERLANDS,2491812555,2021-03-01
4231,BELGIUM,1878763315,2021-03-01
4239,LUXEMBOURG,46465146,2021-03-01
4271,ANDORRA,253642,2021-03-01
4272,MONACO,6087777,2021-03-01
4279,FRANCE,4110343317,2021-03-01
4280,GERMANY,11542076654,2021-03-01
4330,AUSTRIA,1241629295,2021-03-01
4351,CZECH REPUBLIC,517140514,2021-03-01
4359,SLOVAKIA,624968232,2021-03-01
4370,HUNGARY,737417079,2021-03-01
4411,LIECHTENSTEIN,23532693,2021-03-01
4419,SWITZERLAND,6317130421,2021-03-01
4470,ESTONIA,128066273,2021-03-01
4490,LATVIA,54112776,2021-03-01
4510,LITHUANIA,218322661,2021-03-01
4550,POLAND,823726961,2021-03-01
4621,RUSSIA,2580143119,2021-03-01
4622,BELARUS,48994062,2021-03-01
4623,UKRAINE,166964194,2021-03-01
4631,ARMENIA,8166371,2021-03-01
4632,AZERBAIJAN,5499406,2021-03-01
4633,GEORGIA,16475903,2021-03-01
4642,TAJIKISTAN,175407,2021-03-01
4634,KAZAKHSTAN,137888336,2021-03-01
4635,KYRGYZSTAN,1032834,2021-03-01
4641,MOLDOVA,3998091,2021-03-01
4643,TURKMENISTAN,433195,2021-03-01
4644,UZBEKISTAN,691500,2021-03-01
4700,SPAIN,1507243452,2021-03-01
4710,PORTUGAL,381472059,2021-03-01
4720,GIBRALTAR,327818,2021-03-01
4730,MALTA,17936423,2021-03-01
4751,SAN MARINO,1237757,2021-03-01
4752,VATICAN CITY,52500,2021-03-01
4759,ITALY,4683046348,2021-03-01
4791,CROATIA,71670195,2021-03-01
4792,SLOVENIA,95554901,2021-03-01
4793,BOSNIA AND HERZEGOVINA,13114596,2021-03-01
4794,MACEDONIA,7628025,2021-03-01
4801,SERBIA,43067312,2021-03-01
4803,KOSOVO,9330016,2021-03-01
4804,MONTENEGRO,843248,2021-03-01
4810,ALBANIA,6831700,2021-03-01
4840,GREECE,140267863,2021-03-01
4850,ROMANIA,239912239,2021-03-01
4870,BULGARIA,100306441,2021-03-01
4890,TURKEY,1163981946,2021-03-01
4910,CYPRUS,5206643,2021-03-01
4XXX,EUROPE,56954453216,2021-03-01
5020,SYRIA,596565,2021-03-01
5040,LEBANON,11738599,2021-03-01
5050,IRAQ,372964352,2021-03-01
5083,WEST BANK ADMINISTERED BY ISRAEL,378525,2021-03-01
5070,IRAN,5799,2021-03-01
5081,ISRAEL,1557193079,2021-03-01
5082,GAZA STRIP ADMINISTERED BY ISRAEL,99088,2021-03-01
5110,JORDAN,245848748,2021-03-01
5130,KUWAIT,16891891,2021-03-01
5170,SAUDI ARABIA,907264831,2021-03-01
5180,QATAR,157514238,2021-03-01
5200,UNITED ARAB EMIRATES,343508189,2021-03-01
5210,YEMEN,531740,2021-03-01
5230,OMAN,149571408,2021-03-01
5250,BAHRAIN,95359554,2021-03-01
5310,AFGHANISTAN,2338706,2021-03-01
5330,INDIA,5935709675,2021-03-01
5350,PAKISTAN,439956040,2021-03-01
5360,NEPAL,9311564,2021-03-01
5380,BANGLADESH,622838312,2021-03-01
5420,SRI LANKA,258609036,2021-03-01
5460,BURMA,106493539,2021-03-01
5490,THAILAND,3977657721,2021-03-01
5520,VIETNAM,8825091495,2021-03-01
5530,LAOS,20839832,2021-03-01
5550,CAMBODIA,746994999,2021-03-01
5570,MALAYSIA,5436481323,2021-03-01
5590,SINGAPORE,2940205656,2021-03-01
5600,INDONESIA,2067037145,2021-03-01
5601,TIMOR-LESTE,150343,2021-03-01
5610,BRUNEI,1148505,2021-03-01
5650,PHILIPPINES,1189272112,2021-03-01
5700,CHINA,39934039704,2021-03-01
5660,MACAU,12893006,2021-03-01
5682,BHUTAN,32971,2021-03-01
5683,MALDIVES,1807074,2021-03-01
5740,MONGOLIA,517098,2021-03-01
5800,"KOREA, SOUTH",8011591777,2021-03-01
5820,HONG KONG,236567713,2021-03-01
5830,TAIWAN,5652306379,2021-03-01
5880,JAPAN,12153163982,2021-03-01
5XXX,ASIA,102442522313,2021-03-01
6021,AUSTRALIA,886238900,2021-03-01
6022,NORFOLK ISLAND,0,2021-03-01
6023,COCOS (KEELING) ISLANDS,51811,2021-03-01
6024,CHRISTMAS ISLAND,37796,2021-03-01
6029,HEARD AND MCDONALD ISLANDS,1019,2021-03-01
6040,PAPUA NEW GUINEA,4275211,2021-03-01
6141,NEW ZEALAND,419499388,2021-03-01
6142,COOK ISLANDS,59373,2021-03-01
6143,TOKELAU,103686,2021-03-01
6144,NIUE,70369,2021-03-01
6150,SAMOA,582571,2021-03-01
6223,SOLOMON ISLANDS,70164,2021-03-01
6224,VANUATU,396480,2021-03-01
6225,PITCAIRN ISLANDS,121,2021-03-01
6226,KIRIBATI,87507,2021-03-01
6227,TUVALU,544,2021-03-01
6412,NEW CALEDONIA,6738281,2021-03-01
6413,WALLIS AND FUTUNA,513,2021-03-01
6414,FRENCH POLYNESIA,2281337,2021-03-01
6810,MARSHALL ISLANDS,3692679,2021-03-01
6820,MICRONESIA,109024,2021-03-01
6830,PALAU,64443,2021-03-01
6862,NAURU,51110,2021-03-01
6863,FIJI,19598915,2021-03-01
6864,TONGA,334751,2021-03-01
7230,TUNISIA,61592434,2021-03-01
6XXX,AUSTRALIA AND OCEANIA,1344345993,2021-03-01
7140,MOROCCO,113039776,2021-03-01
7210,ALGERIA,205134955,2021-03-01
7250,LIBYA,164280154,2021-03-01
7290,EGYPT,220039029,2021-03-01
7321,SUDAN,5766,2021-03-01
7323,SOUTH SUDAN,1443,2021-03-01
7380,EQUATORIAL GUINEA,12011599,2021-03-01
7410,MAURITANIA,102512,2021-03-01
7420,CAMEROON,10276017,2021-03-01
7440,SENEGAL,12141074,2021-03-01
7450,MALI,189375,2021-03-01
7460,GUINEA,452898,2021-03-01
7470,SIERRA LEONE,698170,2021-03-01
7480,COTE D'IVOIRE,225049131,2021-03-01
7490,GHANA,94967439,2021-03-01
7500,GAMBIA,207854,2021-03-01
7510,NIGER,10259295,2021-03-01
7520,TOGO,1084963,2021-03-01
7530,NIGERIA,285853054,2021-03-01
7540,CENTRAL AFRICAN REPUBLIC,178821,2021-03-01
7550,GABON,15001257,2021-03-01
7560,CHAD,763003,2021-03-01
7580,ST HELENA,24018,2021-03-01
7600,BURKINA FASO,382840,2021-03-01
7610,BENIN,1593939,2021-03-01
7620,ANGOLA,88722466,2021-03-01
7630,CONGO,2769893,2021-03-01
7642,GUINEA-BISSAU,19203,2021-03-01
7643,CABO VERDE,614033,2021-03-01
7644,SAO TOME AND PRINCIPE,135998,2021-03-01
7650,LIBERIA,7703578,2021-03-01
7700,SOMALIA,42222,2021-03-01
7660,DEMOCRATIC REPUBLIC OF THE CONGO,4311188,2021-03-01
7670,BURUNDI,698423,2021-03-01
7690,RWANDA,2045973,2021-03-01
7741,ERITREA,44577,2021-03-01
7749,ETHIOPIA,40496600,2021-03-01
7770,DJIBOUTI,1530754,2021-03-01
7780,UGANDA,5333974,2021-03-01
7790,KENYA,68921058,2021-03-01
7800,SEYCHELLES,557168,2021-03-01
7810,BRITISH INDIAN OCEAN TERRITORIES,48691,2021-03-01
7830,TANZANIA,5873167,2021-03-01
7850,MAURITIUS,17195976,2021-03-01
7870,MOZAMBIQUE,2384498,2021-03-01
7880,MADAGASCAR,57990851,2021-03-01
7881,MAYOTTE,108006,2021-03-01
7890,COMOROS,1226,2021-03-01
7904,REUNION,1641987,2021-03-01
7905,FRENCH SOUTHERN AND ANTARCTIC LANDS,43,2021-03-01
7910,SOUTH AFRICA,1367557696,2021-03-01
7920,NAMIBIA,9480051,2021-03-01
7930,BOTSWANA,11755085,2021-03-01
7940,ZAMBIA,2630662,2021-03-01
7950,ESWATINI,464098,2021-03-01
7960,ZIMBABWE,5506272,2021-03-01
7970,MALAWI,4197854,2021-03-01
7990,LESOTHO,14019209,2021-03-01
7XXX,AFRICA,3160133296,2021-03-01
-,TOTAL FOR ALL COUNTRIES,226461821602,2021-04-01
0003,EUROPEAN UNION,40380184898,2021-04-01
0014,PACIFIC RIM COUNTRIES,76214664929,2021-04-01
0017,CAFTA-DR,2385718314,2021-04-01
0020,USMCA (NAFTA),59476022536,2021-04-01
0021,TWENTY LATIN AMERICAN REPUBLICS,41206206072,2021-04-01
0022,OECD,134600189387,2021-04-01
0023,NATO,65593714587,2021-04-01
0024,LAFTA,38622787326,2021-04-01
0025,EURO AREA,35968193856,2021-04-01
0026,APEC,151635684310,2021-04-01
0027,ASEAN,23034942093,2021-04-01
0028,CACM,1877476419,2021-04-01
1010,GREENLAND,2671588,2021-04-01
1220,CANADA,27484178130,2021-04-01
1610,ST PIERRE AND MIQUELON,0,2021-04-01
1XXX,NORTH AMERICA,59478694124,2021-04-01
2010,MEXICO,31991844406,2021-04-01
2050,GUATEMALA,396659860,2021-04-01
2080,BELIZE,3506271,2021-04-01
2110,EL SALVADOR,201049161,2021-04-01
2150,HONDURAS,423720428,2021-04-01
2190,NICARAGUA,356822769,2021-04-01
2230,COSTA RICA,499224201,2021-04-01
2250,PANAMA,100797873,2021-04-01
2320,BERMUDA,701362,2021-04-01
2360,BAHAMAS,31766669,2021-04-01
2390,CUBA,103127,2021-04-01
2410,JAMAICA,21910083,2021-04-01
2430,TURKS AND CAICOS ISLANDS,584702,2021-04-01
2440,CAYMAN ISLANDS,1273126,2021-04-01
2450,HAITI,96799432,2021-04-01
2470,DOMINICAN REPUBLIC,508241895,2021-04-01
2481,ANGUILLA,57915,2021-04-01
2482,BRITISH VIRGIN ISLANDS,651494,2021-04-01
2483,ST KITTS AND NEVIS,3061935,2021-04-01
2484,ANTIGUA AND BARBUDA,1210753,2021-04-01
2485,MONTSERRAT,202906,2021-04-01
2486,DOMINICA,125258,2021-04-01
2720,BARBADOS,4093189,2021-04-01
2487,ST LUCIA,801041,2021-04-01
2488,ST VINCENT AND THE GRENADINES,467319,2021-04-01
2489,GRENADA,1412223,2021-04-01
2740,TRINIDAD AND TOBAGO,386209365,2021-04-01
2774,SINT MAARTEN,1241563,2021-04-01
2777,CURACAO,431651,2021-04-01
2779,ARUBA,1794623,2021-04-01
2831,GUADELOUPE,87414,2021-04-01
2839,MARTINIQUE,132863,2021-04-01
2XXX,CENTRAL AMERICA,3045142471,2021-04-01
3010,COLOMBIA,1242904176,2021-04-01
3070,VENEZUELA,23563713,2021-04-01
3120,GUYANA,203810652,2021-04-01
3150,SURINAME,4122179,2021-04-01
3170,FRENCH GUIANA,15400,2021-04-01
3310,ECUADOR,810348474,2021-04-01
3330,PERU,365630278,2021-04-01
3350,BOLIVIA,35382268,2021-04-01
3370,CHILE,1359080791,2021-04-01
3510,BRAZIL,2338760185,2021-04-01
3530,PARAGUAY,13572098,2021-04-01
3550,URUGUAY,38762563,2021-04-01
3570,ARGENTINA,402938374,2021-04-01
3720,FALKLAND ISLANDS (ISLAS MALVINAS),1150317,2021-04-01
3XXX,SOUTH AMERICA,6840041468,2021-04-01
4000,ICELAND,37209464,2021-04-01
4010,SWEDEN,1356243451,2021-04-01
4031,"SVALBARD, JAN MAYEN ISLAND",0,2021-04-01
4039,NORWAY,554301474,2021-04-01
4120,UNITED KINGDOM,4619127682,2021-04-01
4050,FINLAND,636844271,2021-04-01
4091,FAROE ISLANDS,15617481,2021-04-01
4099,DENMARK,859491038,2021-04-01
4190,IRELAND,5586054608,2021-04-01
4210,NETHERLANDS,3073724794,2021-04-01
4231,BELGIUM,1805358692,2021-04-01
4239,LUXEMBOURG,49080650,2021-04-01
4271,ANDORRA,120492,2021-04-01
4272,MONACO,1275445,2021-04-01
4279,FRANCE,4485177409,2021-04-01
4280,GERMANY,11037215456,2021-04-01
4330,AUSTRIA,1275937536,2021-04-01
4351,CZECH REPUBLIC,553299806,2021-04-01
4359,SLOVAKIA,385958231,2021-04-01
4370,HUNGARY,557513278,2021-04-01
4411,LIECHTENSTEIN,29446514,2021-04-01
4419,SWITZERLAND,4195898908,2021-04-01
4470,ESTONIA,120291068,2021-04-01
4490,LATVIA,59839188,2021-04-01
4510,LITHUANIA,163266840,2021-04-01
4550,POLAND,751798497,2021-04-01
4621,RUSSIA,2460307668,2021-04-01
4622,BELARUS,46354837,2021-04-01
4623,UKRAINE,126363862,2021-04-01
4631,ARMENIA,9719713,2021-04-01
4632,AZERBAIJAN,4035630,2021-04-01
4633,GEORGIA,3949225,2021-04-01
4642,TAJIKISTAN,171013,2021-04-01
4634,KAZAKHSTAN,120042220,2021-04-01
4635,KYRGYZSTAN,470397,2021-04-01
4641,MOLDOVA,3233847,2021-04-01
4643,TURKMENISTAN,126260,2021-04-01
4644,UZBEKISTAN,1748211,2021-04-01
4700,SPAIN,1523310392,2021-04-01
4710,PORTUGAL,468126357,2021-04-01
4720,GIBRALTAR,416850,2021-04-01
4730,MALTA,20965483,2021-04-01
4751,SAN MARINO,1102517,2021-04-01
4752,VATICAN CITY,20371,2021-04-01
4759,ITALY,4968213120,2021-04-01
4791,CROATIA,65475827,2021-04-01
4792,SLOVENIA,102948402,2021-04-01
4793,BOSNIA AND HERZEGOVINA,13624679,2021-04-01
4794,MACEDONIA,8714486,2021-04-01
4801,SERBIA,39254163,2021-04-01
4803,KOSOVO,11175576,2021-04-01
4804,MONTENEGRO,519849,2021-04-01
4810,ALBANIA,5664926,2021-04-01
4840,GREECE,135774623,2021-04-01
4850,ROMANIA,242139047,2021-04-01
4870,BULGARIA,91505925,2021-04-01
4890,TURKEY,1464865024,2021-04-01
4910,CYPRUS,4630909,2021-04-01
4XXX,EUROPE,54155063682,2021-04-01
5020,SYRIA,1291851,2021-04-01
5040,LEBANON,15762011,2021-04-01
5050,IRAQ,269456286,2021-04-01
5083,WEST BANK ADMINISTERED BY ISRAEL,571280,2021-04-01
5070,IRAN,102660,2021-04-01
5081,ISRAEL,1471519237,2021-04-01
5082,GAZA STRIP ADMINISTERED BY ISRAEL,0,2021-04-01
5110,JORDAN,177580355,2021-04-01
5130,KUWAIT,147443114,2021-04-01
5170,SAUDI ARABIA,841741055,2021-04-01
5180,QATAR,174018420,2021-04-01
5200,UNITED ARAB EMIRATES,468812303,2021-04-01
5210,YEMEN,1128963,2021-04-01
5230,OMAN,131335754,2021-04-01
5250,BAHRAIN,83563902,2021-04-01
5310,AFGHANISTAN,2855084,2021-04-01
5330,INDIA,5984726218,2021-04-01
5350,PAKISTAN,364358433,2021-04-01
5360,NEPAL,8112697,2021-04-01
5380,BANGLADESH,560939771,2021-04-01
5420,SRI LANKA,225564427,2021-04-01
5460,BURMA,68066064,2021-04-01
5490,THAILAND,3799143858,2021-04-01
5520,VIETNAM,7966634834,2021-04-01
5530,LAOS,17939124,2021-04-01
5550,CAMBODIA,655749591,2021-04-01
5570,MALAYSIA,4558195175,2021-04-01
5590,SINGAPORE,2524952188,2021-04-01
5600,INDONESIA,2359194828,2021-04-01
5601,TIMOR-LESTE,555917,2021-04-01
5610,BRUNEI,1458794,2021-04-01
5650,PHILIPPINES,1083607637,2021-04-01
5700,CHINA,37371138998,2021-04-01
5660,MACAU,5800584,2021-04-01
5682,BHUTAN,29130,2021-04-01
5683,MALDIVES,1210940,2021-04-01
5740,MONGOLIA,973252,2021-04-01
5800,"KOREA, SOUTH",7896276434,2021-04-01
5820,HONG KONG,391756556,2021-04-01
5830,TAIWAN,6225048029,2021-04-01
5880,JAPAN,12433900653,2021-04-01
5XXX,ASIA,98292516407,2021-04-01
6021,AUSTRALIA,1000183636,2021-04-01
6022,NORFOLK ISLAND,0,2021-04-01
6023,COCOS (KEELING) ISLANDS,34189,2021-04-01
6024,CHRISTMAS ISLAND,108364,2021-04-01
6029,HEARD AND MCDONALD ISLANDS,15556,2021-04-01
6040,PAPUA NEW GUINEA,3709548,2021-04-01
6141,NEW ZEALAND,359441869,2021-04-01
6142,COOK ISLANDS,115147,2021-04-01
6143,TOKELAU,14904,2021-04-01
6144,NIUE,23802,2021-04-01
6150,SAMOA,815071,2021-04-01
6223,SOLOMON ISLANDS,160458,2021-04-01
6224,VANUATU,922582,2021-04-01
6225,PITCAIRN ISLANDS,1839,2021-04-01
6226,KIRIBATI,120,2021-04-01
6227,TUVALU,2673,2021-04-01
6412,NEW CALEDONIA,6230100,2021-04-01
6413,WALLIS AND FUTUNA,342,2021-04-01
6414,FRENCH POLYNESIA,1973316,2021-04-01
6810,MARSHALL ISLANDS,1006430,2021-04-01
6820,MICRONESIA,198858,2021-04-01
6830,PALAU,25424,2021-04-01
6862,NAURU,207711,2021-04-01
6863,FIJI,19206430,2021-04-01
6864,TONGA,294859,2021-04-01
7230,TUNISIA,78515879,2021-04-01
6XXX,AUSTRALIA AND OCEANIA,1394693228,2021-04-01
7140,MOROCCO,109816699,2021-04-01
7210,ALGERIA,201694133,2021-04-01
7250,LIBYA,192391000,2021-04-01
7290,EGYPT,250391004,2021-04-01
7321,SUDAN,1495270,2021-04-01
7323,SOUTH SUDAN,262,2021-04-01
7380,EQUATORIAL GUINEA,21187369,2021-04-01
7410,MAURITANIA,402213,2021-04-01
7420,CAMEROON,5581561,2021-04-01
7440,SENEGAL,11010287,2021-04-01
7450,MALI,211705,2021-04-01
7460,GUINEA,1781928,2021-04-01
7470,SIERRA LEONE,2139799,2021-04-01
7480,COTE D'IVOIRE,147154772,2021-04-01
7490,GHANA,43778524,2021-04-01
7500,GAMBIA,65477,2021-04-01
7510,NIGER,6479407,2021-04-01
7520,TOGO,1367236,2021-04-01
7530,NIGERIA,282009435,2021-04-01
7540,CENTRAL AFRICAN REPUBLIC,2423,2021-04-01
7550,GABON,3709599,2021-04-01
7560,CHAD,206177,2021-04-01
7580,ST HELENA,3344521,2021-04-01
7600,BURKINA FASO,218515,2021-04-01
7610,BENIN,378643,2021-04-01
7620,ANGOLA,102799115,2021-04-01
7630,CONGO,3482242,2021-04-01
7642,GUINEA-BISSAU,77,2021-04-01
7643,CABO VERDE,912682,2021-04-01
7644,SAO TOME AND PRINCIPE,132839,2021-04-01
7650,LIBERIA,3996761,2021-04-01
7700,SOMALIA,159710,2021-04-01
7660,DEMOCRATIC REPUBLIC OF THE CONGO,22886613,2021-04-01
7670,BURUNDI,629987,2021-04-01
7690,RWANDA,3126080,2021-04-01
7741,ERITREA,7668,2021-04-01
7749,ETHIOPIA,25160146,2021-04-01
7770,DJIBOUTI,468192,2021-04-01
7780,UGANDA,5121310,2021-04-01
7790,KENYA,49930832,2021-04-01
7800,SEYCHELLES,951142,2021-04-01
7810,BRITISH INDIAN OCEAN TERRITORIES,40404,2021-04-01
7830,TANZANIA,6959231,2021-04-01
7850,MAURITIUS,19006046,2021-04-01
7870,MOZAMBIQUE,7517423,2021-04-01
7880,MADAGASCAR,48669561,2021-04-01
7881,MAYOTTE,31944,2021-04-01
7890,COMOROS,260680,2021-04-01
7904,REUNION,5076840,2021-04-01
7905,FRENCH SOUTHERN AND ANTARCTIC LANDS,0,2021-04-01
7910,SOUTH AFRICA,1523893170,2021-04-01
7920,NAMIBIA,8835879,2021-04-01
7930,BOTSWANA,14435907,2021-04-01
7940,ZAMBIA,3269110,2021-04-01
7950,ESWATINI,728762,2021-04-01
7960,ZIMBABWE,1642788,2021-04-01
7970,MALAWI,2832244,2021-04-01
7990,LESOTHO,27370999,2021-04-01
7XXX,AFRICA,3255670222,2021-04-01
-,TOTAL FOR ALL COUNTRIES,230413997150,2021-05-01
0003,EUROPEAN UNION,39932149700,2021-05-01
0014,PACIFIC RIM COUNTRIES,77049174512,2021-05-01
0017,CAFTA-DR,2594617126,2021-05-01
0020,USMCA (NAFTA),60149350376,2021-05-01
0021,TWENTY LATIN AMERICAN REPUBLICS,40148239010,2021-05-01
0022,OECD,134106221715,2021-05-01
0023,NATO,66800534295,2021-05-01
0024,LAFTA,37419114688,2021-05-01
0025,EURO AREA,35432987444,2021-05-01
0026,APEC,154366690530,2021-05-01
0027,ASEAN,24781749888,2021-05-01
0028,CACM,2029775234,2021-05-01
1010,GREENLAND,1277004,2021-05-01
1220,CANADA,29040495464,2021-05-01
1610,ST PIERRE AND MIQUELON,92,2021-05-01
1XXX,NORTH AMERICA,60150627472,2021-05-01
2010,MEXICO,31108854912,2021-05-01
2050,GUATEMALA,370469099,2021-05-01
2080,BELIZE,3685828,2021-05-01
2110,EL SALVADOR,205910884,2021-05-01
2150,HONDURAS,448983657,2021-05-01
2190,NICARAGUA,388908001,2021-05-01
2230,COSTA RICA,615503593,2021-05-01
2250,PANAMA,39665851,2021-05-01
2320,BERMUDA,886299,2021-05-01
2360,BAHAMAS,20329434,2021-05-01
2390,CUBA,24500,2021-05-01
2410,JAMAICA,56649471,2021-05-01
2430,TURKS AND CAICOS ISLANDS,395546,2021-05-01
2440,CAYMAN ISLANDS,1393397,2021-05-01
2450,HAITI,94816845,2021-05-01
2470,DOMINICAN REPUBLIC,564841892,2021-05-01
2481,ANGUILLA,44377,2021-05-01
2482,BRITISH VIRGIN ISLANDS,413210,2021-05-01
2483,ST KITTS AND NEVIS,2751301,2021-05-01
2484,ANTIGUA AND BARBUDA,168159,2021-05-01
2485,MONTSERRAT,65852,2021-05-01
2486,DOMINICA,136362,2021-05-01
2720,BARBADOS,3152401,2021-05-01
2487,ST LUCIA,677153,2021-05-01
2488,ST VINCENT AND THE GRENADINES,407862,2021-05-01
2489,GRENADA,1631219,2021-05-01
2740,TRINIDAD AND TOBAGO,367261257,2021-05-01
2774,SINT MAARTEN,3617252,2021-05-01
2777,CURACAO,2823305,2021-05-01
2779,ARUBA,792539,2021-05-01
2831,GUADELOUPE,116670,2021-05-01
2839,MARTINIQUE,59743,2021-05-01
2XXX,CENTRAL AMERICA,3196582959,2021-05-01
3010,COLOMBIA,1085562059,2021-05-01
3070,VENEZUELA,21008661,2021-05-01
3120,GUYANA,233083160,2021-05-01
3150,SURINAME,2974647,2021-05-01
3170,FRENCH GUIANA,3865,2021-05-01
3310,ECUADOR,724692347,2021-05-01
3330,PERU,390497676,2021-05-01
3350,BOLIVIA,38560313,2021-05-01
3370,CHILE,1106667888,2021-05-01
3510,BRAZIL,2467947967,2021-05-01
3530,PARAGUAY,30494843,2021-05-01
3550,URUGUAY,58696010,2021-05-01
3570,ARGENTINA,386132012,2021-05-01
3720,FALKLAND ISLANDS (ISLAS MALVINAS),794989,2021-05-01
3XXX,SOUTH AMERICA,6547116437,2021-05-01
4000,ICELAND,53527993,2021-05-01
4010,SWEDEN,1309290013,2021-05-01
4031,"SVALBARD, JAN MAYEN ISLAND",113,2021-05-01
4039,NORWAY,603598333,2021-05-01
4120,UNITED KINGDOM,4690877267,2021-05-01
4050,FINLAND,458113561,2021-05-01
4091,FAROE ISLANDS,13826429,2021-05-01
4099,DENMARK,915088033,2021-05-01
4190,IRELAND,5735564137,2021-05-01
4210,NETHERLANDS,2733619752,2021-05-01
4231,BELGIUM,1648836598,2021-05-01
4239,LUXEMBOURG,44549851,2021-05-01
4271,ANDORRA,1800062,2021-05-01
4272,MONACO,9521805,2021-05-01
4279,FRANCE,3906187843,2021-05-01
4280,GERMANY,11178993974,2021-05-01
4330,AUSTRIA,1213671767,2021-05-01
4351,CZECH REPUBLIC,541899001,2021-05-01
4359,SLOVAKIA,483279708,2021-05-01
4370,HUNGARY,567264385,2021-05-01
4411,LIECHTENSTEIN,24634822,2021-05-01
4419,SWITZERLAND,4789292830,2021-05-01
4470,ESTONIA,174828500,2021-05-01
4490,LATVIA,54904223,2021-05-01
4510,LITHUANIA,198676435,2021-05-01
4550,POLAND,801915683,2021-05-01
4621,RUSSIA,2745252409,2021-05-01
4622,BELARUS,17976305,2021-05-01
4623,UKRAINE,191699291,2021-05-01
4631,ARMENIA,8703679,2021-05-01
4632,AZERBAIJAN,7594630,2021-05-01
4633,GEORGIA,17308678,2021-05-01
4642,TAJIKISTAN,5449,2021-05-01
4634,KAZAKHSTAN,290612997,2021-05-01
4635,KYRGYZSTAN,1226294,2021-05-01
4641,MOLDOVA,5548393,2021-05-01
4643,TURKMENISTAN,24148,2021-05-01
4644,UZBEKISTAN,18868015,2021-05-01
4700,SPAIN,1647710526,2021-05-01
4710,PORTUGAL,408965474,2021-05-01
4720,GIBRALTAR,94990,2021-05-01
4730,MALTA,18332964,2021-05-01
4751,SAN MARINO,767890,2021-05-01
4752,VATICAN CITY,28788,2021-05-01
4759,ITALY,5167825717,2021-05-01
4791,CROATIA,103549644,2021-05-01
4792,SLOVENIA,113506260,2021-05-01
4793,BOSNIA AND HERZEGOVINA,20229281,2021-05-01
4794,MACEDONIA,28509807,2021-05-01
4801,SERBIA,37349168,2021-05-01
4803,KOSOVO,8981318,2021-05-01
4804,MONTENEGRO,718093,2021-05-01
4810,ALBANIA,6356641,2021-05-01
4840,GREECE,138088994,2021-05-01
4850,ROMANIA,268586567,2021-05-01
4870,BULGARIA,95118574,2021-05-01
4890,TURKEY,1322189140,2021-05-01
4910,CYPRUS,3781516,2021-05-01
4XXX,EUROPE,54849274758,2021-05-01
5020,SYRIA,690274,2021-05-01
5040,LEBANON,21616477,2021-05-01
5050,IRAQ,393683739,2021-05-01
5083,WEST BANK ADMINISTERED BY ISRAEL,308979,2021-05-01
5070,IRAN,0,2021-05-01
5081,ISRAEL,1482102136,2021-05-01
5082,GAZA STRIP ADMINISTERED BY ISRAEL,0,2021-05-01
5110,JORDAN,183899259,2021-05-01
5130,KUWAIT,67569431,2021-05-01
5170,SAUDI ARABIA,993431384,2021-05-01
5180,QATAR,113487116,2021-05-01
5200,UNITED ARAB EMIRATES,430852776,2021-05-01
5210,YEMEN,617982,2021-05-01
5230,OMAN,107838848,2021-05-01
5250,BAHRAIN,110785030,2021-05-01
5310,AFGHANISTAN,3068250,2021-05-01
5330,INDIA,6060284130,2021-05-01
5350,PAKISTAN,465714250,2021-05-01
5360,NEPAL,6383618,2021-05-01
5380,BANGLADESH,704987725,2021-05-01
5420,SRI LANKA,234805820,2021-05-01
5460,BURMA,62190512,2021-05-01
5490,THAILAND,4362839575,2021-05-01
5520,VIETNAM,8574499593,2021-05-01
5530,LAOS,19363172,2021-05-01
5550,CAMBODIA,611348585,2021-05-01
5570,MALAYSIA,5100880066,2021-05-01
5590,SINGAPORE,2526039178,2021-05-01
5600,INDONESIA,2373606972,2021-05-01
5601,TIMOR-LESTE,269039,2021-05-01
5610,BRUNEI,2648915,2021-05-01
5650,PHILIPPINES,1148333320,2021-05-01
5700,CHINA,38486525451,2021-05-01
5660,MACAU,11591499,2021-05-01
5682,BHUTAN,69607,2021-05-01
5683,MALDIVES,1333682,2021-05-01
5740,MONGOLIA,1197826,2021-05-01
5800,"KOREA, SOUTH",7993678650,2021-05-01
5820,HONG KONG,310905184,2021-05-01
5830,TAIWAN,6365854222,2021-05-01
5880,JAPAN,11448657859,2021-05-01
5XXX,ASIA,100783960131,2021-05-01
6021,AUSTRALIA,905012284,2021-05-01
6022,NORFOLK ISLAND,45346,2021-05-01
6023,COCOS (KEELING) ISLANDS,39272,2021-05-01
6024,CHRISTMAS ISLAND,25903,2021-05-01
6029,HEARD AND MCDONALD ISLANDS,4963,2021-05-01
6040,PAPUA NEW GUINEA,3373730,2021-05-01
6141,NEW ZEALAND,372067182,2021-05-01
6142,COOK ISLANDS,54663,2021-05-01
6143,TOKELAU,9571,2021-05-01
6144,NIUE,51799,2021-05-01
6150,SAMOA,458326,2021-05-01
6223,SOLOMON ISLANDS,79823,2021-05-01
6224,VANUATU,234918,2021-05-01
6225,PITCAIRN ISLANDS,2143,2021-05-01
6226,KIRIBATI,77084,2021-05-01
6227,TUVALU,609,2021-05-01
6412,NEW CALEDONIA,1637274,2021-05-01
6413,WALLIS AND FUTUNA,93,2021-05-01
6414,FRENCH POLYNESIA,3020749,2021-05-01
6810,MARSHALL ISLANDS,925411,2021-05-01
6820,MICRONESIA,71007,2021-05-01
6830,PALAU,45010,2021-05-01
6862,NAURU,404680,2021-05-01
6863,FIJI,14941755,2021-05-01
7210,ALGERIA,117559552,2021-05-01
6864,TONGA,213823,2021-05-01
6XXX,AUSTRALIA AND OCEANIA,1302797418,2021-05-01
7140,MOROCCO,108233788,2021-05-01
7230,TUNISIA,58606278,2021-05-01
7250,LIBYA,289518155,2021-05-01
7290,EGYPT,300409607,2021-05-01
7321,SUDAN,3372,2021-05-01
7323,SOUTH SUDAN,0,2021-05-01
7380,EQUATORIAL GUINEA,9777507,2021-05-01
7410,MAURITANIA,205163,2021-05-01
7420,CAMEROON,4949484,2021-05-01
7440,SENEGAL,21044028,2021-05-01
7450,MALI,89760,2021-05-01
7460,GUINEA,712632,2021-05-01
7470,SIERRA LEONE,1054447,2021-05-01
7480,COTE D'IVOIRE,92967243,2021-05-01
7490,GHANA,139849655,2021-05-01
7500,GAMBIA,288991,2021-05-01
7510,NIGER,3486737,2021-05-01
7520,TOGO,2564707,2021-05-01
7530,NIGERIA,267712393,2021-05-01
7540,CENTRAL AFRICAN REPUBLIC,4724,2021-05-01
7550,GABON,3836959,2021-05-01
7560,CHAD,129448,2021-05-01
7580,ST HELENA,2070710,2021-05-01
7600,BURKINA FASO,276357,2021-05-01
7610,BENIN,869627,2021-05-01
7620,ANGOLA,157108499,2021-05-01
7630,CONGO,4400513,2021-05-01
7642,GUINEA-BISSAU,23600,2021-05-01
7643,CABO VERDE,92031,2021-05-01
7644,SAO TOME AND PRINCIPE,48829,2021-05-01
7690,RWANDA,1656160,2021-05-01
7650,LIBERIA,5840969,2021-05-01
7660,DEMOCRATIC REPUBLIC OF THE CONGO,40802060,2021-05-01
7670,BURUNDI,72036,2021-05-01
7700,SOMALIA,296734,2021-05-01
7741,ERITREA,3253,2021-05-01
7749,ETHIOPIA,59588866,2021-05-01
7770,DJIBOUTI,2992763,2021-05-01
7780,UGANDA,6710798,2021-05-01
7790,KENYA,54044690,2021-05-01
7800,SEYCHELLES,1316043,2021-05-01
7810,BRITISH INDIAN OCEAN TERRITORIES,474,2021-05-01
7830,TANZANIA,7247413,2021-05-01
7850,MAURITIUS,16064272,2021-05-01
7870,MOZAMBIQUE,11759336,2021-05-01
7880,MADAGASCAR,64363769,2021-05-01
7881,MAYOTTE,34252,2021-05-01
7890,COMOROS,1547891,2021-05-01
7904,REUNION,5784987,2021-05-01
7905,FRENCH SOUTHERN AND ANTARCTIC LANDS,9,2021-05-01
7910,SOUTH AFRICA,1648707781,2021-05-01
7920,NAMIBIA,9909977,2021-05-01
7930,BOTSWANA,12874590,2021-05-01
7940,ZAMBIA,3492259,2021-05-01
7950,ESWATINI,1014933,2021-05-01
7960,ZIMBABWE,3406061,2021-05-01
7970,MALAWI,5934601,2021-05-01
7990,LESOTHO,30276202,2021-05-01
7XXX,AFRICA,3583637975,2021-05-01
-,TOTAL FOR ALL COUNTRIES,242322118724,2021-06-01
0003,EUROPEAN UNION,43132443491,2021-06-01
0014,PACIFIC RIM COUNTRIES,79078090508,2021-06-01
0017,CAFTA-DR,2613359423,2021-06-01
0020,USMCA (NAFTA),64937554957,2021-06-01
0021,TWENTY LATIN AMERICAN REPUBLICS,42316250768,2021-06-01
0022,OECD,145429093433,2021-06-01
0023,NATO,73161024559,2021-06-01
0024,LAFTA,39550952129,2021-06-01
0025,EURO AREA,38077851373,2021-06-01
0026,APEC,160582650538,2021-06-01
0027,ASEAN,23813703829,2021-06-01
0028,CACM,2051830220,2021-06-01
1010,GREENLAND,1477970,2021-06-01
1220,CANADA,32160938378,2021-06-01
1610,ST PIERRE AND MIQUELON,205,2021-06-01
1XXX,NORTH AMERICA,64939033132,2021-06-01
2010,MEXICO,32776616579,2021-06-01
2050,GUATEMALA,388945252,2021-06-01
2080,BELIZE,3508084,2021-06-01
2110,EL SALVADOR,213552544,2021-06-01
2150,HONDURAS,484263808,2021-06-01
2190,NICARAGUA,392073199,2021-06-01
2230,COSTA RICA,572995417,2021-06-01
2250,PANAMA,59270546,2021-06-01
2320,BERMUDA,942645,2021-06-01
2360,BAHAMAS,21192404,2021-06-01
2390,CUBA,37000,2021-06-01
2410,JAMAICA,107707406,2021-06-01
2430,TURKS AND CAICOS ISLANDS,320782,2021-06-01
2440,CAYMAN ISLANDS,1281962,2021-06-01
2450,HAITI,92631670,2021-06-01
2470,DOMINICAN REPUBLIC,561529203,2021-06-01
2481,ANGUILLA,37686,2021-06-01
2482,BRITISH VIRGIN ISLANDS,700473,2021-06-01
2483,ST KITTS AND NEVIS,3805279,2021-06-01
2484,ANTIGUA AND BARBUDA,906189,2021-06-01
2485,MONTSERRAT,43659,2021-06-01
2486,DOMINICA,67807,2021-06-01
2720,BARBADOS,3492494,2021-06-01
2487,ST LUCIA,772155,2021-06-01
2488,ST VINCENT AND THE GRENADINES,889799,2021-06-01
2489,GRENADA,1455174,2021-06-01
2740,TRINIDAD AND TOBAGO,385279428,2021-06-01
2774,SINT MAARTEN,3707105,2021-06-01
2777,CURACAO,3810706,2021-06-01
2779,ARUBA,2083601,2021-06-01
2831,GUADELOUPE,63716,2021-06-01
2839,MARTINIQUE,1243856,2021-06-01
2XXX,CENTRAL AMERICA,3308611049,2021-06-01
3010,COLOMBIA,1066460912,2021-06-01
3070,VENEZUELA,21850043,2021-06-01
3120,GUYANA,99530413,2021-06-01
3150,SURINAME,4999530,2021-06-01
3170,FRENCH GUIANA,3854,2021-06-01
3310,ECUADOR,696510642,2021-06-01
3330,PERU,462294893,2021-06-01
3350,BOLIVIA,35073878,2021-06-01
3370,CHILE,1178575951,2021-06-01
3510,BRAZIL,2824897552,2021-06-01
3530,PARAGUAY,13811830,2021-06-01
3550,URUGUAY,85707878,2021-06-01
3570,ARGENTINA,389151971,2021-06-01
3720,FALKLAND ISLANDS (ISLAS MALVINAS),2976309,2021-06-01
3XXX,SOUTH AMERICA,6881845656,2021-06-01
4000,ICELAND,42462168,2021-06-01
4010,SWEDEN,1470753278,2021-06-01
4031,"SVALBARD, JAN MAYEN ISLAND",1074,2021-06-01
4039,NORWAY,582212860,2021-06-01
4120,UNITED KINGDOM,5168391117,2021-06-01
4050,FINLAND,507723537,2021-06-01
4091,FAROE ISLANDS,15717430,2021-06-01
4099,DENMARK,1255062605,2021-06-01
4190,IRELAND,6089850023,2021-06-01
4210,NETHERLANDS,2943934312,2021-06-01
4231,BELGIUM,2007555617,2021-06-01
4239,LUXEMBOURG,54855736,2021-06-01
4271,ANDORRA,201378,2021-06-01
4272,MONACO,1638340,2021-06-01
4279,FRANCE,4381789033,2021-06-01
4280,GERMANY,11582144113,2021-06-01
4330,AUSTRIA,1159011752,2021-06-01
4351,CZECH REPUBLIC,512204204,2021-06-01
4359,SLOVAKIA,440244316,2021-06-01
4370,HUNGARY,590112815,2021-06-01
4411,LIECHTENSTEIN,24126304,2021-06-01
4419,SWITZERLAND,6668678105,2021-06-01
4470,ESTONIA,150387078,2021-06-01
4490,LATVIA,69800896,2021-06-01
4510,LITHUANIA,242821772,2021-06-01
4550,POLAND,842266068,2021-06-01
4621,RUSSIA,2713800035,2021-06-01
4622,BELARUS,16633603,2021-06-01
4623,UKRAINE,183293228,2021-06-01
4631,ARMENIA,7977822,2021-06-01
4632,AZERBAIJAN,5439040,2021-06-01
4633,GEORGIA,6425873,2021-06-01
4642,TAJIKISTAN,12076,2021-06-01
4634,KAZAKHSTAN,232074191,2021-06-01
4635,KYRGYZSTAN,222905,2021-06-01
4641,MOLDOVA,6025872,2021-06-01
4643,TURKMENISTAN,33143,2021-06-01
4644,UZBEKISTAN,11770176,2021-06-01
4700,SPAIN,1704681185,2021-06-01
4710,PORTUGAL,462533361,2021-06-01
4720,GIBRALTAR,646101,2021-06-01
4730,MALTA,14852882,2021-06-01
4751,SAN MARINO,1902272,2021-06-01
4752,VATICAN CITY,222514,2021-06-01
4759,ITALY,5885054999,2021-06-01
4791,CROATIA,74696415,2021-06-01
4792,SLOVENIA,138219478,2021-06-01
4793,BOSNIA AND HERZEGOVINA,16941899,2021-06-01
4794,MACEDONIA,6322789,2021-06-01
4801,SERBIA,45471581,2021-06-01
4803,KOSOVO,13067873,2021-06-01
4804,MONTENEGRO,537070,2021-06-01
4810,ALBANIA,4832868,2021-06-01
4840,GREECE,162775031,2021-06-01
4850,ROMANIA,270587242,2021-06-01
4870,BULGARIA,113605906,2021-06-01
4890,TURKEY,1396384269,2021-06-01
4910,CYPRUS,4919837,2021-06-01
4XXX,EUROPE,60305909467,2021-06-01
5020,SYRIA,1358731,2021-06-01
5040,LEBANON,29421471,2021-06-01
5050,IRAQ,305818913,2021-06-01
5083,WEST BANK ADMINISTERED BY ISRAEL,373774,2021-06-01
5070,IRAN,57239,2021-06-01
5081,ISRAEL,1796331994,2021-06-01
5082,GAZA STRIP ADMINISTERED BY ISRAEL,0,2021-06-01
5110,JORDAN,216726150,2021-06-01
5130,KUWAIT,85565032,2021-06-01
5170,SAUDI ARABIA,1471918720,2021-06-01
5180,QATAR,143027516,2021-06-01
5200,UNITED ARAB EMIRATES,429525066,2021-06-01
5210,YEMEN,295407,2021-06-01
5230,OMAN,109315774,2021-06-01
5250,BAHRAIN,33790932,2021-06-01
5310,AFGHANISTAN,1683785,2021-06-01
5330,INDIA,5868955276,2021-06-01
5350,PAKISTAN,431556997,2021-06-01
5360,NEPAL,7801779,2021-06-01
5380,BANGLADESH,637779834,2021-06-01
5420,SRI LANKA,190947588,2021-06-01
5460,BURMA,68992464,2021-06-01
5490,THAILAND,4110973079,2021-06-01
5520,VIETNAM,8114652896,2021-06-01
5530,LAOS,23327072,2021-06-01
5550,CAMBODIA,505521671,2021-06-01
5570,MALAYSIA,5126828695,2021-06-01
5590,SINGAPORE,2588556249,2021-06-01
5600,INDONESIA,2122250770,2021-06-01
5601,TIMOR-LESTE,171269,2021-06-01
5610,BRUNEI,1782270,2021-06-01
5650,PHILIPPINES,1150818663,2021-06-01
5700,CHINA,39779270246,2021-06-01
5660,MACAU,13291781,2021-06-01
5682,BHUTAN,108798,2021-06-01
5683,MALDIVES,1293907,2021-06-01
5740,MONGOLIA,1334309,2021-06-01
5800,"KOREA, SOUTH",8451814309,2021-06-01
5820,HONG KONG,334198239,2021-06-01
5830,TAIWAN,6634243502,2021-06-01
5880,JAPAN,11328455140,2021-06-01
5XXX,ASIA,102120137307,2021-06-01
6021,AUSTRALIA,1024236951,2021-06-01
6022,NORFOLK ISLAND,190,2021-06-01
6023,COCOS (KEELING) ISLANDS,43047,2021-06-01
6024,CHRISTMAS ISLAND,146214,2021-06-01
6029,HEARD AND MCDONALD ISLANDS,5268,2021-06-01
6040,PAPUA NEW GUINEA,9506622,2021-06-01
6141,NEW ZEALAND,512837071,2021-06-01
6142,COOK ISLANDS,33383,2021-06-01
6143,TOKELAU,1793325,2021-06-01
6144,NIUE,54178,2021-06-01
6150,SAMOA,860618,2021-06-01
6223,SOLOMON ISLANDS,413502,2021-06-01
6224,VANUATU,266327,2021-06-01
6225,PITCAIRN ISLANDS,210,2021-06-01
6226,KIRIBATI,183,2021-06-01
6227,TUVALU,2964,2021-06-01
6412,NEW CALEDONIA,6782631,2021-06-01
6413,WALLIS AND FUTUNA,40,2021-06-01
6414,FRENCH POLYNESIA,5852263,2021-06-01
6810,MARSHALL ISLANDS,1124024,2021-06-01
6820,MICRONESIA,93929,2021-06-01
6830,PALAU,34264,2021-06-01
6862,NAURU,44663,2021-06-01
6863,FIJI,26875844,2021-06-01
7210,ALGERIA,120947140,2021-06-01
6864,TONGA,305280,2021-06-01
6XXX,AUSTRALIA AND OCEANIA,1591312991,2021-06-01
7140,MOROCCO,96853563,2021-06-01
7230,TUNISIA,50413602,2021-06-01
7250,LIBYA,223061733,2021-06-01
7290,EGYPT,269014511,2021-06-01
7321,SUDAN,1191,2021-06-01
7323,SOUTH SUDAN,0,2021-06-01
7380,EQUATORIAL GUINEA,20583019,2021-06-01
7410,MAURITANIA,938265,2021-06-01
7420,CAMEROON,5680971,2021-06-01
7440,SENEGAL,8750276,2021-06-01
7450,MALI,566210,2021-06-01
7460,GUINEA,928652,2021-06-01
7470,SIERRA LEONE,1067274,2021-06-01
7480,COTE D'IVOIRE,110284627,2021-06-01
7490,GHANA,134554050,2021-06-01
7500,GAMBIA,146364,2021-06-01
7510,NIGER,10006865,2021-06-01
7520,TOGO,1269978,2021-06-01
7530,NIGERIA,414152545,2021-06-01
7540,CENTRAL AFRICAN REPUBLIC,78605,2021-06-01
7550,GABON,8097936,2021-06-01
7560,CHAD,43410,2021-06-01
7580,ST HELENA,1804371,2021-06-01
7600,BURKINA FASO,368453,2021-06-01
7610,BENIN,131436,2021-06-01
7620,ANGOLA,31425067,2021-06-01
7630,CONGO,3026287,2021-06-01
7642,GUINEA-BISSAU,27170,2021-06-01
7643,CABO VERDE,716295,2021-06-01
7644,SAO TOME AND PRINCIPE,28593,2021-06-01
7690,RWANDA,522218,2021-06-01
7650,LIBERIA,5066538,2021-06-01
7660,DEMOCRATIC REPUBLIC OF THE CONGO,19576733,2021-06-01
7670,BURUNDI,128230,2021-06-01
7700,SOMALIA,50890,2021-06-01
7741,ERITREA,7428,2021-06-01
7749,ETHIOPIA,51529145,2021-06-01
7770,DJIBOUTI,5870500,2021-06-01
7780,UGANDA,8217510,2021-06-01
7790,KENYA,46649207,2021-06-01
7800,SEYCHELLES,1156647,2021-06-01
7810,BRITISH INDIAN OCEAN TERRITORIES,5230,2021-06-01
7830,TANZANIA,7023665,2021-06-01
7850,MAURITIUS,20662690,2021-06-01
7870,MOZAMBIQUE,24440122,2021-06-01
7880,MADAGASCAR,67706737,2021-06-01
7881,MAYOTTE,218191,2021-06-01
7890,COMOROS,969868,2021-06-01
7904,REUNION,2550925,2021-06-01
7905,FRENCH SOUTHERN AND ANTARCTIC LANDS,1052,2021-06-01
7910,SOUTH AFRICA,1336396888,2021-06-01
7920,NAMIBIA,15046958,2021-06-01
7930,BOTSWANA,14069857,2021-06-01
7940,ZAMBIA,3467186,2021-06-01
7950,ESWATINI,1016753,2021-06-01
7960,ZIMBABWE,1377637,2021-06-01
7970,MALAWI,2214100,2021-06-01
7990,LESOTHO,24357758,2021-06-01
7XXX,AFRICA,3175269122,2021-06-01
-,TOTAL FOR ALL COUNTRIES,237302400922,2021-07-01
0003,EUROPEAN UNION,42205920089,2021-07-01
0014,PACIFIC RIM COUNTRIES,79489656405,2021-07-01
0017,CAFTA-DR,2632668120,2021-07-01
0020,USMCA (NAFTA),61627893273,2021-07-01
0021,TWENTY LATIN AMERICAN REPUBLICS,41561285713,2021-07-01
0022,OECD,139016715601,2021-07-01
0023,NATO,70414825516,2021-07-01
0024,LAFTA,38786567797,2021-07-01
0025,EURO AREA,37206957917,2021-07-01
0026,APEC,157781098197,2021-07-01
0027,ASEAN,23327594698,2021-07-01
0028,CACM,2104217002,2021-07-01
1010,GREENLAND,3835653,2021-07-01
1220,CANADA,29809808476,2021-07-01
1610,ST PIERRE AND MIQUELON,378,2021-07-01
1XXX,NORTH AMERICA,61631729304,2021-07-01
2010,MEXICO,31818084797,2021-07-01
2050,GUATEMALA,397286789,2021-07-01
2080,BELIZE,6023832,2021-07-01
2110,EL SALVADOR,240020554,2021-07-01
2150,HONDURAS,442446161,2021-07-01
2190,NICARAGUA,455708236,2021-07-01
2230,COSTA RICA,568755262,2021-07-01
2250,PANAMA,43833530,2021-07-01
2320,BERMUDA,747820,2021-07-01
2360,BAHAMAS,41181302,2021-07-01
2390,CUBA,0,2021-07-01
2410,JAMAICA,48463368,2021-07-01
2430,TURKS AND CAICOS ISLANDS,1033841,2021-07-01
2440,CAYMAN ISLANDS,2213712,2021-07-01
2450,HAITI,98216266,2021-07-01
2470,DOMINICAN REPUBLIC,528451118,2021-07-01
2481,ANGUILLA,74815,2021-07-01
2482,BRITISH VIRGIN ISLANDS,224712,2021-07-01
2483,ST KITTS AND NEVIS,1259225,2021-07-01
2484,ANTIGUA AND BARBUDA,247374,2021-07-01
2485,MONTSERRAT,31971,2021-07-01
2486,DOMINICA,279775,2021-07-01
2720,BARBADOS,3804787,2021-07-01
2487,ST LUCIA,944024,2021-07-01
2488,ST VINCENT AND THE GRENADINES,242182,2021-07-01
2489,GRENADA,1353259,2021-07-01
2740,TRINIDAD AND TOBAGO,393764283,2021-07-01
2774,SINT MAARTEN,5435678,2021-07-01
2777,CURACAO,3829186,2021-07-01
2779,ARUBA,1176839,2021-07-01
2831,GUADELOUPE,129539,2021-07-01
2839,MARTINIQUE,2071392,2021-07-01
2XXX,CENTRAL AMERICA,3289250832,2021-07-01
3010,COLOMBIA,1002339690,2021-07-01
3070,VENEZUELA,21747223,2021-07-01
3120,GUYANA,184735980,2021-07-01
3150,SURINAME,5324290,2021-07-01
3170,FRENCH GUIANA,47986,2021-07-01
3310,ECUADOR,623798458,2021-07-01
3330,PERU,480896032,2021-07-01
3350,BOLIVIA,36339641,2021-07-01
3370,CHILE,1102500151,2021-07-01
3510,BRAZIL,3051534276,2021-07-01
3530,PARAGUAY,16451947,2021-07-01
3550,URUGUAY,68660076,2021-07-01
3570,ARGENTINA,564215506,2021-07-01
3720,FALKLAND ISLANDS (ISLAS MALVINAS),781085,2021-07-01
3XXX,SOUTH AMERICA,7159372341,2021-07-01
4000,ICELAND,49904884,2021-07-01
4010,SWEDEN,1172161337,2021-07-01
4031,"SVALBARD, JAN MAYEN ISLAND",91,2021-07-01
4039,NORWAY,661879797,2021-07-01
4120,UNITED KINGDOM,4706997545,2021-07-01
4050,FINLAND,639166941,2021-07-01
4091,FAROE ISLANDS,14098067,2021-07-01
4099,DENMARK,1089954166,2021-07-01
4190,IRELAND,5374418262,2021-07-01
4210,NETHERLANDS,3361308522,2021-07-01
4231,BELGIUM,1858472384,2021-07-01
4239,LUXEMBOURG,55177481,2021-07-01
4271,ANDORRA,631869,2021-07-01
4272,MONACO,3145958,2021-07-01
4279,FRANCE,4426994019,2021-07-01
4280,GERMANY,11315377797,2021-07-01
4330,AUSTRIA,1191935377,2021-07-01
4351,CZECH REPUBLIC,597317139,2021-07-01
4359,SLOVAKIA,536135541,2021-07-01
4370,HUNGARY,642211790,2021-07-01
4411,LIECHTENSTEIN,22370073,2021-07-01
4419,SWITZERLAND,4648998559,2021-07-01
4470,ESTONIA,141858271,2021-07-01
4490,LATVIA,62240216,2021-07-01
4510,LITHUANIA,122121932,2021-07-01
4550,POLAND,1086249680,2021-07-01
4621,RUSSIA,2998478362,2021-07-01
4622,BELARUS,50071295,2021-07-01
4623,UKRAINE,191143016,2021-07-01
4631,ARMENIA,6392391,2021-07-01
4632,AZERBAIJAN,14647976,2021-07-01
4633,GEORGIA,21841264,2021-07-01
4642,TAJIKISTAN,3983,2021-07-01
4634,KAZAKHSTAN,149224597,2021-07-01
4635,KYRGYZSTAN,547001,2021-07-01
4641,MOLDOVA,10190061,2021-07-01
4643,TURKMENISTAN,10840191,2021-07-01
4644,UZBEKISTAN,3442488,2021-07-01
4700,SPAIN,1554991791,2021-07-01
4710,PORTUGAL,409054746,2021-07-01
4720,GIBRALTAR,24575,2021-07-01
4730,MALTA,26453201,2021-07-01
4751,SAN MARINO,895298,2021-07-01
4752,VATICAN CITY,174570,2021-07-01
4759,ITALY,5741198125,2021-07-01
4791,CROATIA,66051999,2021-07-01
4792,SLOVENIA,137920821,2021-07-01
4793,BOSNIA AND HERZEGOVINA,9483605,2021-07-01
4794,MACEDONIA,26772027,2021-07-01
4801,SERBIA,33245215,2021-07-01
4803,KOSOVO,8801813,2021-07-01
4804,MONTENEGRO,941513,2021-07-01
4810,ALBANIA,9387864,2021-07-01
4840,GREECE,174612200,2021-07-01
4850,ROMANIA,312643207,2021-07-01
4870,BULGARIA,98424853,2021-07-01
4890,TURKEY,1461970133,2021-07-01
4910,CYPRUS,11468291,2021-07-01
4XXX,EUROPE,57322466170,2021-07-01
5020,SYRIA,583453,2021-07-01
5040,LEBANON,12027995,2021-07-01
5050,IRAQ,445920207,2021-07-01
5083,WEST BANK ADMINISTERED BY ISRAEL,846370,2021-07-01
5070,IRAN,66404,2021-07-01
5081,ISRAEL,1554718298,2021-07-01
5082,GAZA STRIP ADMINISTERED BY ISRAEL,313251,2021-07-01
5110,JORDAN,232519396,2021-07-01
5130,KUWAIT,78322199,2021-07-01
5170,SAUDI ARABIA,1318786038,2021-07-01
5180,QATAR,164583721,2021-07-01
5200,UNITED ARAB EMIRATES,667484272,2021-07-01
5210,YEMEN,4580867,2021-07-01
5230,OMAN,102444649,2021-07-01
5250,BAHRAIN,42588814,2021-07-01
5310,AFGHANISTAN,1919085,2021-07-01
5330,INDIA,6153788982,2021-07-01
5350,PAKISTAN,472086576,2021-07-01
5360,NEPAL,10126566,2021-07-01
5380,BANGLADESH,659407785,2021-07-01
5420,SRI LANKA,235737230,2021-07-01
5460,BURMA,71288250,2021-07-01
5490,THAILAND,3867532675,2021-07-01
5520,VIETNAM,8229917349,2021-07-01
5530,LAOS,18260549,2021-07-01
5550,CAMBODIA,660082392,2021-07-01
5570,MALAYSIA,4841867520,2021-07-01
5590,SINGAPORE,2496329388,2021-07-01
5600,INDONESIA,2023180239,2021-07-01
5601,TIMOR-LESTE,82567,2021-07-01
5610,BRUNEI,1317975,2021-07-01
5683,MALDIVES,509345,2021-07-01
5650,PHILIPPINES,1117818361,2021-07-01
5660,MACAU,15776050,2021-07-01
5682,BHUTAN,19555,2021-07-01
5700,CHINA,40290914463,2021-07-01
5740,MONGOLIA,1221989,2021-07-01
5800,"KOREA, SOUTH",7956621133,2021-07-01
5820,HONG KONG,298363753,2021-07-01
5830,TAIWAN,6704648493,2021-07-01
5880,JAPAN,12254988878,2021-07-01
5XXX,ASIA,103009593082,2021-07-01
6021,AUSTRALIA,1017691900,2021-07-01
6022,NORFOLK ISLAND,0,2021-07-01
6023,COCOS (KEELING) ISLANDS,48488,2021-07-01
6024,CHRISTMAS ISLAND,17279,2021-07-01
6029,HEARD AND MCDONALD ISLANDS,0,2021-07-01
6040,PAPUA NEW GUINEA,4103592,2021-07-01
6141,NEW ZEALAND,466034660,2021-07-01
6142,COOK ISLANDS,607744,2021-07-01
6143,TOKELAU,75033,2021-07-01
6144,NIUE,65479,2021-07-01
6150,SAMOA,1031848,2021-07-01
6223,SOLOMON ISLANDS,124107,2021-07-01
6224,VANUATU,164948,2021-07-01
6225,PITCAIRN ISLANDS,38,2021-07-01
6226,KIRIBATI,128510,2021-07-01
6227,TUVALU,4,2021-07-01
6412,NEW CALEDONIA,3467120,2021-07-01
6413,WALLIS AND FUTUNA,27579,2021-07-01
6414,FRENCH POLYNESIA,2481285,2021-07-01
6810,MARSHALL ISLANDS,1270879,2021-07-01
6820,MICRONESIA,370996,2021-07-01
6830,PALAU,24620,2021-07-01
6862,NAURU,110626,2021-07-01
7140,MOROCCO,118816207,2021-07-01
6863,FIJI,14543635,2021-07-01
6864,TONGA,202265,2021-07-01
6XXX,AUSTRALIA AND OCEANIA,1512592635,2021-07-01
7210,ALGERIA,197914579,2021-07-01
7230,TUNISIA,94534576,2021-07-01
7250,LIBYA,112310039,2021-07-01
7290,EGYPT,256627086,2021-07-01
7321,SUDAN,3328285,2021-07-01
7323,SOUTH SUDAN,1242,2021-07-01
7380,EQUATORIAL GUINEA,35830908,2021-07-01
7410,MAURITANIA,553454,2021-07-01
7420,CAMEROON,5533595,2021-07-01
7440,SENEGAL,6088783,2021-07-01
7450,MALI,358652,2021-07-01
7460,GUINEA,1041811,2021-07-01
7470,SIERRA LEONE,2680823,2021-07-01
7480,COTE D'IVOIRE,57613940,2021-07-01
7490,GHANA,171667136,2021-07-01
7500,GAMBIA,51843,2021-07-01
7510,NIGER,5657760,2021-07-01
7520,TOGO,1614695,2021-07-01
7530,NIGERIA,360371874,2021-07-01
7540,CENTRAL AFRICAN REPUBLIC,6249,2021-07-01
7550,GABON,14882701,2021-07-01
7560,CHAD,735728,2021-07-01
7580,ST HELENA,1917997,2021-07-01
7600,BURKINA FASO,512313,2021-07-01
7610,BENIN,239554,2021-07-01
7620,ANGOLA,96368913,2021-07-01
7630,CONGO,1472932,2021-07-01
7642,GUINEA-BISSAU,0,2021-07-01
7660,DEMOCRATIC REPUBLIC OF THE CONGO,33110363,2021-07-01
7643,CABO VERDE,155580,2021-07-01
7644,SAO TOME AND PRINCIPE,23664,2021-07-01
7650,LIBERIA,3988850,2021-07-01
7670,BURUNDI,1810,2021-07-01
7690,RWANDA,870967,2021-07-01
7700,SOMALIA,161390,2021-07-01
7741,ERITREA,2956,2021-07-01
7749,ETHIOPIA,67064018,2021-07-01
7770,DJIBOUTI,4341954,2021-07-01
7780,UGANDA,10566352,2021-07-01
7790,KENYA,60465667,2021-07-01
7800,SEYCHELLES,757983,2021-07-01
7810,BRITISH INDIAN OCEAN TERRITORIES,1625,2021-07-01
7830,TANZANIA,8260705,2021-07-01
7850,MAURITIUS,26925041,2021-07-01
7870,MOZAMBIQUE,7636860,2021-07-01
7880,MADAGASCAR,50424639,2021-07-01
7881,MAYOTTE,87458,2021-07-01
7890,COMOROS,416910,2021-07-01
7904,REUNION,1550375,2021-07-01
7905,FRENCH SOUTHERN AND ANTARCTIC LANDS,3723,2021-07-01
7910,SOUTH AFRICA,1469848479,2021-07-01
7920,NAMIBIA,10552780,2021-07-01
7930,BOTSWANA,35517269,2021-07-01
7940,ZAMBIA,3913593,2021-07-01
7950,ESWATINI,667299,2021-07-01
7960,ZIMBABWE,6075371,2021-07-01
7970,MALAWI,3949719,2021-07-01
7990,LESOTHO,21319483,2021-07-01
7XXX,AFRICA,3377396558,2021-07-01
-,TOTAL FOR ALL COUNTRIES,245231530985,2021-08-01
0003,EUROPEAN UNION,42276956299,2021-08-01
0014,PACIFIC RIM COUNTRIES,83615488216,2021-08-01
0017,CAFTA-DR,2650113846,2021-08-01
0020,USMCA (NAFTA),62908463783,2021-08-01
0021,TWENTY LATIN AMERICAN REPUBLICS,41912852813,2021-08-01
0022,OECD,141990774128,2021-08-01
0023,NATO,70533134170,2021-08-01
0024,LAFTA,39110913107,2021-08-01
0025,EURO AREA,37708941467,2021-08-01
0026,APEC,164914146799,2021-08-01
0027,ASEAN,25638383183,2021-08-01
0028,CACM,2108210201,2021-08-01
1010,GREENLAND,5623643,2021-08-01
1220,CANADA,30951337590,2021-08-01
1610,ST PIERRE AND MIQUELON,0,2021-08-01
1XXX,NORTH AMERICA,62914087426,2021-08-01
2010,MEXICO,31957126193,2021-08-01
2050,GUATEMALA,425836064,2021-08-01
2080,BELIZE,9515001,2021-08-01
2110,EL SALVADOR,211716642,2021-08-01
2150,HONDURAS,476657994,2021-08-01
2190,NICARAGUA,459831042,2021-08-01
2230,COSTA RICA,534168459,2021-08-01
2250,PANAMA,43295185,2021-08-01
2320,BERMUDA,573601,2021-08-01
2360,BAHAMAS,24766935,2021-08-01
2390,CUBA,315383,2021-08-01
2410,JAMAICA,50583940,2021-08-01
2430,TURKS AND CAICOS ISLANDS,54537,2021-08-01
2440,CAYMAN ISLANDS,1131524,2021-08-01
2450,HAITI,108215292,2021-08-01
2470,DOMINICAN REPUBLIC,541903645,2021-08-01
2481,ANGUILLA,27312,2021-08-01
2482,BRITISH VIRGIN ISLANDS,888264,2021-08-01
2483,ST KITTS AND NEVIS,3646024,2021-08-01
2484,ANTIGUA AND BARBUDA,242498,2021-08-01
2485,MONTSERRAT,112995,2021-08-01
2486,DOMINICA,79294,2021-08-01
2720,BARBADOS,3932145,2021-08-01
2487,ST LUCIA,989139,2021-08-01
2488,ST VINCENT AND THE GRENADINES,831794,2021-08-01
2489,GRENADA,1011100,2021-08-01
2740,TRINIDAD AND TOBAGO,373449886,2021-08-01
2774,SINT MAARTEN,7222971,2021-08-01
2777,CURACAO,7489281,2021-08-01
2779,ARUBA,1253695,2021-08-01
2831,GUADELOUPE,177909,2021-08-01
2839,MARTINIQUE,1169185,2021-08-01
2XXX,CENTRAL AMERICA,3291088736,2021-08-01
3010,COLOMBIA,1093078958,2021-08-01
3070,VENEZUELA,28341910,2021-08-01
3120,GUYANA,187885988,2021-08-01
3150,SURINAME,6962536,2021-08-01
3170,FRENCH GUIANA,9,2021-08-01
3310,ECUADOR,709850144,2021-08-01
3330,PERU,607884717,2021-08-01
3350,BOLIVIA,33714145,2021-08-01
3370,CHILE,1456219522,2021-08-01
3510,BRAZIL,2779204577,2021-08-01
3530,PARAGUAY,15224339,2021-08-01
3550,URUGUAY,45656550,2021-08-01
3570,ARGENTINA,384612052,2021-08-01
3720,FALKLAND ISLANDS (ISLAS MALVINAS),1652839,2021-08-01
3XXX,SOUTH AMERICA,7350288286,2021-08-01
4000,ICELAND,48106969,2021-08-01
4010,SWEDEN,1012278552,2021-08-01
4031,"SVALBARD, JAN MAYEN ISLAND",77,2021-08-01
4039,NORWAY,516075972,2021-08-01
4120,UNITED KINGDOM,4708538087,2021-08-01
4050,FINLAND,524309485,2021-08-01
4091,FAROE ISLANDS,11410018,2021-08-01
4099,DENMARK,1232023051,2021-08-01
4190,IRELAND,6321744579,2021-08-01
4210,NETHERLANDS,3247980180,2021-08-01
4231,BELGIUM,1540457237,2021-08-01
4239,LUXEMBOURG,49482673,2021-08-01
4271,ANDORRA,418378,2021-08-01
4272,MONACO,3098526,2021-08-01
4279,FRANCE,3821200544,2021-08-01
4280,GERMANY,12216642505,2021-08-01
4330,AUSTRIA,1308806869,2021-08-01
4351,CZECH REPUBLIC,540757411,2021-08-01
4359,SLOVAKIA,288530647,2021-08-01
4370,HUNGARY,626958431,2021-08-01
4411,LIECHTENSTEIN,22737958,2021-08-01
4419,SWITZERLAND,5208104798,2021-08-01
4470,ESTONIA,178608320,2021-08-01
4490,LATVIA,92394567,2021-08-01
4510,LITHUANIA,126699056,2021-08-01
4550,POLAND,826426270,2021-08-01
4621,RUSSIA,2812631406,2021-08-01
4622,BELARUS,35244761,2021-08-01
4623,UKRAINE,103498356,2021-08-01
4631,ARMENIA,6331046,2021-08-01
4632,AZERBAIJAN,13981167,2021-08-01
4633,GEORGIA,26799332,2021-08-01
4642,TAJIKISTAN,118948,2021-08-01
4634,KAZAKHSTAN,115242961,2021-08-01
4635,KYRGYZSTAN,357069,2021-08-01
4641,MOLDOVA,5046804,2021-08-01
4643,TURKMENISTAN,18444534,2021-08-01
4644,UZBEKISTAN,37587118,2021-08-01
4700,SPAIN,1815798567,2021-08-01
4710,PORTUGAL,479123133,2021-08-01
4720,GIBRALTAR,25828,2021-08-01
4730,MALTA,22765272,2021-08-01
4751,SAN MARINO,610613,2021-08-01
4752,VATICAN CITY,2664,2021-08-01
4759,ITALY,5321500448,2021-08-01
4791,CROATIA,60002735,2021-08-01
4792,SLOVENIA,146092070,2021-08-01
4793,BOSNIA AND HERZEGOVINA,14439760,2021-08-01
4794,MACEDONIA,7004336,2021-08-01
4801,SERBIA,33739995,2021-08-01
4803,KOSOVO,7902400,2021-08-01
4804,MONTENEGRO,347734,2021-08-01
4810,ALBANIA,4880438,2021-08-01
4840,GREECE,142644208,2021-08-01
4850,ROMANIA,224405250,2021-08-01
4870,BULGARIA,105165867,2021-08-01
4890,TURKEY,1286185117,2021-08-01
4910,CYPRUS,4158372,2021-08-01
4XXX,EUROPE,57325869469,2021-08-01
5020,SYRIA,370281,2021-08-01
5040,LEBANON,21495862,2021-08-01
5050,IRAQ,284128803,2021-08-01
5083,WEST BANK ADMINISTERED BY ISRAEL,157420,2021-08-01
5070,IRAN,187989,2021-08-01
5081,ISRAEL,1676853472,2021-08-01
5082,GAZA STRIP ADMINISTERED BY ISRAEL,68985,2021-08-01
5110,JORDAN,310003447,2021-08-01
5130,KUWAIT,113243092,2021-08-01
5170,SAUDI ARABIA,1259479953,2021-08-01
5180,QATAR,199380832,2021-08-01
5200,UNITED ARAB EMIRATES,741171995,2021-08-01
5210,YEMEN,1223340,2021-08-01
5230,OMAN,114369653,2021-08-01
5250,BAHRAIN,100514988,2021-08-01
5310,AFGHANISTAN,1432950,2021-08-01
5330,INDIA,6539172002,2021-08-01
5350,PAKISTAN,457960821,2021-08-01
5360,NEPAL,10390155,2021-08-01
5380,BANGLADESH,715818862,2021-08-01
5420,SRI LANKA,255305124,2021-08-01
5460,BURMA,68291640,2021-08-01
5490,THAILAND,4162064623,2021-08-01
5520,VIETNAM,9362450061,2021-08-01
5530,LAOS,18429277,2021-08-01
5550,CAMBODIA,919764394,2021-08-01
5570,MALAYSIA,5260896427,2021-08-01
5590,SINGAPORE,2190544859,2021-08-01
5600,INDONESIA,2365365173,2021-08-01
5601,TIMOR-LESTE,316645,2021-08-01
5610,BRUNEI,1492020,2021-08-01
5683,MALDIVES,1467918,2021-08-01
5650,PHILIPPINES,1289084709,2021-08-01
5660,MACAU,11055529,2021-08-01
5682,BHUTAN,153,2021-08-01
5700,CHINA,42897843401,2021-08-01
5740,MONGOLIA,2469685,2021-08-01
5800,"KOREA, SOUTH",8504554839,2021-08-01
5820,HONG KONG,310950530,2021-08-01
5830,TAIWAN,6742325076,2021-08-01
5880,JAPAN,12375695239,2021-08-01
5XXX,ASIA,109287792224,2021-08-01
6021,AUSTRALIA,1206282755,2021-08-01
6022,NORFOLK ISLAND,454,2021-08-01
6023,COCOS (KEELING) ISLANDS,118026,2021-08-01
6024,CHRISTMAS ISLAND,935281,2021-08-01
6029,HEARD AND MCDONALD ISLANDS,361,2021-08-01
6040,PAPUA NEW GUINEA,5069264,2021-08-01
6141,NEW ZEALAND,454328395,2021-08-01
6142,COOK ISLANDS,71873,2021-08-01
6143,TOKELAU,16669,2021-08-01
6144,NIUE,57735,2021-08-01
6150,SAMOA,734312,2021-08-01
6223,SOLOMON ISLANDS,50091,2021-08-01
6224,VANUATU,1179065,2021-08-01
6225,PITCAIRN ISLANDS,4019,2021-08-01
6226,KIRIBATI,306,2021-08-01
6227,TUVALU,0,2021-08-01
6412,NEW CALEDONIA,2212182,2021-08-01
6413,WALLIS AND FUTUNA,0,2021-08-01
6414,FRENCH POLYNESIA,4726341,2021-08-01
6810,MARSHALL ISLANDS,1232555,2021-08-01
6820,MICRONESIA,143907,2021-08-01
6830,PALAU,29996,2021-08-01
6862,NAURU,54485,2021-08-01
7140,MOROCCO,122170680,2021-08-01
6863,FIJI,12652980,2021-08-01
6864,TONGA,268527,2021-08-01
6XXX,AUSTRALIA AND OCEANIA,1690169579,2021-08-01
7210,ALGERIA,101338663,2021-08-01
7230,TUNISIA,81575956,2021-08-01
7250,LIBYA,331682504,2021-08-01
7290,EGYPT,327816007,2021-08-01
7321,SUDAN,9892681,2021-08-01
7323,SOUTH SUDAN,28293,2021-08-01
7380,EQUATORIAL GUINEA,14500608,2021-08-01
7410,MAURITANIA,183962,2021-08-01
7420,CAMEROON,102194274,2021-08-01
7440,SENEGAL,6879072,2021-08-01
7450,MALI,362985,2021-08-01
7460,GUINEA,540049,2021-08-01
7470,SIERRA LEONE,665961,2021-08-01
7480,COTE D'IVOIRE,50711095,2021-08-01
7490,GHANA,163996392,2021-08-01
7500,GAMBIA,32001,2021-08-01
7510,NIGER,6266217,2021-08-01
7520,TOGO,2375199,2021-08-01
7530,NIGERIA,336951200,2021-08-01
7540,CENTRAL AFRICAN REPUBLIC,77249,2021-08-01
7550,GABON,4129834,2021-08-01
7560,CHAD,415762,2021-08-01
7580,ST HELENA,33545,2021-08-01
7600,BURKINA FASO,112199,2021-08-01
7610,BENIN,2992532,2021-08-01
7620,ANGOLA,136226711,2021-08-01
7630,CONGO,21438869,2021-08-01
7642,GUINEA-BISSAU,0,2021-08-01
7660,DEMOCRATIC REPUBLIC OF THE CONGO,43283012,2021-08-01
7643,CABO VERDE,862002,2021-08-01
7644,SAO TOME AND PRINCIPE,33199,2021-08-01
7650,LIBERIA,3318910,2021-08-01
7670,BURUNDI,60241,2021-08-01
7690,RWANDA,1860197,2021-08-01
7700,SOMALIA,223395,2021-08-01
7741,ERITREA,26227,2021-08-01
7749,ETHIOPIA,79131023,2021-08-01
7770,DJIBOUTI,1695282,2021-08-01
7780,UGANDA,9597374,2021-08-01
7790,KENYA,81022380,2021-08-01
7800,SEYCHELLES,522422,2021-08-01
7810,BRITISH INDIAN OCEAN TERRITORIES,3323,2021-08-01
7830,TANZANIA,5418389,2021-08-01
7850,MAURITIUS,24911421,2021-08-01
7870,MOZAMBIQUE,12710528,2021-08-01
7880,MADAGASCAR,48179395,2021-08-01
7881,MAYOTTE,83625,2021-08-01
7890,COMOROS,47775,2021-08-01
7904,REUNION,1208709,2021-08-01
7905,FRENCH SOUTHERN AND ANTARCTIC LANDS,5400,2021-08-01
7910,SOUTH AFRICA,1136396200,2021-08-01
7920,NAMIBIA,4610408,2021-08-01
7930,BOTSWANA,32859140,2021-08-01
7940,ZAMBIA,14973479,2021-08-01
7950,ESWATINI,649177,2021-08-01
7960,ZIMBABWE,2640955,2021-08-01
7970,MALAWI,4302733,2021-08-01
7990,LESOTHO,36008444,2021-08-01
7XXX,AFRICA,3372235265,2021-08-01
-,TOTAL FOR ALL COUNTRIES,244355844701,2021-09-01
0003,EUROPEAN UNION,41216415963,2021-09-01
0014,PACIFIC RIM COUNTRIES,86804907241,2021-09-01
0017,CAFTA-DR,2664086319,2021-09-01
0020,USMCA (NAFTA),61755932331,2021-09-01
0021,TWENTY LATIN AMERICAN REPUBLICS,42192118807,2021-09-01
0022,OECD,137370650933,2021-09-01
0023,NATO,68034677134,2021-09-01
0024,LAFTA,39393150273,2021-09-01
0025,EURO AREA,37155665529,2021-09-01
0026,APEC,165638220174,2021-09-01
0027,ASEAN,25062150371,2021-09-01
0028,CACM,2119785842,2021-09-01
1010,GREENLAND,1144948,2021-09-01
1220,CANADA,29926457015,2021-09-01
1610,ST PIERRE AND MIQUELON,30,2021-09-01
1XXX,NORTH AMERICA,61757077309,2021-09-01
2010,MEXICO,31829475316,2021-09-01
2050,GUATEMALA,420381747,2021-09-01
2080,BELIZE,2022280,2021-09-01
2110,EL SALVADOR,248987702,2021-09-01
2150,HONDURAS,472946739,2021-09-01
2190,NICARAGUA,403424791,2021-09-01
2230,COSTA RICA,574044863,2021-09-01
2250,PANAMA,33338717,2021-09-01
2320,BERMUDA,320954,2021-09-01
2360,BAHAMAS,51995314,2021-09-01
2390,CUBA,0,2021-09-01
2410,JAMAICA,24070545,2021-09-01
2430,TURKS AND CAICOS ISLANDS,384031,2021-09-01
2440,CAYMAN ISLANDS,1769606,2021-09-01
2450,HAITI,101543498,2021-09-01
2470,DOMINICAN REPUBLIC,544300477,2021-09-01
2481,ANGUILLA,83773,2021-09-01
2482,BRITISH VIRGIN ISLANDS,502504,2021-09-01
2483,ST KITTS AND NEVIS,3924321,2021-09-01
2484,ANTIGUA AND BARBUDA,278977,2021-09-01
2485,MONTSERRAT,13526,2021-09-01
2486,DOMINICA,1087820,2021-09-01
2720,BARBADOS,3601540,2021-09-01
2487,ST LUCIA,1232342,2021-09-01
2488,ST VINCENT AND THE GRENADINES,273072,2021-09-01
2489,GRENADA,1141886,2021-09-01
2740,TRINIDAD AND TOBAGO,440848678,2021-09-01
2774,SINT MAARTEN,1489121,2021-09-01
2777,CURACAO,1233930,2021-09-01
2779,ARUBA,576589,2021-09-01
2831,GUADELOUPE,219450,2021-09-01
2839,MARTINIQUE,337335,2021-09-01
2XXX,CENTRAL AMERICA,3336376128,2021-09-01
3010,COLOMBIA,952561576,2021-09-01
3070,VENEZUELA,14993081,2021-09-01
3120,GUYANA,395737496,2021-09-01
3150,SURINAME,8640204,2021-09-01
3170,FRENCH GUIANA,15403,2021-09-01
3310,ECUADOR,584693591,2021-09-01
3330,PERU,603293112,2021-09-01
3350,BOLIVIA,64543039,2021-09-01
3370,CHILE,1392640104,2021-09-01
3510,BRAZIL,3297568184,2021-09-01
3530,PARAGUAY,13089222,2021-09-01
3550,URUGUAY,56987801,2021-09-01
3570,ARGENTINA,583305247,2021-09-01
3720,FALKLAND ISLANDS (ISLAS MALVINAS),1994,2021-09-01
3XXX,SOUTH AMERICA,7968070054,2021-09-01
4000,ICELAND,51790440,2021-09-01
4010,SWEDEN,1199921162,2021-09-01
4031,"SVALBARD, JAN MAYEN ISLAND",4228,2021-09-01
4039,NORWAY,569218411,2021-09-01
4120,UNITED KINGDOM,4784292863,2021-09-01
4050,FINLAND,482544894,2021-09-01
4091,FAROE ISLANDS,16855317,2021-09-01
4099,DENMARK,641835614,2021-09-01
4190,IRELAND,6898201041,2021-09-01
4210,NETHERLANDS,3899142311,2021-09-01
4231,BELGIUM,1681259288,2021-09-01
4239,LUXEMBOURG,51885798,2021-09-01
4271,ANDORRA,716801,2021-09-01
4272,MONACO,8743603,2021-09-01
4279,FRANCE,4209667279,2021-09-01
4280,GERMANY,11030897824,2021-09-01
4330,AUSTRIA,1224610421,2021-09-01
4351,CZECH REPUBLIC,554861073,2021-09-01
4359,SLOVAKIA,283989132,2021-09-01
4370,HUNGARY,524804479,2021-09-01
4411,LIECHTENSTEIN,17828672,2021-09-01
4419,SWITZERLAND,4872469130,2021-09-01
4470,ESTONIA,233113515,2021-09-01
4490,LATVIA,62231266,2021-09-01
4510,LITHUANIA,150301457,2021-09-01
4550,POLAND,777700195,2021-09-01
4621,RUSSIA,2560431255,2021-09-01
4622,BELARUS,48336632,2021-09-01
4623,UKRAINE,239008037,2021-09-01
4631,ARMENIA,6175387,2021-09-01
4632,AZERBAIJAN,4975984,2021-09-01
4641,MOLDOVA,8916779,2021-09-01
4633,GEORGIA,24825546,2021-09-01
4634,KAZAKHSTAN,128048950,2021-09-01
4635,KYRGYZSTAN,283826,2021-09-01
4642,TAJIKISTAN,15963,2021-09-01
4643,TURKMENISTAN,868428,2021-09-01
4644,UZBEKISTAN,51181979,2021-09-01
4700,SPAIN,1559347944,2021-09-01
4710,PORTUGAL,463350537,2021-09-01
4720,GIBRALTAR,706437,2021-09-01
4730,MALTA,23772984,2021-09-01
4751,SAN MARINO,448129,2021-09-01
4752,VATICAN CITY,79669,2021-09-01
4759,ITALY,4604432356,2021-09-01
4791,CROATIA,59888336,2021-09-01
4792,SLOVENIA,104266116,2021-09-01
4793,BOSNIA AND HERZEGOVINA,14437137,2021-09-01
4794,MACEDONIA,8746833,2021-09-01
4801,SERBIA,45123437,2021-09-01
4803,KOSOVO,7125679,2021-09-01
4804,MONTENEGRO,925889,2021-09-01
4810,ALBANIA,4036984,2021-09-01
4840,GREECE,130419563,2021-09-01
4850,ROMANIA,263727310,2021-09-01
4870,BULGARIA,97900601,2021-09-01
4890,TURKEY,1377784747,2021-09-01
4910,CYPRUS,2343467,2021-09-01
4XXX,EUROPE,56070819135,2021-09-01
5020,SYRIA,838033,2021-09-01
5040,LEBANON,11912808,2021-09-01
5082,GAZA STRIP ADMINISTERED BY ISRAEL,461174,2021-09-01
5050,IRAQ,155330436,2021-09-01
5070,IRAN,61802,2021-09-01
5081,ISRAEL,1320164654,2021-09-01
5083,WEST BANK ADMINISTERED BY ISRAEL,529015,2021-09-01
5110,JORDAN,221991147,2021-09-01
5130,KUWAIT,141763475,2021-09-01
5170,SAUDI ARABIA,1435702129,2021-09-01
5180,QATAR,189807238,2021-09-01
5200,UNITED ARAB EMIRATES,406044756,2021-09-01
5210,YEMEN,458182,2021-09-01
5230,OMAN,92059244,2021-09-01
5250,BAHRAIN,132651115,2021-09-01
5310,AFGHANISTAN,674084,2021-09-01
5330,INDIA,6290541926,2021-09-01
5350,PAKISTAN,423273456,2021-09-01
5360,NEPAL,10865812,2021-09-01
5380,BANGLADESH,761602778,2021-09-01
5420,SRI LANKA,234592438,2021-09-01
5460,BURMA,75430230,2021-09-01
5490,THAILAND,4218676730,2021-09-01
5520,VIETNAM,8320409232,2021-09-01
5530,LAOS,16535980,2021-09-01
5550,CAMBODIA,954344420,2021-09-01
5570,MALAYSIA,4578334910,2021-09-01
5590,SINGAPORE,2999780697,2021-09-01
5600,INDONESIA,2618611777,2021-09-01
5601,TIMOR-LESTE,1101689,2021-09-01
5682,BHUTAN,39285,2021-09-01
5610,BRUNEI,988514,2021-09-01
5650,PHILIPPINES,1279037881,2021-09-01
5660,MACAU,18069831,2021-09-01
5683,MALDIVES,1000248,2021-09-01
5700,CHINA,47350944635,2021-09-01
5740,MONGOLIA,2179844,2021-09-01
5800,"KOREA, SOUTH",8703541273,2021-09-01
5820,HONG KONG,353710049,2021-09-01
5830,TAIWAN,6910413356,2021-09-01
5880,JAPAN,10531289705,2021-09-01
5XXX,ASIA,110765765988,2021-09-01
6021,AUSTRALIA,1000107041,2021-09-01
6022,NORFOLK ISLAND,2876,2021-09-01
6023,COCOS (KEELING) ISLANDS,74711,2021-09-01
6024,CHRISTMAS ISLAND,12617,2021-09-01
6029,HEARD AND MCDONALD ISLANDS,0,2021-09-01
6040,PAPUA NEW GUINEA,4907880,2021-09-01
6141,NEW ZEALAND,455169692,2021-09-01
6142,COOK ISLANDS,4697,2021-09-01
6143,TOKELAU,20670,2021-09-01
6144,NIUE,44190,2021-09-01
6150,SAMOA,1498581,2021-09-01
6223,SOLOMON ISLANDS,77092,2021-09-01
6224,VANUATU,142571,2021-09-01
6225,PITCAIRN ISLANDS,0,2021-09-01
6226,KIRIBATI,142197,2021-09-01
6227,TUVALU,5020,2021-09-01
6412,NEW CALEDONIA,3722152,2021-09-01
6413,WALLIS AND FUTUNA,7577,2021-09-01
6414,FRENCH POLYNESIA,3087511,2021-09-01
6810,MARSHALL ISLANDS,915439,2021-09-01
6820,MICRONESIA,563219,2021-09-01
6864,TONGA,332086,2021-09-01
6830,PALAU,39862,2021-09-01
6862,NAURU,409175,2021-09-01
6863,FIJI,31248927,2021-09-01
6XXX,AUSTRALIA AND OCEANIA,1502535783,2021-09-01
7140,MOROCCO,92476052,2021-09-01
7210,ALGERIA,106382362,2021-09-01
7230,TUNISIA,47429249,2021-09-01
7250,LIBYA,210195456,2021-09-01
7290,EGYPT,222495547,2021-09-01
7321,SUDAN,2040995,2021-09-01
7323,SOUTH SUDAN,0,2021-09-01
7380,EQUATORIAL GUINEA,39355734,2021-09-01
7410,MAURITANIA,473939,2021-09-01
7420,CAMEROON,15534639,2021-09-01
7440,SENEGAL,17414659,2021-09-01
7450,MALI,476881,2021-09-01
7460,GUINEA,278281,2021-09-01
7470,SIERRA LEONE,845972,2021-09-01
7480,COTE D'IVOIRE,98837374,2021-09-01
7490,GHANA,150040456,2021-09-01
7500,GAMBIA,42671,2021-09-01
7510,NIGER,15296321,2021-09-01
7520,TOGO,805080,2021-09-01
7530,NIGERIA,270147983,2021-09-01
7540,CENTRAL AFRICAN REPUBLIC,1318139,2021-09-01
7550,GABON,22753763,2021-09-01
7560,CHAD,686125,2021-09-01
7580,ST HELENA,43688,2021-09-01
7600,BURKINA FASO,446979,2021-09-01
7610,BENIN,669925,2021-09-01
7620,ANGOLA,104304382,2021-09-01
7644,SAO TOME AND PRINCIPE,85174,2021-09-01
7630,CONGO,1028424,2021-09-01
7642,GUINEA-BISSAU,3162,2021-09-01
7643,CABO VERDE,478616,2021-09-01
7650,LIBERIA,10030629,2021-09-01
7660,DEMOCRATIC REPUBLIC OF THE CONGO,40308797,2021-09-01
7670,BURUNDI,14094,2021-09-01
7690,RWANDA,3064923,2021-09-01
7700,SOMALIA,35273,2021-09-01
7741,ERITREA,15164,2021-09-01
7749,ETHIOPIA,61370158,2021-09-01
7770,DJIBOUTI,7036381,2021-09-01
7780,UGANDA,9774386,2021-09-01
7790,KENYA,62326424,2021-09-01
7800,SEYCHELLES,571659,2021-09-01
7810,BRITISH INDIAN OCEAN TERRITORIES,12574,2021-09-01
7830,TANZANIA,6556948,2021-09-01
7850,MAURITIUS,20352281,2021-09-01
7870,MOZAMBIQUE,40659441,2021-09-01
7880,MADAGASCAR,42607574,2021-09-01
7881,MAYOTTE,183408,2021-09-01
7890,COMOROS,710154,2021-09-01
7904,REUNION,530997,2021-09-01
7905,FRENCH SOUTHERN AND ANTARCTIC LANDS,0,2021-09-01
7910,SOUTH AFRICA,1103837190,2021-09-01
7920,NAMIBIA,25981937,2021-09-01
7930,BOTSWANA,36371667,2021-09-01
7940,ZAMBIA,13621716,2021-09-01
7950,ESWATINI,1742845,2021-09-01
7960,ZIMBABWE,11748023,2021-09-01
7970,MALAWI,2155105,2021-09-01
7990,LESOTHO,31192528,2021-09-01
7XXX,AFRICA,2955200304,2021-09-01
-,TOTAL FOR ALL COUNTRIES,251211888879,2021-10-01
0003,EUROPEAN UNION,42548190336,2021-10-01
0014,PACIFIC RIM COUNTRIES,86691778887,2021-10-01
0017,CAFTA-DR,2520162784,2021-10-01
0020,USMCA (NAFTA),65715991102,2021-10-01
0021,TWENTY LATIN AMERICAN REPUBLICS,44728684582,2021-10-01
0022,OECD,141795280623,2021-10-01
0023,NATO,70829300696,2021-10-01
0024,LAFTA,42017194640,2021-10-01
0025,EURO AREA,38185350611,2021-10-01
0026,APEC,170412695488,2021-10-01
0027,ASEAN,24998833082,2021-10-01
0028,CACM,1951008874,2021-10-01
1010,GREENLAND,11335665,2021-10-01
1220,CANADA,31577065125,2021-10-01
1610,ST PIERRE AND MIQUELON,509,2021-10-01
1XXX,NORTH AMERICA,65727327276,2021-10-01
2010,MEXICO,34138925977,2021-10-01
2050,GUATEMALA,366199369,2021-10-01
2080,BELIZE,5542578,2021-10-01
2110,EL SALVADOR,214063317,2021-10-01
2150,HONDURAS,423032868,2021-10-01
2190,NICARAGUA,378304194,2021-10-01
2230,COSTA RICA,569409126,2021-10-01
2250,PANAMA,70623702,2021-10-01
2320,BERMUDA,1901934,2021-10-01
2360,BAHAMAS,54732488,2021-10-01
2390,CUBA,416200,2021-10-01
2410,JAMAICA,29734550,2021-10-01
2430,TURKS AND CAICOS ISLANDS,334772,2021-10-01
2440,CAYMAN ISLANDS,1852080,2021-10-01
2450,HAITI,120287256,2021-10-01
2470,DOMINICAN REPUBLIC,569153910,2021-10-01
2481,ANGUILLA,83191,2021-10-01
2482,BRITISH VIRGIN ISLANDS,235152,2021-10-01
2483,ST KITTS AND NEVIS,3368725,2021-10-01
2484,ANTIGUA AND BARBUDA,983428,2021-10-01
2485,MONTSERRAT,51544,2021-10-01
2489,GRENADA,807367,2021-10-01
2486,DOMINICA,91804,2021-10-01
2487,ST LUCIA,1115464,2021-10-01
2488,ST VINCENT AND THE GRENADINES,509367,2021-10-01
2720,BARBADOS,2803088,2021-10-01
2740,TRINIDAD AND TOBAGO,246531439,2021-10-01
2774,SINT MAARTEN,3769213,2021-10-01
2777,CURACAO,6178827,2021-10-01
2779,ARUBA,1242667,2021-10-01
2831,GUADELOUPE,249161,2021-10-01
2839,MARTINIQUE,5062,2021-10-01
2XXX,CENTRAL AMERICA,3073613843,2021-10-01
3010,COLOMBIA,1246792721,2021-10-01
3070,VENEZUELA,42419315,2021-10-01
3120,GUYANA,255885174,2021-10-01
3150,SURINAME,6459415,2021-10-01
3170,FRENCH GUIANA,0,2021-10-01
3310,ECUADOR,685105862,2021-10-01
3330,PERU,841182319,2021-10-01
3350,BOLIVIA,49667768,2021-10-01
3370,CHILE,1494365445,2021-10-01
3510,BRAZIL,2998899839,2021-10-01
3530,PARAGUAY,12574000,2021-10-01
3550,URUGUAY,51008329,2021-10-01
3570,ARGENTINA,456253065,2021-10-01
3720,FALKLAND ISLANDS (ISLAS MALVINAS),25825,2021-10-01
3XXX,SOUTH AMERICA,8140639077,2021-10-01
4000,ICELAND,52125715,2021-10-01
4010,SWEDEN,1106582661,2021-10-01
4031,"SVALBARD, JAN MAYEN ISLAND",123,2021-10-01
4099,DENMARK,867227564,2021-10-01
4039,NORWAY,540311947,2021-10-01
4050,FINLAND,507262177,2021-10-01
4091,FAROE ISLANDS,16822366,2021-10-01
4120,UNITED KINGDOM,4631184934,2021-10-01
4190,IRELAND,6841981303,2021-10-01
4210,NETHERLANDS,2974915606,2021-10-01
4231,BELGIUM,2059994068,2021-10-01
4239,LUXEMBOURG,40271534,2021-10-01
4271,ANDORRA,254043,2021-10-01
4272,MONACO,3336707,2021-10-01
4279,FRANCE,4484435845,2021-10-01
4280,GERMANY,11579736337,2021-10-01
4330,AUSTRIA,1423532473,2021-10-01
4351,CZECH REPUBLIC,509350781,2021-10-01
4359,SLOVAKIA,242087593,2021-10-01
4370,HUNGARY,737237260,2021-10-01
4411,LIECHTENSTEIN,20070061,2021-10-01
4419,SWITZERLAND,4337912603,2021-10-01
4470,ESTONIA,144513135,2021-10-01
4490,LATVIA,55524537,2021-10-01
4510,LITHUANIA,154363928,2021-10-01
4550,POLAND,818451412,2021-10-01
4621,RUSSIA,2472568206,2021-10-01
4622,BELARUS,61423496,2021-10-01
4623,UKRAINE,148891353,2021-10-01
4631,ARMENIA,7251384,2021-10-01
4635,KYRGYZSTAN,366861,2021-10-01
4632,AZERBAIJAN,12420681,2021-10-01
4633,GEORGIA,24419583,2021-10-01
4634,KAZAKHSTAN,94078104,2021-10-01
4641,MOLDOVA,4752213,2021-10-01
4642,TAJIKISTAN,21375,2021-10-01
4643,TURKMENISTAN,4289138,2021-10-01
4644,UZBEKISTAN,53150307,2021-10-01
4700,SPAIN,1522807880,2021-10-01
4710,PORTUGAL,384191484,2021-10-01
4720,GIBRALTAR,544520,2021-10-01
4730,MALTA,23060102,2021-10-01
4751,SAN MARINO,583754,2021-10-01
4752,VATICAN CITY,8,2021-10-01
4759,ITALY,5318331391,2021-10-01
4791,CROATIA,68393260,2021-10-01
4792,SLOVENIA,223089323,2021-10-01
4793,BOSNIA AND HERZEGOVINA,13658681,2021-10-01
4794,MACEDONIA,9111299,2021-10-01
4801,SERBIA,51470418,2021-10-01
4803,KOSOVO,11516283,2021-10-01
4804,MONTENEGRO,138186,2021-10-01
4810,ALBANIA,5624835,2021-10-01
4840,GREECE,132630458,2021-10-01
4850,ROMANIA,217074862,2021-10-01
4870,BULGARIA,106915185,2021-10-01
4890,TURKEY,1455462792,2021-10-01
4910,CYPRUS,4228177,2021-10-01
4XXX,EUROPE,56581952312,2021-10-01
5020,SYRIA,466251,2021-10-01
5081,ISRAEL,1613790960,2021-10-01
5040,LEBANON,12486980,2021-10-01
5050,IRAQ,309136028,2021-10-01
5070,IRAN,427334,2021-10-01
5082,GAZA STRIP ADMINISTERED BY ISRAEL,0,2021-10-01
5083,WEST BANK ADMINISTERED BY ISRAEL,419023,2021-10-01
5110,JORDAN,271257386,2021-10-01
5130,KUWAIT,128279472,2021-10-01
5170,SAUDI ARABIA,1197466020,2021-10-01
5180,QATAR,151044164,2021-10-01
5200,UNITED ARAB EMIRATES,545829894,2021-10-01
5210,YEMEN,102733,2021-10-01
5230,OMAN,152428028,2021-10-01
5250,BAHRAIN,170195390,2021-10-01
5310,AFGHANISTAN,1775359,2021-10-01
5330,INDIA,7097919166,2021-10-01
5350,PAKISTAN,464604812,2021-10-01
5360,NEPAL,12032602,2021-10-01
5380,BANGLADESH,794555301,2021-10-01
5420,SRI LANKA,248423300,2021-10-01
5460,BURMA,79154603,2021-10-01
5490,THAILAND,4027065320,2021-10-01
5520,VIETNAM,9183770779,2021-10-01
5530,LAOS,19148377,2021-10-01
5550,CAMBODIA,1045170064,2021-10-01
5570,MALAYSIA,4250176821,2021-10-01
5590,SINGAPORE,2487090981,2021-10-01
5600,INDONESIA,2623624744,2021-10-01
5660,MACAU,14026570,2021-10-01
5601,TIMOR-LESTE,796571,2021-10-01
5610,BRUNEI,1102737,2021-10-01
5650,PHILIPPINES,1282528656,2021-10-01
5682,BHUTAN,4208,2021-10-01
5683,MALDIVES,1527099,2021-10-01
5700,CHINA,47873453886,2021-10-01
5740,MONGOLIA,3925484,2021-10-01
5800,"KOREA, SOUTH",7948292366,2021-10-01
5820,HONG KONG,407679240,2021-10-01
5830,TAIWAN,7708082173,2021-10-01
5880,JAPAN,10445795925,2021-10-01
5XXX,ASIA,112575056807,2021-10-01
6021,AUSTRALIA,1212506720,2021-10-01
6022,NORFOLK ISLAND,0,2021-10-01
6023,COCOS (KEELING) ISLANDS,16055,2021-10-01
6024,CHRISTMAS ISLAND,7411,2021-10-01
6029,HEARD AND MCDONALD ISLANDS,0,2021-10-01
6040,PAPUA NEW GUINEA,8508239,2021-10-01
6141,NEW ZEALAND,428909829,2021-10-01
6142,COOK ISLANDS,47838,2021-10-01
6143,TOKELAU,118302,2021-10-01
6144,NIUE,144219,2021-10-01
6150,SAMOA,534587,2021-10-01
6223,SOLOMON ISLANDS,68965,2021-10-01
6224,VANUATU,148880,2021-10-01
6225,PITCAIRN ISLANDS,0,2021-10-01
6226,KIRIBATI,69140,2021-10-01
6227,TUVALU,9227,2021-10-01
6412,NEW CALEDONIA,3985385,2021-10-01
6413,WALLIS AND FUTUNA,123,2021-10-01
6414,FRENCH POLYNESIA,3928435,2021-10-01
6810,MARSHALL ISLANDS,1546914,2021-10-01
6863,FIJI,19763583,2021-10-01
6820,MICRONESIA,232395,2021-10-01
6830,PALAU,67303,2021-10-01
6862,NAURU,339037,2021-10-01
6864,TONGA,227414,2021-10-01
6XXX,AUSTRALIA AND OCEANIA,1681180001,2021-10-01
7140,MOROCCO,84952999,2021-10-01
7210,ALGERIA,230025691,2021-10-01
7230,TUNISIA,57904480,2021-10-01
7250,LIBYA,256177553,2021-10-01
7290,EGYPT,460964203,2021-10-01
7321,SUDAN,19696,2021-10-01
7323,SOUTH SUDAN,1539,2021-10-01
7380,EQUATORIAL GUINEA,26676622,2021-10-01
7410,MAURITANIA,120506,2021-10-01
7420,CAMEROON,15362950,2021-10-01
7440,SENEGAL,12233146,2021-10-01
7450,MALI,172344,2021-10-01
7460,GUINEA,622219,2021-10-01
7470,SIERRA LEONE,2227788,2021-10-01
7480,COTE D'IVOIRE,59683646,2021-10-01
7490,GHANA,163388503,2021-10-01
7500,GAMBIA,47142,2021-10-01
7510,NIGER,8243311,2021-10-01
7520,TOGO,3534907,2021-10-01
7530,NIGERIA,280141815,2021-10-01
7540,CENTRAL AFRICAN REPUBLIC,2655,2021-10-01
7550,GABON,10792051,2021-10-01
7560,CHAD,572875,2021-10-01
7580,ST HELENA,11502222,2021-10-01
7600,BURKINA FASO,431891,2021-10-01
7610,BENIN,241219,2021-10-01
7643,CABO VERDE,178743,2021-10-01
7620,ANGOLA,68668456,2021-10-01
7630,CONGO,5128601,2021-10-01
7642,GUINEA-BISSAU,2913,2021-10-01
7644,SAO TOME AND PRINCIPE,93366,2021-10-01
7650,LIBERIA,9126820,2021-10-01
7660,DEMOCRATIC REPUBLIC OF THE CONGO,12372733,2021-10-01
7670,BURUNDI,1905,2021-10-01
7690,RWANDA,4000013,2021-10-01
7700,SOMALIA,41771,2021-10-01
7741,ERITREA,214,2021-10-01
7749,ETHIOPIA,55863823,2021-10-01
7770,DJIBOUTI,2072767,2021-10-01
7780,UGANDA,8326629,2021-10-01
7790,KENYA,54680254,2021-10-01
7800,SEYCHELLES,1328125,2021-10-01
7810,BRITISH INDIAN OCEAN TERRITORIES,104313,2021-10-01
7830,TANZANIA,4320958,2021-10-01
7850,MAURITIUS,23129368,2021-10-01
7870,MOZAMBIQUE,9041349,2021-10-01
7880,MADAGASCAR,56395705,2021-10-01
7881,MAYOTTE,7139,2021-10-01
7890,COMOROS,557686,2021-10-01
7904,REUNION,4886037,2021-10-01
7905,FRENCH SOUTHERN AND ANTARCTIC LANDS,3004,2021-10-01
7910,SOUTH AFRICA,1342540181,2021-10-01
7920,NAMIBIA,16319173,2021-10-01
7930,BOTSWANA,17463875,2021-10-01
7940,ZAMBIA,3109763,2021-10-01
7950,ESWATINI,13284347,2021-10-01
7960,ZIMBABWE,2918170,2021-10-01
7970,MALAWI,3112048,2021-10-01
7990,LESOTHO,26995341,2021-10-01
7XXX,AFRICA,3432119563,2021-10-01
-,TOTAL FOR ALL COUNTRIES,259390162126,2021-11-01
0003,EUROPEAN UNION,44426129244,2021-11-01
0014,PACIFIC RIM COUNTRIES,86797347011,2021-11-01
0017,CAFTA-DR,2512797876,2021-11-01
0020,USMCA (NAFTA),68281090933,2021-11-01
0021,TWENTY LATIN AMERICAN REPUBLICS,44502941184,2021-11-01
0022,OECD,149212516263,2021-11-01
0023,NATO,74063478940,2021-11-01
0024,LAFTA,41885360826,2021-11-01
0025,EURO AREA,39381987995,2021-11-01
0026,APEC,173221337990,2021-11-01
0027,ASEAN,25075595329,2021-11-01
0028,CACM,1971349771,2021-11-01
1010,GREENLAND,2604574,2021-11-01
1220,CANADA,33810911660,2021-11-01
1610,ST PIERRE AND MIQUELON,12931,2021-11-01
1XXX,NORTH AMERICA,68283708438,2021-11-01
2010,MEXICO,34470179273,2021-11-01
2050,GUATEMALA,382778167,2021-11-01
2080,BELIZE,4339034,2021-11-01
2110,EL SALVADOR,199754017,2021-11-01
2150,HONDURAS,440306575,2021-11-01
2190,NICARAGUA,404154142,2021-11-01
2230,COSTA RICA,544356870,2021-11-01
2250,PANAMA,35482174,2021-11-01
2320,BERMUDA,648046,2021-11-01
2360,BAHAMAS,28249218,2021-11-01
2390,CUBA,480529,2021-11-01
2410,JAMAICA,36068580,2021-11-01
2430,TURKS AND CAICOS ISLANDS,848975,2021-11-01
2440,CAYMAN ISLANDS,1639701,2021-11-01
2450,HAITI,68819779,2021-11-01
2470,DOMINICAN REPUBLIC,541448105,2021-11-01
2481,ANGUILLA,30828,2021-11-01
2482,BRITISH VIRGIN ISLANDS,237388,2021-11-01
2483,ST KITTS AND NEVIS,3766750,2021-11-01
2484,ANTIGUA AND BARBUDA,1625071,2021-11-01
2488,ST VINCENT AND THE GRENADINES,546925,2021-11-01
2485,MONTSERRAT,232831,2021-11-01
2486,DOMINICA,126406,2021-11-01
2487,ST LUCIA,1048463,2021-11-01
2489,GRENADA,1382610,2021-11-01
2720,BARBADOS,4701524,2021-11-01
2740,TRINIDAD AND TOBAGO,404493836,2021-11-01
2774,SINT MAARTEN,6001781,2021-11-01
2777,CURACAO,4510590,2021-11-01
2779,ARUBA,1957421,2021-11-01
2831,GUADELOUPE,221674,2021-11-01
2839,MARTINIQUE,270547,2021-11-01
2XXX,CENTRAL AMERICA,3120528557,2021-11-01
3010,COLOMBIA,1268462803,2021-11-01
3070,VENEZUELA,42728895,2021-11-01
3120,GUYANA,291820804,2021-11-01
3150,SURINAME,8251258,2021-11-01
3170,FRENCH GUIANA,33804,2021-11-01
3310,ECUADOR,732234817,2021-11-01
3330,PERU,793462525,2021-11-01
3350,BOLIVIA,59738922,2021-11-01
3370,CHILE,1057013114,2021-11-01
3510,BRAZIL,2837749554,2021-11-01
3530,PARAGUAY,17802024,2021-11-01
3550,URUGUAY,59562772,2021-11-01
3570,ARGENTINA,546426127,2021-11-01
3720,FALKLAND ISLANDS (ISLAS MALVINAS),23583,2021-11-01
3XXX,SOUTH AMERICA,7715311002,2021-11-01
4000,ICELAND,58034092,2021-11-01
4010,SWEDEN,1222342630,2021-11-01
4091,FAROE ISLANDS,22396041,2021-11-01
4031,"SVALBARD, JAN MAYEN ISLAND",5671,2021-11-01
4039,NORWAY,519019684,2021-11-01
4050,FINLAND,830290173,2021-11-01
4099,DENMARK,1354918807,2021-11-01
4120,UNITED KINGDOM,4914761257,2021-11-01
4190,IRELAND,7516633423,2021-11-01
4210,NETHERLANDS,3260488497,2021-11-01
4231,BELGIUM,1825548103,2021-11-01
4239,LUXEMBOURG,82070378,2021-11-01
4271,ANDORRA,1180082,2021-11-01
4272,MONACO,121811486,2021-11-01
4279,FRANCE,4177168752,2021-11-01
4280,GERMANY,11773955917,2021-11-01
4330,AUSTRIA,1388213745,2021-11-01
4351,CZECH REPUBLIC,613763445,2021-11-01
4359,SLOVAKIA,312608114,2021-11-01
4370,HUNGARY,606503817,2021-11-01
4411,LIECHTENSTEIN,26106307,2021-11-01
4419,SWITZERLAND,7009368562,2021-11-01
4470,ESTONIA,143545962,2021-11-01
4490,LATVIA,65772737,2021-11-01
4510,LITHUANIA,214510920,2021-11-01
4550,POLAND,901210927,2021-11-01
4621,RUSSIA,2767987188,2021-11-01
4622,BELARUS,94735592,2021-11-01
4623,UKRAINE,164626055,2021-11-01
4634,KAZAKHSTAN,134133896,2021-11-01
4631,ARMENIA,6015058,2021-11-01
4632,AZERBAIJAN,17358473,2021-11-01
4633,GEORGIA,4848325,2021-11-01
4635,KYRGYZSTAN,278236,2021-11-01
4641,MOLDOVA,6852142,2021-11-01
4642,TAJIKISTAN,22309,2021-11-01
4643,TURKMENISTAN,4716598,2021-11-01
4644,UZBEKISTAN,2392483,2021-11-01
4700,SPAIN,1521144314,2021-11-01
4710,PORTUGAL,415214828,2021-11-01
4720,GIBRALTAR,513718,2021-11-01
4730,MALTA,20202837,2021-11-01
4751,SAN MARINO,2221864,2021-11-01
4752,VATICAN CITY,41820,2021-11-01
4759,ITALY,5451646885,2021-11-01
4791,CROATIA,54743551,2021-11-01
4792,SLOVENIA,162673381,2021-11-01
4793,BOSNIA AND HERZEGOVINA,15760825,2021-11-01
4794,MACEDONIA,9968936,2021-11-01
4801,SERBIA,73377364,2021-11-01
4803,KOSOVO,13316541,2021-11-01
4804,MONTENEGRO,1646564,2021-11-01
4810,ALBANIA,5119443,2021-11-01
4840,GREECE,155624726,2021-11-01
4850,ROMANIA,238524122,2021-11-01
4870,BULGARIA,106877501,2021-11-01
4890,TURKEY,1376980114,2021-11-01
4910,CYPRUS,9930752,2021-11-01
5050,IRAQ,367445974,2021-11-01
4XXX,EUROPE,61801725970,2021-11-01
5020,SYRIA,1063526,2021-11-01
5040,LEBANON,15212316,2021-11-01
5070,IRAN,82376,2021-11-01
5081,ISRAEL,1892701592,2021-11-01
5082,GAZA STRIP ADMINISTERED BY ISRAEL,0,2021-11-01
5083,WEST BANK ADMINISTERED BY ISRAEL,274556,2021-11-01
5110,JORDAN,294756782,2021-11-01
5130,KUWAIT,130843494,2021-11-01
5170,SAUDI ARABIA,1498899333,2021-11-01
5180,QATAR,205648438,2021-11-01
5200,UNITED ARAB EMIRATES,507379177,2021-11-01
5210,YEMEN,200973,2021-11-01
5230,OMAN,239885915,2021-11-01
5250,BAHRAIN,240678763,2021-11-01
5310,AFGHANISTAN,1480744,2021-11-01
5330,INDIA,6573293244,2021-11-01
5350,PAKISTAN,554790323,2021-11-01
5360,NEPAL,9159834,2021-11-01
5380,BANGLADESH,759867910,2021-11-01
5420,SRI LANKA,276479219,2021-11-01
5460,BURMA,84637942,2021-11-01
5490,THAILAND,4164294165,2021-11-01
5520,VIETNAM,9372093877,2021-11-01
5530,LAOS,17398771,2021-11-01
5550,CAMBODIA,793088179,2021-11-01
5570,MALAYSIA,4411415091,2021-11-01
5610,BRUNEI,1343099,2021-11-01
5590,SINGAPORE,2457617573,2021-11-01
5600,INDONESIA,2473770834,2021-11-01
5601,TIMOR-LESTE,1185681,2021-11-01
5650,PHILIPPINES,1299935798,2021-11-01
5660,MACAU,11950823,2021-11-01
5682,BHUTAN,8416,2021-11-01
5683,MALDIVES,286600,2021-11-01
5700,CHINA,48234758989,2021-11-01
5740,MONGOLIA,1443109,2021-11-01
5800,"KOREA, SOUTH",8154951216,2021-11-01
5820,HONG KONG,584022975,2021-11-01
5830,TAIWAN,6924635102,2021-11-01
5880,JAPAN,10705808441,2021-11-01
5XXX,ASIA,113264791170,2021-11-01
6021,AUSTRALIA,1083408470,2021-11-01
6022,NORFOLK ISLAND,215,2021-11-01
6023,COCOS (KEELING) ISLANDS,23386,2021-11-01
6024,CHRISTMAS ISLAND,12329,2021-11-01
6029,HEARD AND MCDONALD ISLANDS,236,2021-11-01
6040,PAPUA NEW GUINEA,9916636,2021-11-01
6141,NEW ZEALAND,443811964,2021-11-01
6142,COOK ISLANDS,129330,2021-11-01
6143,TOKELAU,11891,2021-11-01
6144,NIUE,17498,2021-11-01
6150,SAMOA,821312,2021-11-01
6223,SOLOMON ISLANDS,132771,2021-11-01
6224,VANUATU,1376643,2021-11-01
6225,PITCAIRN ISLANDS,0,2021-11-01
6226,KIRIBATI,299901,2021-11-01
6227,TUVALU,494,2021-11-01
6412,NEW CALEDONIA,5940935,2021-11-01
6820,MICRONESIA,98071,2021-11-01
6413,WALLIS AND FUTUNA,6090,2021-11-01
6414,FRENCH POLYNESIA,3411145,2021-11-01
6810,MARSHALL ISLANDS,873495,2021-11-01
6830,PALAU,118365,2021-11-01
6862,NAURU,42981,2021-11-01
6863,FIJI,30882548,2021-11-01
6864,TONGA,246192,2021-11-01
6XXX,AUSTRALIA AND OCEANIA,1581582898,2021-11-01
7140,MOROCCO,125315836,2021-11-01
7210,ALGERIA,248788029,2021-11-01
7230,TUNISIA,50956364,2021-11-01
7250,LIBYA,212469582,2021-11-01
7290,EGYPT,263058661,2021-11-01
7321,SUDAN,754093,2021-11-01
7323,SOUTH SUDAN,37725,2021-11-01
7380,EQUATORIAL GUINEA,2843975,2021-11-01
7410,MAURITANIA,664843,2021-11-01
7420,CAMEROON,8046748,2021-11-01
7440,SENEGAL,17785124,2021-11-01
7450,MALI,154113,2021-11-01
7460,GUINEA,757488,2021-11-01
7470,SIERRA LEONE,1925240,2021-11-01
7480,COTE D'IVOIRE,57962456,2021-11-01
7490,GHANA,195051054,2021-11-01
7500,GAMBIA,19028,2021-11-01
7510,NIGER,9505565,2021-11-01
7520,TOGO,476666,2021-11-01
7530,NIGERIA,297992507,2021-11-01
7540,CENTRAL AFRICAN REPUBLIC,68044,2021-11-01
7550,GABON,9554983,2021-11-01
7560,CHAD,46763,2021-11-01
7620,ANGOLA,138141916,2021-11-01
7580,ST HELENA,320607,2021-11-01
7600,BURKINA FASO,497401,2021-11-01
7610,BENIN,188910,2021-11-01
7630,CONGO,3539256,2021-11-01
7642,GUINEA-BISSAU,216,2021-11-01
7643,CABO VERDE,600567,2021-11-01
7644,SAO TOME AND PRINCIPE,218835,2021-11-01
7650,LIBERIA,6367176,2021-11-01
7660,DEMOCRATIC REPUBLIC OF THE CONGO,8359322,2021-11-01
7670,BURUNDI,15745,2021-11-01
7690,RWANDA,2662329,2021-11-01
7700,SOMALIA,12252,2021-11-01
7741,ERITREA,2547,2021-11-01
7749,ETHIOPIA,47320509,2021-11-01
7770,DJIBOUTI,723732,2021-11-01
7780,UGANDA,5439194,2021-11-01
7790,KENYA,65765943,2021-11-01
7800,SEYCHELLES,947424,2021-11-01
7810,BRITISH INDIAN OCEAN TERRITORIES,58131,2021-11-01
7830,TANZANIA,6892203,2021-11-01
7850,MAURITIUS,25633470,2021-11-01
7870,MOZAMBIQUE,7793642,2021-11-01
7880,MADAGASCAR,81309640,2021-11-01
7881,MAYOTTE,217337,2021-11-01
7890,COMOROS,34272,2021-11-01
7904,REUNION,424892,2021-11-01
7905,FRENCH SOUTHERN AND ANTARCTIC LANDS,2941,2021-11-01
7910,SOUTH AFRICA,1519583258,2021-11-01
7920,NAMIBIA,16393368,2021-11-01
7930,BOTSWANA,21196696,2021-11-01
7940,ZAMBIA,101987590,2021-11-01
7950,ESWATINI,2202861,2021-11-01
7XXX,AFRICA,3622514091,2021-11-01
7960,ZIMBABWE,1661733,2021-11-01
7970,MALAWI,5888216,2021-11-01
7990,LESOTHO,45875073,2021-11-01
-,TOTAL FOR ALL COUNTRIES,256845242631,2021-12-01
0003,EUROPEAN UNION,42179942026,2021-12-01
0014,PACIFIC RIM COUNTRIES,90378798339,2021-12-01
0017,CAFTA-DR,2632734755,2021-12-01
0020,USMCA (NAFTA),65753061979,2021-12-01
0021,TWENTY LATIN AMERICAN REPUBLICS,43647912376,2021-12-01
0022,OECD,144940619645,2021-12-01
0023,NATO,72419244547,2021-12-01
0024,LAFTA,40872599882,2021-12-01
0025,EURO AREA,37340784099,2021-12-01
0026,APEC,173899520687,2021-12-01
0027,ASEAN,26075620210,2021-12-01
0028,CACM,2069955706,2021-12-01
1010,GREENLAND,3693430,2021-12-01
1220,CANADA,32766954323,2021-12-01
1610,ST PIERRE AND MIQUELON,0,2021-12-01
1XXX,NORTH AMERICA,65756755409,2021-12-01
2010,MEXICO,32986107656,2021-12-01
2050,GUATEMALA,441167787,2021-12-01
2080,BELIZE,3621068,2021-12-01
2110,EL SALVADOR,222154980,2021-12-01
2150,HONDURAS,420688137,2021-12-01
2190,NICARAGUA,407723456,2021-12-01
2230,COSTA RICA,578221346,2021-12-01
2250,PANAMA,44629098,2021-12-01
2320,BERMUDA,1229476,2021-12-01
2360,BAHAMAS,110127116,2021-12-01
2390,CUBA,22800,2021-12-01
2410,JAMAICA,31589530,2021-12-01
2430,TURKS AND CAICOS ISLANDS,195130,2021-12-01
2440,CAYMAN ISLANDS,1770530,2021-12-01
2450,HAITI,97925841,2021-12-01
2470,DOMINICAN REPUBLIC,562779049,2021-12-01
2481,ANGUILLA,46317,2021-12-01
2482,BRITISH VIRGIN ISLANDS,93630,2021-12-01
2483,ST KITTS AND NEVIS,3183113,2021-12-01
2484,ANTIGUA AND BARBUDA,21524176,2021-12-01
2488,ST VINCENT AND THE GRENADINES,511657,2021-12-01
2485,MONTSERRAT,422993,2021-12-01
2486,DOMINICA,277682,2021-12-01
2487,ST LUCIA,1081380,2021-12-01
2489,GRENADA,1161636,2021-12-01
2720,BARBADOS,2771684,2021-12-01
2740,TRINIDAD AND TOBAGO,341694638,2021-12-01
2774,SINT MAARTEN,11523459,2021-12-01
2777,CURACAO,3536957,2021-12-01
2779,ARUBA,690195,2021-12-01
2831,GUADELOUPE,597770,2021-12-01
2839,MARTINIQUE,208423,2021-12-01
2XXX,CENTRAL AMERICA,3313171054,2021-12-01
3010,COLOMBIA,1285866460,2021-12-01
3070,VENEZUELA,37296506,2021-12-01
3120,GUYANA,15111451,2021-12-01
3150,SURINAME,5627818,2021-12-01
3170,FRENCH GUIANA,241261,2021-12-01
3310,ECUADOR,853743970,2021-12-01
3330,PERU,790499440,2021-12-01
3350,BOLIVIA,25132510,2021-12-01
3370,CHILE,1262913703,2021-12-01
3510,BRAZIL,3034797849,2021-12-01
3530,PARAGUAY,16694204,2021-12-01
3550,URUGUAY,47817717,2021-12-01
3570,ARGENTINA,531729867,2021-12-01
3720,FALKLAND ISLANDS (ISLAS MALVINAS),1602103,2021-12-01
3XXX,SOUTH AMERICA,7909074859,2021-12-01
4000,ICELAND,60670057,2021-12-01
4010,SWEDEN,1412182283,2021-12-01
4091,FAROE ISLANDS,21893299,2021-12-01
4031,"SVALBARD, JAN MAYEN ISLAND",45472,2021-12-01
4039,NORWAY,642562101,2021-12-01
4050,FINLAND,684717137,2021-12-01
4099,DENMARK,1020438490,2021-12-01
4120,UNITED KINGDOM,5179241319,2021-12-01
4190,IRELAND,5997544882,2021-12-01
4210,NETHERLANDS,3368320313,2021-12-01
4231,BELGIUM,1575348137,2021-12-01
4239,LUXEMBOURG,44201041,2021-12-01
4271,ANDORRA,560936,2021-12-01
4272,MONACO,1268080,2021-12-01
4279,FRANCE,4072278237,2021-12-01
4280,GERMANY,11370085745,2021-12-01
4330,AUSTRIA,1694809698,2021-12-01
4351,CZECH REPUBLIC,588371936,2021-12-01
4359,SLOVAKIA,411757905,2021-12-01
4370,HUNGARY,616649031,2021-12-01
4411,LIECHTENSTEIN,23133915,2021-12-01
4419,SWITZERLAND,5466363281,2021-12-01
4470,ESTONIA,234697036,2021-12-01
4490,LATVIA,50187186,2021-12-01
4510,LITHUANIA,130209465,2021-12-01
4550,POLAND,837209853,2021-12-01
4621,RUSSIA,1888664503,2021-12-01
4622,BELARUS,11423911,2021-12-01
4623,UKRAINE,174341273,2021-12-01
4631,ARMENIA,8138486,2021-12-01
4635,KYRGYZSTAN,352755,2021-12-01
4632,AZERBAIJAN,6799723,2021-12-01
4633,GEORGIA,31572450,2021-12-01
4634,KAZAKHSTAN,151688580,2021-12-01
4641,MOLDOVA,6503338,2021-12-01
4642,TAJIKISTAN,75206,2021-12-01
4643,TURKMENISTAN,5220,2021-12-01
4644,UZBEKISTAN,3367222,2021-12-01
4700,SPAIN,1711333661,2021-12-01
4710,PORTUGAL,361721792,2021-12-01
4720,GIBRALTAR,79693,2021-12-01
4730,MALTA,15045538,2021-12-01
4751,SAN MARINO,1227092,2021-12-01
4752,VATICAN CITY,89581,2021-12-01
4759,ITALY,5273807748,2021-12-01
4791,CROATIA,46554833,2021-12-01
4792,SLOVENIA,151309818,2021-12-01
4793,BOSNIA AND HERZEGOVINA,16344669,2021-12-01
4794,MACEDONIA,10329495,2021-12-01
4801,SERBIA,57784847,2021-12-01
4803,KOSOVO,8754980,2021-12-01
4804,MONTENEGRO,528890,2021-12-01
4810,ALBANIA,6320432,2021-12-01
4840,GREECE,138452370,2021-12-01
4850,ROMANIA,265612573,2021-12-01
4870,BULGARIA,98693761,2021-12-01
4890,TURKEY,1449130649,2021-12-01
4910,CYPRUS,8401557,2021-12-01
4XXX,EUROPE,57409203481,2021-12-01
5020,SYRIA,580942,2021-12-01
5081,ISRAEL,1736463391,2021-12-01
5040,LEBANON,12864592,2021-12-01
5050,IRAQ,573188683,2021-12-01
5070,IRAN,115859,2021-12-01
5082,GAZA STRIP ADMINISTERED BY ISRAEL,230,2021-12-01
5083,WEST BANK ADMINISTERED BY ISRAEL,422776,2021-12-01
5110,JORDAN,237704919,2021-12-01
5130,KUWAIT,105491126,2021-12-01
5170,SAUDI ARABIA,1746185792,2021-12-01
5180,QATAR,190341897,2021-12-01
5200,UNITED ARAB EMIRATES,594074309,2021-12-01
5210,YEMEN,99293,2021-12-01
5230,OMAN,229316491,2021-12-01
5250,BAHRAIN,110561225,2021-12-01
5310,AFGHANISTAN,1374020,2021-12-01
5330,INDIA,7059695751,2021-12-01
5350,PAKISTAN,490881250,2021-12-01
5360,NEPAL,9252671,2021-12-01
5380,BANGLADESH,888941729,2021-12-01
5420,SRI LANKA,268119247,2021-12-01
5460,BURMA,80069047,2021-12-01
5490,THAILAND,4270254972,2021-12-01
5520,VIETNAM,9571718107,2021-12-01
5530,LAOS,24815099,2021-12-01
5550,CAMBODIA,723855737,2021-12-01
5570,MALAYSIA,5148880190,2021-12-01
5590,SINGAPORE,2300031084,2021-12-01
5600,INDONESIA,2654516260,2021-12-01
5660,MACAU,16390356,2021-12-01
5601,TIMOR-LESTE,736501,2021-12-01
5610,BRUNEI,1794915,2021-12-01
5650,PHILIPPINES,1299684799,2021-12-01
5682,BHUTAN,7741,2021-12-01
5683,MALDIVES,698641,2021-12-01
5700,CHINA,49375341266,2021-12-01
5740,MONGOLIA,2679456,2021-12-01
5800,"KOREA, SOUTH",8761047749,2021-12-01
5820,HONG KONG,453477806,2021-12-01
5830,TAIWAN,7294803138,2021-12-01
5880,JAPAN,11494397175,2021-12-01
5XXX,ASIA,117730876232,2021-12-01
6021,AUSTRALIA,1145981005,2021-12-01
6022,NORFOLK ISLAND,1048,2021-12-01
6023,COCOS (KEELING) ISLANDS,1515789,2021-12-01
6024,CHRISTMAS ISLAND,199833,2021-12-01
6029,HEARD AND MCDONALD ISLANDS,0,2021-12-01
6040,PAPUA NEW GUINEA,8902473,2021-12-01
6141,NEW ZEALAND,423550123,2021-12-01
6142,COOK ISLANDS,50537,2021-12-01
6143,TOKELAU,47821,2021-12-01
6144,NIUE,180174,2021-12-01
6150,SAMOA,744251,2021-12-01
6223,SOLOMON ISLANDS,360936,2021-12-01
6224,VANUATU,136371,2021-12-01
6225,PITCAIRN ISLANDS,984,2021-12-01
6226,KIRIBATI,93931,2021-12-01
6227,TUVALU,36766,2021-12-01
6412,NEW CALEDONIA,137553,2021-12-01
6413,WALLIS AND FUTUNA,2196,2021-12-01
6414,FRENCH POLYNESIA,3095744,2021-12-01
6810,MARSHALL ISLANDS,1291670,2021-12-01
6863,FIJI,18130338,2021-12-01
6820,MICRONESIA,255237,2021-12-01
6830,PALAU,37738,2021-12-01
6862,NAURU,95201,2021-12-01
6864,TONGA,225617,2021-12-01
6XXX,AUSTRALIA AND OCEANIA,1605073336,2021-12-01
7140,MOROCCO,136647623,2021-12-01
7210,ALGERIA,175729387,2021-12-01
7230,TUNISIA,40419148,2021-12-01
7250,LIBYA,99697330,2021-12-01
7290,EGYPT,268164965,2021-12-01
7321,SUDAN,1364,2021-12-01
7323,SOUTH SUDAN,12338,2021-12-01
7380,EQUATORIAL GUINEA,40782959,2021-12-01
7410,MAURITANIA,65174,2021-12-01
7420,CAMEROON,12081358,2021-12-01
7440,SENEGAL,18386014,2021-12-01
7450,MALI,323463,2021-12-01
7460,GUINEA,720747,2021-12-01
7470,SIERRA LEONE,724437,2021-12-01
7480,COTE D'IVOIRE,45544096,2021-12-01
7490,GHANA,111809291,2021-12-01
7500,GAMBIA,131109,2021-12-01
7510,NIGER,8999021,2021-12-01
7520,TOGO,350025,2021-12-01
7530,NIGERIA,287663904,2021-12-01
7540,CENTRAL AFRICAN REPUBLIC,10081,2021-12-01
7550,GABON,11309469,2021-12-01
7560,CHAD,356686,2021-12-01
7580,ST HELENA,9869310,2021-12-01
7600,BURKINA FASO,246119,2021-12-01
7610,BENIN,300582,2021-12-01
7643,CABO VERDE,546969,2021-12-01
7620,ANGOLA,7441552,2021-12-01
7630,CONGO,2291945,2021-12-01
7642,GUINEA-BISSAU,24,2021-12-01
7644,SAO TOME AND PRINCIPE,28434,2021-12-01
7650,LIBERIA,7453167,2021-12-01
7660,DEMOCRATIC REPUBLIC OF THE CONGO,34344733,2021-12-01
7670,BURUNDI,522,2021-12-01
7690,RWANDA,5927670,2021-12-01
7700,SOMALIA,10378,2021-12-01
7741,ERITREA,165708,2021-12-01
7749,ETHIOPIA,47342814,2021-12-01
7770,DJIBOUTI,667908,2021-12-01
7780,UGANDA,9938358,2021-12-01
7790,KENYA,51731271,2021-12-01
7800,SEYCHELLES,1238176,2021-12-01
7810,BRITISH INDIAN OCEAN TERRITORIES,89235,2021-12-01
7830,TANZANIA,26601182,2021-12-01
7850,MAURITIUS,23763552,2021-12-01
7870,MOZAMBIQUE,16598796,2021-12-01
7880,MADAGASCAR,58184396,2021-12-01
7881,MAYOTTE,648012,2021-12-01
7890,COMOROS,800134,2021-12-01
7904,REUNION,5443600,2021-12-01
7905,FRENCH SOUTHERN AND ANTARCTIC LANDS,145140,2021-12-01
7910,SOUTH AFRICA,1446421453,2021-12-01
7920,NAMIBIA,13975305,2021-12-01
7930,BOTSWANA,27326084,2021-12-01
7940,ZAMBIA,22637868,2021-12-01
7950,ESWATINI,897021,2021-12-01
7960,ZIMBABWE,1805947,2021-12-01
7970,MALAWI,5539600,2021-12-01
7990,LESOTHO,30735306,2021-12-01
7XXX,AFRICA,3121088260,2021-12-01
-,TOTAL FOR ALL COUNTRIES,247008641238,2022-01-01
0003,EUROPEAN UNION,38422853344,2022-01-01
0014,PACIFIC RIM COUNTRIES,88108231403,2022-01-01
0017,CAFTA-DR,2193104555,2022-01-01
0020,USMCA (NAFTA),64749347477,2022-01-01
0021,TWENTY LATIN AMERICAN REPUBLICS,43738611749,2022-01-01
0022,OECD,138349045354,2022-01-01
0023,NATO,68321893059,2022-01-01
0024,LAFTA,41443541393,2022-01-01
0025,EURO AREA,34174697761,2022-01-01
0026,APEC,171732460905,2022-01-01
0027,ASEAN,25607127078,2022-01-01
0028,CACM,1800396782,2022-01-01
1010,GREENLAND,2043462,2022-01-01
1220,CANADA,31594623009,2022-01-01
1XXX,NORTH AMERICA,64751390939,2022-01-01
2010,MEXICO,33154724468,2022-01-01
2050,GUATEMALA,402045548,2022-01-01
2080,BELIZE,4810447,2022-01-01
2110,EL SALVADOR,192322932,2022-01-01
2150,HONDURAS,346440176,2022-01-01
2190,NICARAGUA,402066454,2022-01-01
2230,COSTA RICA,457521672,2022-01-01
2250,PANAMA,41040012,2022-01-01
2320,BERMUDA,241197,2022-01-01
2360,BAHAMAS,53574165,2022-01-01
2390,CUBA,118000,2022-01-01
2410,JAMAICA,22442863,2022-01-01
2430,TURKS AND CAICOS ISLANDS,838230,2022-01-01
2440,CAYMAN ISLANDS,3459486,2022-01-01
2450,HAITI,60807789,2022-01-01
2470,DOMINICAN REPUBLIC,392707773,2022-01-01
2481,ANGUILLA,52024,2022-01-01
2482,BRITISH VIRGIN ISLANDS,611544,2022-01-01
2483,ST KITTS AND NEVIS,2533062,2022-01-01
2484,ANTIGUA AND BARBUDA,1695355,2022-01-01
2485,MONTSERRAT,152209,2022-01-01
2486,DOMINICA,52937,2022-01-01
2487,ST LUCIA,903276,2022-01-01
2488,ST VINCENT AND THE GRENADINES,496494,2022-01-01
2489,GRENADA,882755,2022-01-01
2777,CURACAO,695323,2022-01-01
2720,BARBADOS,2826145,2022-01-01
2740,TRINIDAD AND TOBAGO,749771116,2022-01-01
2774,SINT MAARTEN,5311294,2022-01-01
2779,ARUBA,439149,2022-01-01
2831,GUADELOUPE,337115,2022-01-01
2839,MARTINIQUE,375802,2022-01-01
2XXX,CENTRAL AMERICA,3147572344,2022-01-01
3010,COLOMBIA,1266143354,2022-01-01
3070,VENEZUELA,34969434,2022-01-01
3120,GUYANA,213521155,2022-01-01
3150,SURINAME,6981770,2022-01-01
3170,FRENCH GUIANA,602331,2022-01-01
3310,ECUADOR,591804156,2022-01-01
3330,PERU,812475647,2022-01-01
3350,BOLIVIA,51085536,2022-01-01
3370,CHILE,2077199783,2022-01-01
3510,BRAZIL,2877511609,2022-01-01
3530,PARAGUAY,34390550,2022-01-01
3550,URUGUAY,72635446,2022-01-01
3570,ARGENTINA,470601410,2022-01-01
3720,FALKLAND ISLANDS (ISLAS MALVINAS),1852854,2022-01-01
3XXX,SOUTH AMERICA,8511775035,2022-01-01
4000,ICELAND,52631046,2022-01-01
4010,SWEDEN,1259787418,2022-01-01
4031,"SVALBARD, JAN MAYEN ISLAND",7067,2022-01-01
4039,NORWAY,467444763,2022-01-01
4050,FINLAND,618033848,2022-01-01
4091,FAROE ISLANDS,18715613,2022-01-01
4099,DENMARK,858352345,2022-01-01
4231,BELGIUM,1741190301,2022-01-01
4120,UNITED KINGDOM,4008532147,2022-01-01
4190,IRELAND,6110722911,2022-01-01
4210,NETHERLANDS,2223197150,2022-01-01
4239,LUXEMBOURG,73202530,2022-01-01
4271,ANDORRA,217365,2022-01-01
4272,MONACO,2747806,2022-01-01
4279,FRANCE,3872543260,2022-01-01
4280,GERMANY,10213811621,2022-01-01
4330,AUSTRIA,1266855150,2022-01-01
4351,CZECH REPUBLIC,514924490,2022-01-01
4359,SLOVAKIA,466592924,2022-01-01
4370,HUNGARY,459067399,2022-01-01
4411,LIECHTENSTEIN,23555219,2022-01-01
4419,SWITZERLAND,3918483991,2022-01-01
4470,ESTONIA,120380163,2022-01-01
4490,LATVIA,41156463,2022-01-01
4510,LITHUANIA,199100295,2022-01-01
4550,POLAND,841719174,2022-01-01
4621,RUSSIA,1959211256,2022-01-01
4622,BELARUS,17090364,2022-01-01
4623,UKRAINE,228158532,2022-01-01
4631,ARMENIA,4015110,2022-01-01
4632,AZERBAIJAN,4543199,2022-01-01
4633,GEORGIA,6515056,2022-01-01
4634,KAZAKHSTAN,354280084,2022-01-01
4635,KYRGYZSTAN,344928,2022-01-01
4641,MOLDOVA,6405761,2022-01-01
4642,TAJIKISTAN,545132,2022-01-01
4710,PORTUGAL,423925214,2022-01-01
4643,TURKMENISTAN,24731510,2022-01-01
4644,UZBEKISTAN,866326,2022-01-01
4700,SPAIN,1419647478,2022-01-01
4720,GIBRALTAR,28219,2022-01-01
4730,MALTA,17893639,2022-01-01
4751,SAN MARINO,460767,2022-01-01
4752,VATICAN CITY,58740,2022-01-01
4759,ITALY,4885078758,2022-01-01
4791,CROATIA,64859648,2022-01-01
4792,SLOVENIA,267154156,2022-01-01
4793,BOSNIA AND HERZEGOVINA,13858683,2022-01-01
4794,MACEDONIA,16730259,2022-01-01
4801,SERBIA,69625482,2022-01-01
4803,KOSOVO,14856130,2022-01-01
4804,MONTENEGRO,583037,2022-01-01
4810,ALBANIA,5425520,2022-01-01
4840,GREECE,138262106,2022-01-01
4850,ROMANIA,231555461,2022-01-01
4870,BULGARIA,82749296,2022-01-01
4890,TURKEY,1247230244,2022-01-01
4910,CYPRUS,11090146,2022-01-01
4XXX,EUROPE,50890752700,2022-01-01
5020,SYRIA,559953,2022-01-01
5040,LEBANON,8959489,2022-01-01
5050,IRAQ,532032830,2022-01-01
5081,ISRAEL,1750947032,2022-01-01
5082,GAZA STRIP ADMINISTERED BY ISRAEL,6,2022-01-01
5083,WEST BANK ADMINISTERED BY ISRAEL,1810765,2022-01-01
5110,JORDAN,226949671,2022-01-01
5130,KUWAIT,184887782,2022-01-01
5210,YEMEN,156160,2022-01-01
5170,SAUDI ARABIA,1504918655,2022-01-01
5180,QATAR,355749238,2022-01-01
5200,UNITED ARAB EMIRATES,436964011,2022-01-01
5230,OMAN,174597392,2022-01-01
5250,BAHRAIN,244563422,2022-01-01
5310,AFGHANISTAN,2755228,2022-01-01
5330,INDIA,6671187627,2022-01-01
5350,PAKISTAN,490680361,2022-01-01
5360,NEPAL,9210175,2022-01-01
5380,BANGLADESH,868515039,2022-01-01
5420,SRI LANKA,279570383,2022-01-01
5460,BURMA,79548781,2022-01-01
5490,THAILAND,4164376916,2022-01-01
5520,VIETNAM,9878484981,2022-01-01
5530,LAOS,19320873,2022-01-01
5550,CAMBODIA,834258847,2022-01-01
5570,MALAYSIA,4205281205,2022-01-01
5590,SINGAPORE,2431215885,2022-01-01
5600,INDONESIA,2767326448,2022-01-01
5601,TIMOR-LESTE,1380763,2022-01-01
5610,BRUNEI,648703,2022-01-01
5650,PHILIPPINES,1226664439,2022-01-01
5660,MACAU,16866558,2022-01-01
5682,BHUTAN,24384,2022-01-01
5683,MALDIVES,1252786,2022-01-01
5700,CHINA,47667077458,2022-01-01
5740,MONGOLIA,2947062,2022-01-01
5800,"KOREA, SOUTH",8667785780,2022-01-01
5XXX,ASIA,115241372462,2022-01-01
5820,HONG KONG,359594147,2022-01-01
5830,TAIWAN,7124825140,2022-01-01
5880,JAPAN,12047476087,2022-01-01
6021,AUSTRALIA,1145808088,2022-01-01
6023,COCOS (KEELING) ISLANDS,278526,2022-01-01
6024,CHRISTMAS ISLAND,84195,2022-01-01
6040,PAPUA NEW GUINEA,5950945,2022-01-01
6141,NEW ZEALAND,441710520,2022-01-01
6142,COOK ISLANDS,11490,2022-01-01
6143,TOKELAU,79717,2022-01-01
6144,NIUE,300102,2022-01-01
6150,SAMOA,198689,2022-01-01
6223,SOLOMON ISLANDS,49439,2022-01-01
6224,VANUATU,196901,2022-01-01
6225,PITCAIRN ISLANDS,341504,2022-01-01
6226,KIRIBATI,226975,2022-01-01
6412,NEW CALEDONIA,4863768,2022-01-01
6413,WALLIS AND FUTUNA,5186,2022-01-01
6414,FRENCH POLYNESIA,2796243,2022-01-01
6810,MARSHALL ISLANDS,1375352,2022-01-01
6820,MICRONESIA,124497,2022-01-01
6830,PALAU,108832,2022-01-01
6862,NAURU,184339,2022-01-01
6863,FIJI,23150067,2022-01-01
6864,TONGA,91331,2022-01-01
6XXX,AUSTRALIA AND OCEANIA,1627936706,2022-01-01
7140,MOROCCO,109513964,2022-01-01
7210,ALGERIA,80823397,2022-01-01
7230,TUNISIA,50656757,2022-01-01
7250,LIBYA,222841766,2022-01-01
7290,EGYPT,322865303,2022-01-01
7321,SUDAN,1102039,2022-01-01
7440,SENEGAL,19389530,2022-01-01
7380,EQUATORIAL GUINEA,9321414,2022-01-01
7410,MAURITANIA,390175,2022-01-01
7420,CAMEROON,7342929,2022-01-01
7450,MALI,54441,2022-01-01
7460,GUINEA,1311151,2022-01-01
7470,SIERRA LEONE,639003,2022-01-01
7480,COTE D'IVOIRE,132590486,2022-01-01
7490,GHANA,225522538,2022-01-01
7500,GAMBIA,225799,2022-01-01
7510,NIGER,8752346,2022-01-01
7520,TOGO,508625,2022-01-01
7530,NIGERIA,60993963,2022-01-01
7540,CENTRAL AFRICAN REPUBLIC,138,2022-01-01
7550,GABON,2445808,2022-01-01
7560,CHAD,7261,2022-01-01
7580,ST HELENA,108657,2022-01-01
7600,BURKINA FASO,383538,2022-01-01
7610,BENIN,169585,2022-01-01
7620,ANGOLA,135484497,2022-01-01
7630,CONGO,3011862,2022-01-01
7642,GUINEA-BISSAU,133,2022-01-01
7643,CABO VERDE,670700,2022-01-01
7644,SAO TOME AND PRINCIPE,111599,2022-01-01
7650,LIBERIA,8613589,2022-01-01
7660,DEMOCRATIC REPUBLIC OF THE CONGO,13653105,2022-01-01
7670,BURUNDI,258451,2022-01-01
7690,RWANDA,4980383,2022-01-01
7700,SOMALIA,74328,2022-01-01
7741,ERITREA,5493,2022-01-01
7749,ETHIOPIA,72942070,2022-01-01
7770,DJIBOUTI,4534885,2022-01-01
7780,UGANDA,8742975,2022-01-01
7790,KENYA,55537296,2022-01-01
7800,SEYCHELLES,827446,2022-01-01
7810,BRITISH INDIAN OCEAN TERRITORIES,18214,2022-01-01
7880,MADAGASCAR,86123179,2022-01-01
7830,TANZANIA,9868492,2022-01-01
7850,MAURITIUS,23492717,2022-01-01
7870,MOZAMBIQUE,24251193,2022-01-01
7881,MAYOTTE,136808,2022-01-01
7890,COMOROS,1044910,2022-01-01
7904,REUNION,5326869,2022-01-01
7905,FRENCH SOUTHERN AND ANTARCTIC LANDS,381,2022-01-01
7910,SOUTH AFRICA,1038062997,2022-01-01
7920,NAMIBIA,5775513,2022-01-01
7930,BOTSWANA,16038361,2022-01-01
7940,ZAMBIA,10571416,2022-01-01
7950,ESWATINI,429916,2022-01-01
7960,ZIMBABWE,12648370,2022-01-01
7970,MALAWI,6169516,2022-01-01
7990,LESOTHO,30472775,2022-01-01
7XXX,AFRICA,2837841052,2022-01-01
-,TOTAL FOR ALL COUNTRIES,233955405508,2022-02-01
0003,EUROPEAN UNION,38255790551,2022-02-01
0014,PACIFIC RIM COUNTRIES,79402042628,2022-02-01
0017,CAFTA-DR,2534593727,2022-02-01
0020,USMCA (NAFTA),63517173697,2022-02-01
0021,TWENTY LATIN AMERICAN REPUBLICS,41928254485,2022-02-01
0022,OECD,135815448147,2022-02-01
0023,NATO,67409838596,2022-02-01
0024,LAFTA,39273711732,2022-02-01
0025,EURO AREA,33909218803,2022-02-01
0026,APEC,159785182228,2022-02-01
0027,ASEAN,22573866320,2022-02-01
0028,CACM,2000489786,2022-02-01
1010,GREENLAND,5549934,2022-02-01
1220,CANADA,31010687011,2022-02-01
1610,ST PIERRE AND MIQUELON,7910,2022-02-01
1XXX,NORTH AMERICA,63522731541,2022-02-01
2010,MEXICO,32506486686,2022-02-01
2050,GUATEMALA,380231097,2022-02-01
2080,BELIZE,2408580,2022-02-01
2110,EL SALVADOR,231372382,2022-02-01
2150,HONDURAS,463789421,2022-02-01
2190,NICARAGUA,390648166,2022-02-01
2230,COSTA RICA,534448720,2022-02-01
2250,PANAMA,41553235,2022-02-01
2320,BERMUDA,421193,2022-02-01
2360,BAHAMAS,31718031,2022-02-01
2390,CUBA,279500,2022-02-01
2410,JAMAICA,28882145,2022-02-01
2430,TURKS AND CAICOS ISLANDS,429305,2022-02-01
2440,CAYMAN ISLANDS,1734587,2022-02-01
2450,HAITI,78116291,2022-02-01
2470,DOMINICAN REPUBLIC,534103941,2022-02-01
2481,ANGUILLA,32975,2022-02-01
2482,BRITISH VIRGIN ISLANDS,423076,2022-02-01
2483,ST KITTS AND NEVIS,2767827,2022-02-01
2484,ANTIGUA AND BARBUDA,439163,2022-02-01
2485,MONTSERRAT,289522,2022-02-01
2486,DOMINICA,38418,2022-02-01
2487,ST LUCIA,763466,2022-02-01
2488,ST VINCENT AND THE GRENADINES,696036,2022-02-01
2774,SINT MAARTEN,11543826,2022-02-01
2489,GRENADA,1265608,2022-02-01
2720,BARBADOS,2984854,2022-02-01
2740,TRINIDAD AND TOBAGO,414216426,2022-02-01
2777,CURACAO,3060964,2022-02-01
2779,ARUBA,1185662,2022-02-01
2831,GUADELOUPE,422735,2022-02-01
2839,MARTINIQUE,238492,2022-02-01
2XXX,CENTRAL AMERICA,3160505644,2022-02-01
3010,COLOMBIA,1233708529,2022-02-01
3070,VENEZUELA,33307642,2022-02-01
3120,GUYANA,233486953,2022-02-01
3150,SURINAME,4654984,2022-02-01
3170,FRENCH GUIANA,55870,2022-02-01
3310,ECUADOR,693431819,2022-02-01
3330,PERU,739211786,2022-02-01
3350,BOLIVIA,56145600,2022-02-01
3370,CHILE,1164302077,2022-02-01
3510,BRAZIL,2329576246,2022-02-01
3530,PARAGUAY,13995901,2022-02-01
3550,URUGUAY,38577882,2022-02-01
3570,ARGENTINA,464967564,2022-02-01
3720,FALKLAND ISLANDS (ISLAS MALVINAS),17834,2022-02-01
3XXX,SOUTH AMERICA,7005440687,2022-02-01
4000,ICELAND,52064989,2022-02-01
4010,SWEDEN,1170124733,2022-02-01
4031,"SVALBARD, JAN MAYEN ISLAND",38530,2022-02-01
4039,NORWAY,420520057,2022-02-01
4050,FINLAND,681293640,2022-02-01
4091,FAROE ISLANDS,17859170,2022-02-01
4210,NETHERLANDS,2755443085,2022-02-01
4099,DENMARK,1055419344,2022-02-01
4120,UNITED KINGDOM,4034409729,2022-02-01
4190,IRELAND,6398178975,2022-02-01
4231,BELGIUM,1653328771,2022-02-01
4239,LUXEMBOURG,33869120,2022-02-01
4271,ANDORRA,191549,2022-02-01
4272,MONACO,2140849,2022-02-01
4279,FRANCE,3863166484,2022-02-01
4280,GERMANY,9547200659,2022-02-01
4330,AUSTRIA,1358812664,2022-02-01
4351,CZECH REPUBLIC,505594030,2022-02-01
4359,SLOVAKIA,266656021,2022-02-01
4370,HUNGARY,444142976,2022-02-01
4411,LIECHTENSTEIN,16200404,2022-02-01
4419,SWITZERLAND,5039559409,2022-02-01
4470,ESTONIA,103910301,2022-02-01
4490,LATVIA,34735655,2022-02-01
4510,LITHUANIA,295252514,2022-02-01
4550,POLAND,872634206,2022-02-01
4621,RUSSIA,2571139249,2022-02-01
4622,BELARUS,110204373,2022-02-01
4623,UKRAINE,188387074,2022-02-01
4631,ARMENIA,4940525,2022-02-01
4632,AZERBAIJAN,3773426,2022-02-01
4633,GEORGIA,36935650,2022-02-01
4634,KAZAKHSTAN,143462957,2022-02-01
4635,KYRGYZSTAN,1052238,2022-02-01
4641,MOLDOVA,5825136,2022-02-01
4700,SPAIN,1580362469,2022-02-01
4642,TAJIKISTAN,28329,2022-02-01
4643,TURKMENISTAN,210493,2022-02-01
4644,UZBEKISTAN,2103145,2022-02-01
4710,PORTUGAL,436797448,2022-02-01
4720,GIBRALTAR,3441,2022-02-01
4730,MALTA,16552830,2022-02-01
4751,SAN MARINO,196476,2022-02-01
4752,VATICAN CITY,29467,2022-02-01
4759,ITALY,4476109390,2022-02-01
4791,CROATIA,72812519,2022-02-01
4792,SLOVENIA,198620963,2022-02-01
4793,BOSNIA AND HERZEGOVINA,11776622,2022-02-01
4794,MACEDONIA,40301795,2022-02-01
4801,SERBIA,52085276,2022-02-01
4803,KOSOVO,17180112,2022-02-01
4804,MONTENEGRO,765654,2022-02-01
4810,ALBANIA,9061340,2022-02-01
4840,GREECE,130637147,2022-02-01
4850,ROMANIA,196426980,2022-02-01
4870,BULGARIA,102229479,2022-02-01
4890,TURKEY,1488201395,2022-02-01
4910,CYPRUS,5478148,2022-02-01
4XXX,EUROPE,52526439410,2022-02-01
5020,SYRIA,256948,2022-02-01
5040,LEBANON,15677127,2022-02-01
5050,IRAQ,469604886,2022-02-01
5070,IRAN,99620,2022-02-01
5081,ISRAEL,1559438291,2022-02-01
5082,GAZA STRIP ADMINISTERED BY ISRAEL,180871,2022-02-01
5083,WEST BANK ADMINISTERED BY ISRAEL,545013,2022-02-01
5180,QATAR,257053640,2022-02-01
5110,JORDAN,216635897,2022-02-01
5130,KUWAIT,64196182,2022-02-01
5170,SAUDI ARABIA,1443403186,2022-02-01
5200,UNITED ARAB EMIRATES,391119662,2022-02-01
5210,YEMEN,828280,2022-02-01
5230,OMAN,221093080,2022-02-01
5250,BAHRAIN,81288495,2022-02-01
5310,AFGHANISTAN,1305945,2022-02-01
5330,INDIA,5933013152,2022-02-01
5350,PAKISTAN,480215099,2022-02-01
5360,NEPAL,9586896,2022-02-01
5380,BANGLADESH,784360499,2022-02-01
5420,SRI LANKA,266203751,2022-02-01
5460,BURMA,77351895,2022-02-01
5490,THAILAND,4229758158,2022-02-01
5520,VIETNAM,8170888214,2022-02-01
5530,LAOS,18678688,2022-02-01
5550,CAMBODIA,860561968,2022-02-01
5570,MALAYSIA,3768931466,2022-02-01
5590,SINGAPORE,1876341192,2022-02-01
5600,INDONESIA,2473221765,2022-02-01
5601,TIMOR-LESTE,4664159,2022-02-01
5610,BRUNEI,1113455,2022-02-01
5650,PHILIPPINES,1097019519,2022-02-01
5660,MACAU,9333581,2022-02-01
5682,BHUTAN,5533,2022-02-01
5683,MALDIVES,1431770,2022-02-01
5700,CHINA,42297863971,2022-02-01
5830,TAIWAN,6618364934,2022-02-01
5740,MONGOLIA,1652670,2022-02-01
5800,"KOREA, SOUTH",8386080263,2022-02-01
5820,HONG KONG,246578572,2022-02-01
5880,JAPAN,11213553454,2022-02-01
5XXX,ASIA,103549501747,2022-02-01
6021,AUSTRALIA,1050376941,2022-02-01
6022,NORFOLK ISLAND,9,2022-02-01
6023,COCOS (KEELING) ISLANDS,31800,2022-02-01
6024,CHRISTMAS ISLAND,38276,2022-02-01
6040,PAPUA NEW GUINEA,5798096,2022-02-01
6141,NEW ZEALAND,357465419,2022-02-01
6142,COOK ISLANDS,30663,2022-02-01
6143,TOKELAU,150399,2022-02-01
6144,NIUE,137307,2022-02-01
6150,SAMOA,2063516,2022-02-01
6223,SOLOMON ISLANDS,108141,2022-02-01
6224,VANUATU,910846,2022-02-01
6225,PITCAIRN ISLANDS,1,2022-02-01
6226,KIRIBATI,163496,2022-02-01
6227,TUVALU,5017,2022-02-01
6412,NEW CALEDONIA,4565739,2022-02-01
6413,WALLIS AND FUTUNA,6,2022-02-01
6414,FRENCH POLYNESIA,2651805,2022-02-01
6810,MARSHALL ISLANDS,1189381,2022-02-01
6820,MICRONESIA,156117,2022-02-01
6830,PALAU,34425,2022-02-01
6862,NAURU,58619,2022-02-01
6863,FIJI,25163676,2022-02-01
6864,TONGA,106493,2022-02-01
6XXX,AUSTRALIA AND OCEANIA,1451206188,2022-02-01
7140,MOROCCO,130058418,2022-02-01
7210,ALGERIA,135495796,2022-02-01
7321,SUDAN,504047,2022-02-01
7230,TUNISIA,53294539,2022-02-01
7250,LIBYA,184591505,2022-02-01
7290,EGYPT,227259292,2022-02-01
7323,SOUTH SUDAN,344,2022-02-01
7380,EQUATORIAL GUINEA,27682974,2022-02-01
7410,MAURITANIA,276032,2022-02-01
7420,CAMEROON,4597594,2022-02-01
7440,SENEGAL,14750120,2022-02-01
7450,MALI,1085684,2022-02-01
7460,GUINEA,493108,2022-02-01
7470,SIERRA LEONE,2462420,2022-02-01
7480,COTE D'IVOIRE,49192899,2022-02-01
7490,GHANA,129528324,2022-02-01
7500,GAMBIA,340304,2022-02-01
7510,NIGER,18912956,2022-02-01
7520,TOGO,1358239,2022-02-01
7530,NIGERIA,377670548,2022-02-01
7540,CENTRAL AFRICAN REPUBLIC,34644,2022-02-01
7550,GABON,11898929,2022-02-01
7560,CHAD,228717,2022-02-01
7580,ST HELENA,393320,2022-02-01
7600,BURKINA FASO,528210,2022-02-01
7610,BENIN,413629,2022-02-01
7620,ANGOLA,231628038,2022-02-01
7630,CONGO,1833070,2022-02-01
7642,GUINEA-BISSAU,363,2022-02-01
7643,CABO VERDE,533563,2022-02-01
7644,SAO TOME AND PRINCIPE,81626,2022-02-01
7650,LIBERIA,4651377,2022-02-01
7660,DEMOCRATIC REPUBLIC OF THE CONGO,7731904,2022-02-01
7670,BURUNDI,830991,2022-02-01
7690,RWANDA,1499404,2022-02-01
7700,SOMALIA,5012,2022-02-01
7741,ERITREA,16230,2022-02-01
7790,KENYA,39107079,2022-02-01
7749,ETHIOPIA,41491515,2022-02-01
7770,DJIBOUTI,2443058,2022-02-01
7780,UGANDA,26380951,2022-02-01
7800,SEYCHELLES,559217,2022-02-01
7810,BRITISH INDIAN OCEAN TERRITORIES,6176,2022-02-01
7830,TANZANIA,9468221,2022-02-01
7850,MAURITIUS,17677310,2022-02-01
7870,MOZAMBIQUE,4784289,2022-02-01
7880,MADAGASCAR,67790733,2022-02-01
7881,MAYOTTE,269939,2022-02-01
7890,COMOROS,729714,2022-02-01
7904,REUNION,56960,2022-02-01
7905,FRENCH SOUTHERN AND ANTARCTIC LANDS,78,2022-02-01
7910,SOUTH AFRICA,836565348,2022-02-01
7920,NAMIBIA,9855354,2022-02-01
7930,BOTSWANA,23792904,2022-02-01
7940,ZAMBIA,7123732,2022-02-01
7950,ESWATINI,787806,2022-02-01
7960,ZIMBABWE,654221,2022-02-01
7970,MALAWI,3688565,2022-02-01
7990,LESOTHO,24482951,2022-02-01
7XXX,AFRICA,2739580291,2022-02-01
-,TOTAL FOR ALL COUNTRIES,295671872045,2022-03-01
0003,EUROPEAN UNION,48125474022,2022-03-01
0014,PACIFIC RIM COUNTRIES,95560392023,2022-03-01
0017,CAFTA-DR,3230909052,2022-03-01
0020,USMCA (NAFTA),80063010445,2022-03-01
0021,TWENTY LATIN AMERICAN REPUBLICS,51969684634,2022-03-01
0022,OECD,174865175300,2022-03-01
0023,NATO,87668171100,2022-03-01
0024,LAFTA,48605283137,2022-03-01
0025,EURO AREA,42587934014,2022-03-01
0026,APEC,197320547742,2022-03-01
0027,ASEAN,31727277929,2022-03-01
0028,CACM,2541894342,2022-03-01
1010,GREENLAND,2764706,2022-03-01
1220,CANADA,40050126971,2022-03-01
1610,ST PIERRE AND MIQUELON,0,2022-03-01
1XXX,NORTH AMERICA,80065775151,2022-03-01
2010,MEXICO,40012883474,2022-03-01
2050,GUATEMALA,509748546,2022-03-01
2080,BELIZE,2720662,2022-03-01
2110,EL SALVADOR,292319857,2022-03-01
2150,HONDURAS,580885323,2022-03-01
2190,NICARAGUA,485555689,2022-03-01
2230,COSTA RICA,673384927,2022-03-01
2250,PANAMA,38649846,2022-03-01
2320,BERMUDA,596976,2022-03-01
2360,BAHAMAS,122344207,2022-03-01
2390,CUBA,823393,2022-03-01
2410,JAMAICA,28477326,2022-03-01
2430,TURKS AND CAICOS ISLANDS,700712,2022-03-01
2440,CAYMAN ISLANDS,2272143,2022-03-01
2450,HAITI,94019206,2022-03-01
2470,DOMINICAN REPUBLIC,689014710,2022-03-01
2481,ANGUILLA,3989628,2022-03-01
2482,BRITISH VIRGIN ISLANDS,466659,2022-03-01
2483,ST KITTS AND NEVIS,3825950,2022-03-01
2484,ANTIGUA AND BARBUDA,695898,2022-03-01
2485,MONTSERRAT,67851,2022-03-01
2486,DOMINICA,85676,2022-03-01
2720,BARBADOS,5079599,2022-03-01
2487,ST LUCIA,1018257,2022-03-01
2488,ST VINCENT AND THE GRENADINES,548740,2022-03-01
2489,GRENADA,2698028,2022-03-01
2740,TRINIDAD AND TOBAGO,468216377,2022-03-01
2774,SINT MAARTEN,6593426,2022-03-01
2777,CURACAO,1126482,2022-03-01
2779,ARUBA,1108936,2022-03-01
2831,GUADELOUPE,381318,2022-03-01
2839,MARTINIQUE,1413707,2022-03-01
2XXX,CENTRAL AMERICA,4018830055,2022-03-01
3010,COLOMBIA,1652448679,2022-03-01
3070,VENEZUELA,38481837,2022-03-01
3120,GUYANA,124399082,2022-03-01
3150,SURINAME,9516735,2022-03-01
3170,FRENCH GUIANA,285254,2022-03-01
3310,ECUADOR,810391225,2022-03-01
3330,PERU,755240284,2022-03-01
3350,BOLIVIA,74515291,2022-03-01
3370,CHILE,1377523058,2022-03-01
3510,BRAZIL,3112286718,2022-03-01
3530,PARAGUAY,15926977,2022-03-01
3550,URUGUAY,61814471,2022-03-01
3570,ARGENTINA,693771123,2022-03-01
3720,FALKLAND ISLANDS (ISLAS MALVINAS),241073,2022-03-01
3XXX,SOUTH AMERICA,8726841807,2022-03-01
4000,ICELAND,63996854,2022-03-01
4010,SWEDEN,1771266490,2022-03-01
4031,"SVALBARD, JAN MAYEN ISLAND",384,2022-03-01
4039,NORWAY,538310685,2022-03-01
4120,UNITED KINGDOM,5662700425,2022-03-01
4050,FINLAND,586298620,2022-03-01
4091,FAROE ISLANDS,21151643,2022-03-01
4099,DENMARK,1102500149,2022-03-01
4190,IRELAND,6773567320,2022-03-01
4210,NETHERLANDS,3854285870,2022-03-01
4231,BELGIUM,2301865112,2022-03-01
4239,LUXEMBOURG,43436047,2022-03-01
4271,ANDORRA,545863,2022-03-01
4272,MONACO,8607806,2022-03-01
4279,FRANCE,4689933030,2022-03-01
4280,GERMANY,12953716958,2022-03-01
4330,AUSTRIA,1560881560,2022-03-01
4351,CZECH REPUBLIC,661757325,2022-03-01
4359,SLOVAKIA,667339732,2022-03-01
4370,HUNGARY,597679825,2022-03-01
4411,LIECHTENSTEIN,18928407,2022-03-01
4419,SWITZERLAND,10787626510,2022-03-01
4470,ESTONIA,148497039,2022-03-01
4490,LATVIA,79512620,2022-03-01
4510,LITHUANIA,174966150,2022-03-01
4550,POLAND,950025778,2022-03-01
4621,RUSSIA,2751045655,2022-03-01
4622,BELARUS,25832553,2022-03-01
4623,UKRAINE,125226996,2022-03-01
4631,ARMENIA,5555903,2022-03-01
4632,AZERBAIJAN,16903896,2022-03-01
4633,GEORGIA,37405379,2022-03-01
4642,TAJIKISTAN,61798,2022-03-01
4634,KAZAKHSTAN,121336608,2022-03-01
4635,KYRGYZSTAN,1244127,2022-03-01
4641,MOLDOVA,5290937,2022-03-01
4643,TURKMENISTAN,180886,2022-03-01
4644,UZBEKISTAN,3302929,2022-03-01
4700,SPAIN,2054357298,2022-03-01
4710,PORTUGAL,455221813,2022-03-01
4720,GIBRALTAR,128390,2022-03-01
4730,MALTA,20424481,2022-03-01
4751,SAN MARINO,406175,2022-03-01
4752,VATICAN CITY,323197,2022-03-01
4759,ITALY,5762195645,2022-03-01
4791,CROATIA,83478165,2022-03-01
4792,SLOVENIA,178932782,2022-03-01
4793,BOSNIA AND HERZEGOVINA,15408957,2022-03-01
4794,MACEDONIA,17325963,2022-03-01
4801,SERBIA,51946061,2022-03-01
4803,KOSOVO,10927779,2022-03-01
4804,MONTENEGRO,395607,2022-03-01
4810,ALBANIA,7123859,2022-03-01
4840,GREECE,189352450,2022-03-01
4850,ROMANIA,318126778,2022-03-01
4870,BULGARIA,136183663,2022-03-01
4890,TURKEY,1675584991,2022-03-01
4910,CYPRUS,9671322,2022-03-01
4XXX,EUROPE,70100301245,2022-03-01
5020,SYRIA,1257499,2022-03-01
5040,LEBANON,15536958,2022-03-01
5050,IRAQ,506506819,2022-03-01
5083,WEST BANK ADMINISTERED BY ISRAEL,936858,2022-03-01
5070,IRAN,4642466,2022-03-01
5081,ISRAEL,1887363367,2022-03-01
5082,GAZA STRIP ADMINISTERED BY ISRAEL,0,2022-03-01
5110,JORDAN,236042695,2022-03-01
5130,KUWAIT,87658159,2022-03-01
5170,SAUDI ARABIA,1938107417,2022-03-01
5180,QATAR,163765890,2022-03-01
5200,UNITED ARAB EMIRATES,589542972,2022-03-01
5210,YEMEN,1000122,2022-03-01
5230,OMAN,259722947,2022-03-01
5250,BAHRAIN,158631816,2022-03-01
5310,AFGHANISTAN,1673444,2022-03-01
5330,INDIA,7232129608,2022-03-01
5350,PAKISTAN,549615565,2022-03-01
5360,NEPAL,11401648,2022-03-01
5380,BANGLADESH,1172691815,2022-03-01
5420,SRI LANKA,311450879,2022-03-01
5460,BURMA,78178960,2022-03-01
5490,THAILAND,5358580359,2022-03-01
5520,VIETNAM,11465865613,2022-03-01
5530,LAOS,24811908,2022-03-01
5550,CAMBODIA,1087633794,2022-03-01
5570,MALAYSIA,5261517054,2022-03-01
5590,SINGAPORE,3843268337,2022-03-01
5600,INDONESIA,3152795334,2022-03-01
5601,TIMOR-LESTE,547131,2022-03-01
5610,BRUNEI,16927138,2022-03-01
5650,PHILIPPINES,1437699432,2022-03-01
5700,CHINA,47285271444,2022-03-01
5660,MACAU,11109695,2022-03-01
5682,BHUTAN,3314,2022-03-01
5683,MALDIVES,2019966,2022-03-01
5740,MONGOLIA,538428,2022-03-01
5800,"KOREA, SOUTH",9503476360,2022-03-01
5820,HONG KONG,683926296,2022-03-01
5830,TAIWAN,8359331120,2022-03-01
5880,JAPAN,14017014846,2022-03-01
5XXX,ASIA,126720195473,2022-03-01
6021,AUSTRALIA,1492234366,2022-03-01
6022,NORFOLK ISLAND,82,2022-03-01
6023,COCOS (KEELING) ISLANDS,41275,2022-03-01
6024,CHRISTMAS ISLAND,85035,2022-03-01
6029,HEARD AND MCDONALD ISLANDS,3878,2022-03-01
6040,PAPUA NEW GUINEA,2598051,2022-03-01
6141,NEW ZEALAND,493222550,2022-03-01
6142,COOK ISLANDS,175894,2022-03-01
6143,TOKELAU,38530,2022-03-01
6144,NIUE,232469,2022-03-01
6150,SAMOA,1385801,2022-03-01
6223,SOLOMON ISLANDS,6825687,2022-03-01
6224,VANUATU,334631,2022-03-01
6225,PITCAIRN ISLANDS,16002,2022-03-01
6226,KIRIBATI,166626,2022-03-01
6227,TUVALU,8393,2022-03-01
6412,NEW CALEDONIA,2786373,2022-03-01
6413,WALLIS AND FUTUNA,0,2022-03-01
6414,FRENCH POLYNESIA,3567326,2022-03-01
6810,MARSHALL ISLANDS,1053240,2022-03-01
6820,MICRONESIA,74975,2022-03-01
6830,PALAU,37060,2022-03-01
6862,NAURU,233953,2022-03-01
6863,FIJI,18016181,2022-03-01
7210,ALGERIA,201857089,2022-03-01
6864,TONGA,199585,2022-03-01
6XXX,AUSTRALIA AND OCEANIA,2023337963,2022-03-01
7140,MOROCCO,137898908,2022-03-01
7230,TUNISIA,57213579,2022-03-01
7250,LIBYA,195272466,2022-03-01
7290,EGYPT,218822996,2022-03-01
7321,SUDAN,933664,2022-03-01
7323,SOUTH SUDAN,5322,2022-03-01
7380,EQUATORIAL GUINEA,14522883,2022-03-01
7410,MAURITANIA,42095,2022-03-01
7420,CAMEROON,9161098,2022-03-01
7440,SENEGAL,344074030,2022-03-01
7450,MALI,345288,2022-03-01
7460,GUINEA,621038,2022-03-01
7470,SIERRA LEONE,2014563,2022-03-01
7480,COTE D'IVOIRE,110682837,2022-03-01
7490,GHANA,214377071,2022-03-01
7500,GAMBIA,112309,2022-03-01
7510,NIGER,7083820,2022-03-01
7520,TOGO,3701617,2022-03-01
7530,NIGERIA,293170360,2022-03-01
7540,CENTRAL AFRICAN REPUBLIC,20509,2022-03-01
7550,GABON,4837049,2022-03-01
7560,CHAD,877513,2022-03-01
7580,ST HELENA,71102,2022-03-01
7600,BURKINA FASO,1051362,2022-03-01
7610,BENIN,8198,2022-03-01
7620,ANGOLA,117493111,2022-03-01
7630,CONGO,1641938,2022-03-01
7642,GUINEA-BISSAU,0,2022-03-01
7643,CABO VERDE,183445,2022-03-01
7644,SAO TOME AND PRINCIPE,26445,2022-03-01
7690,RWANDA,6242595,2022-03-01
7650,LIBERIA,6359343,2022-03-01
7660,DEMOCRATIC REPUBLIC OF THE CONGO,48597138,2022-03-01
7670,BURUNDI,779600,2022-03-01
7700,SOMALIA,8779,2022-03-01
7741,ERITREA,91355,2022-03-01
7749,ETHIOPIA,53948903,2022-03-01
7770,DJIBOUTI,1807580,2022-03-01
7780,UGANDA,37561388,2022-03-01
7790,KENYA,62962363,2022-03-01
7800,SEYCHELLES,516852,2022-03-01
7810,BRITISH INDIAN OCEAN TERRITORIES,25383,2022-03-01
7830,TANZANIA,14206766,2022-03-01
7850,MAURITIUS,26740498,2022-03-01
7870,MOZAMBIQUE,13301421,2022-03-01
7880,MADAGASCAR,90291169,2022-03-01
7881,MAYOTTE,294500,2022-03-01
7890,COMOROS,1104038,2022-03-01
7904,REUNION,2771217,2022-03-01
7905,FRENCH SOUTHERN AND ANTARCTIC LANDS,3149,2022-03-01
7910,SOUTH AFRICA,1631496315,2022-03-01
7920,NAMIBIA,11866336,2022-03-01
7930,BOTSWANA,20360628,2022-03-01
7940,ZAMBIA,11891215,2022-03-01
7950,ESWATINI,916001,2022-03-01
7960,ZIMBABWE,2067072,2022-03-01
7970,MALAWI,2951929,2022-03-01
7990,LESOTHO,29303113,2022-03-01
7XXX,AFRICA,4016590351,2022-03-01
-,TOTAL FOR ALL COUNTRIES,272415114320,2022-04-01
0003,EUROPEAN UNION,46539335747,2022-04-01
0014,PACIFIC RIM COUNTRIES,85308024836,2022-04-01
0017,CAFTA-DR,2995675296,2022-04-01
0020,USMCA (NAFTA),76591201149,2022-04-01
0021,TWENTY LATIN AMERICAN REPUBLICS,50028754878,2022-04-01
0022,OECD,161775348827,2022-04-01
0023,NATO,83180756396,2022-04-01
0024,LAFTA,46862471475,2022-04-01
0025,EURO AREA,41600799845,2022-04-01
0026,APEC,181652975155,2022-04-01
0027,ASEAN,28772448989,2022-04-01
0028,CACM,2435688633,2022-04-01
1010,GREENLAND,2603666,2022-04-01
1220,CANADA,38075192179,2022-04-01
1610,ST PIERRE AND MIQUELON,2112,2022-04-01
1XXX,NORTH AMERICA,76593806927,2022-04-01
2010,MEXICO,38516008970,2022-04-01
2050,GUATEMALA,547309621,2022-04-01
2080,BELIZE,3671234,2022-04-01
2110,EL SALVADOR,229946705,2022-04-01
2150,HONDURAS,520101935,2022-04-01
2190,NICARAGUA,451366746,2022-04-01
2230,COSTA RICA,686963626,2022-04-01
2250,PANAMA,38370951,2022-04-01
2320,BERMUDA,1407721,2022-04-01
2360,BAHAMAS,151351612,2022-04-01
2390,CUBA,1425600,2022-04-01
2410,JAMAICA,22417542,2022-04-01
2430,TURKS AND CAICOS ISLANDS,710864,2022-04-01
2440,CAYMAN ISLANDS,2267815,2022-04-01
2450,HAITI,130811556,2022-04-01
2470,DOMINICAN REPUBLIC,559986663,2022-04-01
2481,ANGUILLA,63159,2022-04-01
2482,BRITISH VIRGIN ISLANDS,413613,2022-04-01
2483,ST KITTS AND NEVIS,3753471,2022-04-01
2484,ANTIGUA AND BARBUDA,430990,2022-04-01
2485,MONTSERRAT,43091,2022-04-01
2486,DOMINICA,58375,2022-04-01
2720,BARBADOS,5327755,2022-04-01
2487,ST LUCIA,1021115,2022-04-01
2488,ST VINCENT AND THE GRENADINES,916385,2022-04-01
2489,GRENADA,1522360,2022-04-01
2740,TRINIDAD AND TOBAGO,480834283,2022-04-01
2774,SINT MAARTEN,12675282,2022-04-01
2777,CURACAO,6204291,2022-04-01
2779,ARUBA,469111,2022-04-01
2831,GUADELOUPE,389244,2022-04-01
2839,MARTINIQUE,2722742,2022-04-01
2XXX,CENTRAL AMERICA,3864955458,2022-04-01
3010,COLOMBIA,1692798981,2022-04-01
3070,VENEZUELA,33151629,2022-04-01
3120,GUYANA,140018465,2022-04-01
3150,SURINAME,5259218,2022-04-01
3170,FRENCH GUIANA,0,2022-04-01
3310,ECUADOR,897011937,2022-04-01
3330,PERU,541474276,2022-04-01
3350,BOLIVIA,50908172,2022-04-01
3370,CHILE,1425797205,2022-04-01
3510,BRAZIL,2900607603,2022-04-01
3530,PARAGUAY,20982940,2022-04-01
3550,URUGUAY,68074218,2022-04-01
3570,ARGENTINA,715655544,2022-04-01
3720,FALKLAND ISLANDS (ISLAS MALVINAS),7926395,2022-04-01
3XXX,SOUTH AMERICA,8499666583,2022-04-01
4000,ICELAND,57108238,2022-04-01
4010,SWEDEN,1371420390,2022-04-01
4031,"SVALBARD, JAN MAYEN ISLAND",744,2022-04-01
4039,NORWAY,498624879,2022-04-01
4120,UNITED KINGDOM,5437590667,2022-04-01
4050,FINLAND,853092945,2022-04-01
4091,FAROE ISLANDS,16992167,2022-04-01
4099,DENMARK,885091623,2022-04-01
4190,IRELAND,7657258626,2022-04-01
4210,NETHERLANDS,3212789713,2022-04-01
4231,BELGIUM,2312835072,2022-04-01
4239,LUXEMBOURG,46441509,2022-04-01
4271,ANDORRA,510789,2022-04-01
4272,MONACO,1223267,2022-04-01
4279,FRANCE,5320355412,2022-04-01
4280,GERMANY,11529444040,2022-04-01
4330,AUSTRIA,1326385711,2022-04-01
4351,CZECH REPUBLIC,596823275,2022-04-01
4359,SLOVAKIA,426906856,2022-04-01
4370,HUNGARY,656270507,2022-04-01
4411,LIECHTENSTEIN,23729426,2022-04-01
4419,SWITZERLAND,4974224632,2022-04-01
4470,ESTONIA,115434227,2022-04-01
4490,LATVIA,80456259,2022-04-01
4510,LITHUANIA,338409790,2022-04-01
4550,POLAND,1018279671,2022-04-01
4621,RUSSIA,2062455326,2022-04-01
4622,BELARUS,14221179,2022-04-01
4623,UKRAINE,75809029,2022-04-01
4631,ARMENIA,6925686,2022-04-01
4632,AZERBAIJAN,6543699,2022-04-01
4633,GEORGIA,40753489,2022-04-01
4642,TAJIKISTAN,7201,2022-04-01
4634,KAZAKHSTAN,301829303,2022-04-01
4635,KYRGYZSTAN,674569,2022-04-01
4641,MOLDOVA,7127620,2022-04-01
4643,TURKMENISTAN,57934,2022-04-01
4644,UZBEKISTAN,2421190,2022-04-01
4700,SPAIN,1798673744,2022-04-01
4710,PORTUGAL,504513962,2022-04-01
4720,GIBRALTAR,12843,2022-04-01
4730,MALTA,21752475,2022-04-01
4751,SAN MARINO,2581294,2022-04-01
4752,VATICAN CITY,83447,2022-04-01
4759,ITALY,5610032305,2022-04-01
4791,CROATIA,72544578,2022-04-01
4792,SLOVENIA,222086305,2022-04-01
4793,BOSNIA AND HERZEGOVINA,14651882,2022-04-01
4794,MACEDONIA,13818152,2022-04-01
4801,SERBIA,53674698,2022-04-01
4803,KOSOVO,20196203,2022-04-01
4804,MONTENEGRO,532386,2022-04-01
4810,ALBANIA,26481587,2022-04-01
4840,GREECE,148136631,2022-04-01
4850,ROMANIA,299288516,2022-04-01
4870,BULGARIA,111361920,2022-04-01
4890,TURKEY,1654095761,2022-04-01
4910,CYPRUS,3249685,2022-04-01
4XXX,EUROPE,61854295034,2022-04-01
5020,SYRIA,537953,2022-04-01
5040,LEBANON,23437808,2022-04-01
5050,IRAQ,718619027,2022-04-01
5083,WEST BANK ADMINISTERED BY ISRAEL,807854,2022-04-01
5070,IRAN,5521,2022-04-01
5081,ISRAEL,1740700558,2022-04-01
5082,GAZA STRIP ADMINISTERED BY ISRAEL,0,2022-04-01
5110,JORDAN,214622146,2022-04-01
5130,KUWAIT,233380974,2022-04-01
5170,SAUDI ARABIA,1899015030,2022-04-01
5180,QATAR,200718189,2022-04-01
5200,UNITED ARAB EMIRATES,815279106,2022-04-01
5210,YEMEN,1161256,2022-04-01
5230,OMAN,221257141,2022-04-01
5250,BAHRAIN,142473743,2022-04-01
5310,AFGHANISTAN,2144377,2022-04-01
5330,INDIA,7621576157,2022-04-01
5350,PAKISTAN,527820467,2022-04-01
5360,NEPAL,9202886,2022-04-01
5380,BANGLADESH,941961971,2022-04-01
5420,SRI LANKA,282202252,2022-04-01
5460,BURMA,88811984,2022-04-01
5490,THAILAND,4806509722,2022-04-01
5520,VIETNAM,10926846916,2022-04-01
5530,LAOS,20299687,2022-04-01
5550,CAMBODIA,1035340832,2022-04-01
5570,MALAYSIA,4464264594,2022-04-01
5590,SINGAPORE,2750037194,2022-04-01
5600,INDONESIA,3253790623,2022-04-01
5601,TIMOR-LESTE,227612,2022-04-01
5610,BRUNEI,1722842,2022-04-01
5650,PHILIPPINES,1424824595,2022-04-01
5700,CHINA,41727289477,2022-04-01
5660,MACAU,9334275,2022-04-01
5682,BHUTAN,6251,2022-04-01
5683,MALDIVES,1800399,2022-04-01
5740,MONGOLIA,723553,2022-04-01
5800,"KOREA, SOUTH",9833703187,2022-04-01
5820,HONG KONG,466974612,2022-04-01
5830,TAIWAN,7423536754,2022-04-01
5880,JAPAN,12186352622,2022-04-01
5XXX,ASIA,116019322147,2022-04-01
6021,AUSTRALIA,1315521509,2022-04-01
6022,NORFOLK ISLAND,245100,2022-04-01
6023,COCOS (KEELING) ISLANDS,3140,2022-04-01
6024,CHRISTMAS ISLAND,142800,2022-04-01
6029,HEARD AND MCDONALD ISLANDS,30813,2022-04-01
6040,PAPUA NEW GUINEA,2516656,2022-04-01
6141,NEW ZEALAND,448155896,2022-04-01
6142,COOK ISLANDS,217776,2022-04-01
6143,TOKELAU,118882,2022-04-01
6144,NIUE,292235,2022-04-01
6150,SAMOA,937007,2022-04-01
6223,SOLOMON ISLANDS,50698,2022-04-01
6224,VANUATU,204002,2022-04-01
6225,PITCAIRN ISLANDS,1076,2022-04-01
6226,KIRIBATI,410533,2022-04-01
6227,TUVALU,1043,2022-04-01
6412,NEW CALEDONIA,14064699,2022-04-01
6413,WALLIS AND FUTUNA,1278,2022-04-01
6414,FRENCH POLYNESIA,2787379,2022-04-01
6810,MARSHALL ISLANDS,2034170,2022-04-01
6820,MICRONESIA,79148,2022-04-01
6830,PALAU,23907,2022-04-01
6862,NAURU,341835,2022-04-01
6863,FIJI,22920718,2022-04-01
7210,ALGERIA,241713626,2022-04-01
6864,TONGA,292643,2022-04-01
6XXX,AUSTRALIA AND OCEANIA,1811394943,2022-04-01
7140,MOROCCO,140707438,2022-04-01
7230,TUNISIA,73026699,2022-04-01
7250,LIBYA,241865914,2022-04-01
7290,EGYPT,280521042,2022-04-01
7321,SUDAN,222318,2022-04-01
7323,SOUTH SUDAN,4680,2022-04-01
7380,EQUATORIAL GUINEA,20429787,2022-04-01
7410,MAURITANIA,362502,2022-04-01
7420,CAMEROON,5479552,2022-04-01
7440,SENEGAL,18190076,2022-04-01
7450,MALI,866609,2022-04-01
7460,GUINEA,857459,2022-04-01
7470,SIERRA LEONE,1020759,2022-04-01
7480,COTE D'IVOIRE,128816894,2022-04-01
7490,GHANA,297578134,2022-04-01
7500,GAMBIA,192002,2022-04-01
7510,NIGER,5115225,2022-04-01
7520,TOGO,4251491,2022-04-01
7530,NIGERIA,385872122,2022-04-01
7540,CENTRAL AFRICAN REPUBLIC,2064,2022-04-01
7550,GABON,9580334,2022-04-01
7560,CHAD,81469,2022-04-01
7580,ST HELENA,14640980,2022-04-01
7600,BURKINA FASO,543706,2022-04-01
7610,BENIN,223854,2022-04-01
7620,ANGOLA,55846402,2022-04-01
7630,CONGO,8636835,2022-04-01
7642,GUINEA-BISSAU,173,2022-04-01
7643,CABO VERDE,712467,2022-04-01
7644,SAO TOME AND PRINCIPE,36268,2022-04-01
7690,RWANDA,3036532,2022-04-01
7650,LIBERIA,6200390,2022-04-01
7660,DEMOCRATIC REPUBLIC OF THE CONGO,37262588,2022-04-01
7670,BURUNDI,640102,2022-04-01
7700,SOMALIA,78367,2022-04-01
7741,ERITREA,9306,2022-04-01
7749,ETHIOPIA,47839005,2022-04-01
7770,DJIBOUTI,3506708,2022-04-01
7780,UGANDA,13547030,2022-04-01
7790,KENYA,65134493,2022-04-01
7800,SEYCHELLES,1754953,2022-04-01
7810,BRITISH INDIAN OCEAN TERRITORIES,72867,2022-04-01
7830,TANZANIA,13118456,2022-04-01
7850,MAURITIUS,23453772,2022-04-01
7870,MOZAMBIQUE,14819158,2022-04-01
7880,MADAGASCAR,86048720,2022-04-01
7881,MAYOTTE,66190,2022-04-01
7890,COMOROS,1002774,2022-04-01
7904,REUNION,20877,2022-04-01
7905,FRENCH SOUTHERN AND ANTARCTIC LANDS,15607,2022-04-01
7910,SOUTH AFRICA,1408928168,2022-04-01
7920,NAMIBIA,26187918,2022-04-01
7930,BOTSWANA,33888803,2022-04-01
7940,ZAMBIA,11291824,2022-04-01
7950,ESWATINI,441276,2022-04-01
7960,ZIMBABWE,9402140,2022-04-01
7970,MALAWI,5980405,2022-04-01
7990,LESOTHO,20525918,2022-04-01
7XXX,AFRICA,3771673228,2022-04-01
-,TOTAL FOR ALL COUNTRIES,285287161183,2022-05-01
0003,EUROPEAN UNION,48982936264,2022-05-01
0014,PACIFIC RIM COUNTRIES,88968987753,2022-05-01
0017,CAFTA-DR,3116268032,2022-05-01
0020,USMCA (NAFTA),79905347022,2022-05-01
0021,TWENTY LATIN AMERICAN REPUBLICS,51338576361,2022-05-01
0022,OECD,169384379910,2022-05-01
0023,NATO,88442864312,2022-05-01
0024,LAFTA,48080843487,2022-05-01
0025,EURO AREA,43583562792,2022-05-01
0026,APEC,189177936186,2022-05-01
0027,ASEAN,30246519552,2022-05-01
0028,CACM,2471438008,2022-05-01
1010,GREENLAND,2846055,2022-05-01
1220,CANADA,40460884877,2022-05-01
1610,ST PIERRE AND MIQUELON,1230,2022-05-01
1XXX,NORTH AMERICA,79908194307,2022-05-01
2010,MEXICO,39444462145,2022-05-01
2050,GUATEMALA,477385487,2022-05-01
2080,BELIZE,3319035,2022-05-01
2110,EL SALVADOR,241505042,2022-05-01
2150,HONDURAS,570235245,2022-05-01
2190,NICARAGUA,452242411,2022-05-01
2230,COSTA RICA,730069823,2022-05-01
2250,PANAMA,39797551,2022-05-01
2320,BERMUDA,823903,2022-05-01
2360,BAHAMAS,130093299,2022-05-01
2390,CUBA,1679000,2022-05-01
2410,JAMAICA,30365629,2022-05-01
2430,TURKS AND CAICOS ISLANDS,825859,2022-05-01
2440,CAYMAN ISLANDS,1108181,2022-05-01
2450,HAITI,99988291,2022-05-01
2470,DOMINICAN REPUBLIC,644830024,2022-05-01
2481,ANGUILLA,328181,2022-05-01
2482,BRITISH VIRGIN ISLANDS,398314,2022-05-01
2483,ST KITTS AND NEVIS,3711241,2022-05-01
2484,ANTIGUA AND BARBUDA,950824,2022-05-01
2485,MONTSERRAT,198821,2022-05-01
2489,GRENADA,2042414,2022-05-01
2486,DOMINICA,92465,2022-05-01
2487,ST LUCIA,1108057,2022-05-01
2488,ST VINCENT AND THE GRENADINES,1384177,2022-05-01
2720,BARBADOS,3686496,2022-05-01
2740,TRINIDAD AND TOBAGO,466805722,2022-05-01
2774,SINT MAARTEN,4682511,2022-05-01
2777,CURACAO,726996,2022-05-01
2779,ARUBA,802861,2022-05-01
2831,GUADELOUPE,122655,2022-05-01
2839,MARTINIQUE,276897,2022-05-01
2XXX,CENTRAL AMERICA,3911587412,2022-05-01
3010,COLOMBIA,1787927741,2022-05-01
3070,VENEZUELA,35962620,2022-05-01
3120,GUYANA,164361143,2022-05-01
3150,SURINAME,8603610,2022-05-01
3170,FRENCH GUIANA,2687,2022-05-01
3310,ECUADOR,1090114887,2022-05-01
3330,PERU,547191043,2022-05-01
3350,BOLIVIA,101093500,2022-05-01
3370,CHILE,1477844971,2022-05-01
3510,BRAZIL,2930286514,2022-05-01
3530,PARAGUAY,31081336,2022-05-01
3550,URUGUAY,71057279,2022-05-01
3570,ARGENTINA,563821451,2022-05-01
3720,FALKLAND ISLANDS (ISLAS MALVINAS),52415,2022-05-01
3XXX,SOUTH AMERICA,8809401197,2022-05-01
4000,ICELAND,53115067,2022-05-01
4010,SWEDEN,1529143484,2022-05-01
4031,"SVALBARD, JAN MAYEN ISLAND",3000,2022-05-01
4099,DENMARK,1186543426,2022-05-01
4039,NORWAY,683338491,2022-05-01
4050,FINLAND,814719118,2022-05-01
4091,FAROE ISLANDS,25073944,2022-05-01
4120,UNITED KINGDOM,5613238506,2022-05-01
4190,IRELAND,7500826645,2022-05-01
4210,NETHERLANDS,3563219991,2022-05-01
4231,BELGIUM,2020530065,2022-05-01
4239,LUXEMBOURG,78605849,2022-05-01
4271,ANDORRA,769029,2022-05-01
4272,MONACO,1872026,2022-05-01
4279,FRANCE,4679073405,2022-05-01
4280,GERMANY,12320113546,2022-05-01
4330,AUSTRIA,1509630816,2022-05-01
4351,CZECH REPUBLIC,645498039,2022-05-01
4359,SLOVAKIA,481813342,2022-05-01
4370,HUNGARY,575448460,2022-05-01
4411,LIECHTENSTEIN,20708703,2022-05-01
4419,SWITZERLAND,4751807496,2022-05-01
4470,ESTONIA,109463152,2022-05-01
4490,LATVIA,52304183,2022-05-01
4510,LITHUANIA,238874661,2022-05-01
4550,POLAND,1035386092,2022-05-01
4621,RUSSIA,1125202203,2022-05-01
4622,BELARUS,6559740,2022-05-01
4623,UKRAINE,52467926,2022-05-01
4631,ARMENIA,11976952,2022-05-01
4632,AZERBAIJAN,40149412,2022-05-01
4641,MOLDOVA,6313253,2022-05-01
4633,GEORGIA,7110126,2022-05-01
4634,KAZAKHSTAN,209205979,2022-05-01
4635,KYRGYZSTAN,288303,2022-05-01
4642,TAJIKISTAN,18592,2022-05-01
4643,TURKMENISTAN,6437860,2022-05-01
4644,UZBEKISTAN,8717958,2022-05-01
4700,SPAIN,2346378234,2022-05-01
4710,PORTUGAL,834025129,2022-05-01
4720,GIBRALTAR,298770,2022-05-01
4730,MALTA,26639191,2022-05-01
4751,SAN MARINO,1725596,2022-05-01
4752,VATICAN CITY,119598,2022-05-01
4759,ITALY,6415310113,2022-05-01
4791,CROATIA,59497674,2022-05-01
4792,SLOVENIA,329853009,2022-05-01
4793,BOSNIA AND HERZEGOVINA,11732122,2022-05-01
4794,MACEDONIA,51385509,2022-05-01
4801,SERBIA,58395760,2022-05-01
4803,KOSOVO,18250204,2022-05-01
4804,MONTENEGRO,485946,2022-05-01
4810,ALBANIA,7722780,2022-05-01
4840,GREECE,196656212,2022-05-01
4850,ROMANIA,298343553,2022-05-01
4870,BULGARIA,129010418,2022-05-01
4890,TURKEY,1751973890,2022-05-01
4910,CYPRUS,6028457,2022-05-01
4XXX,EUROPE,63509401005,2022-05-01
5020,SYRIA,720595,2022-05-01
5040,LEBANON,16899938,2022-05-01
5082,GAZA STRIP ADMINISTERED BY ISRAEL,71771,2022-05-01
5050,IRAQ,956229372,2022-05-01
5070,IRAN,132069,2022-05-01
5081,ISRAEL,1865559360,2022-05-01
5083,WEST BANK ADMINISTERED BY ISRAEL,265327,2022-05-01
5110,JORDAN,314447301,2022-05-01
5130,KUWAIT,260265969,2022-05-01
5170,SAUDI ARABIA,2358046766,2022-05-01
5180,QATAR,309436818,2022-05-01
5200,UNITED ARAB EMIRATES,586469183,2022-05-01
5210,YEMEN,16753101,2022-05-01
5230,OMAN,228685891,2022-05-01
5250,BAHRAIN,164117373,2022-05-01
5310,AFGHANISTAN,1253749,2022-05-01
5330,INDIA,8475382696,2022-05-01
5350,PAKISTAN,629193674,2022-05-01
5360,NEPAL,10267490,2022-05-01
5380,BANGLADESH,938653658,2022-05-01
5420,SRI LANKA,286232638,2022-05-01
5460,BURMA,113252344,2022-05-01
5490,THAILAND,5353869518,2022-05-01
5520,VIETNAM,11815125636,2022-05-01
5530,LAOS,20659067,2022-05-01
5550,CAMBODIA,1099570113,2022-05-01
5570,MALAYSIA,4639040596,2022-05-01
5590,SINGAPORE,2572213687,2022-05-01
5600,INDONESIA,3272365460,2022-05-01
5601,TIMOR-LESTE,505581,2022-05-01
5682,BHUTAN,3757,2022-05-01
5610,BRUNEI,24072864,2022-05-01
5650,PHILIPPINES,1336350267,2022-05-01
5660,MACAU,15631960,2022-05-01
5683,MALDIVES,197050,2022-05-01
5700,CHINA,43769593642,2022-05-01
5740,MONGOLIA,2773714,2022-05-01
5800,"KOREA, SOUTH",10500339628,2022-05-01
5820,HONG KONG,336703581,2022-05-01
5830,TAIWAN,7887417799,2022-05-01
5880,JAPAN,12563902621,2022-05-01
5XXX,ASIA,122742673624,2022-05-01
6021,AUSTRALIA,1459382202,2022-05-01
6022,NORFOLK ISLAND,12515,2022-05-01
6023,COCOS (KEELING) ISLANDS,1500,2022-05-01
6024,CHRISTMAS ISLAND,3803,2022-05-01
6029,HEARD AND MCDONALD ISLANDS,586983,2022-05-01
6040,PAPUA NEW GUINEA,5680917,2022-05-01
6141,NEW ZEALAND,586292529,2022-05-01
6142,COOK ISLANDS,137588,2022-05-01
6143,TOKELAU,34377,2022-05-01
6144,NIUE,243629,2022-05-01
6150,SAMOA,137104,2022-05-01
6223,SOLOMON ISLANDS,77517,2022-05-01
6224,VANUATU,550841,2022-05-01
6225,PITCAIRN ISLANDS,35925,2022-05-01
6226,KIRIBATI,305,2022-05-01
6227,TUVALU,3008,2022-05-01
6412,NEW CALEDONIA,222432,2022-05-01
6413,WALLIS AND FUTUNA,0,2022-05-01
6414,FRENCH POLYNESIA,3067624,2022-05-01
6810,MARSHALL ISLANDS,1573124,2022-05-01
6820,MICRONESIA,80583,2022-05-01
6864,TONGA,128223,2022-05-01
6830,PALAU,50825,2022-05-01
6862,NAURU,264533,2022-05-01
6863,FIJI,31741221,2022-05-01
6XXX,AUSTRALIA AND OCEANIA,2090309308,2022-05-01
7140,MOROCCO,182965794,2022-05-01
7210,ALGERIA,377600581,2022-05-01
7230,TUNISIA,80642149,2022-05-01
7250,LIBYA,176257222,2022-05-01
7290,EGYPT,256192107,2022-05-01
7321,SUDAN,4835592,2022-05-01
7323,SOUTH SUDAN,0,2022-05-01
7380,EQUATORIAL GUINEA,18036355,2022-05-01
7410,MAURITANIA,422427,2022-05-01
7420,CAMEROON,11407684,2022-05-01
7440,SENEGAL,13633010,2022-05-01
7450,MALI,836396,2022-05-01
7460,GUINEA,741289,2022-05-01
7470,SIERRA LEONE,1486121,2022-05-01
7480,COTE D'IVOIRE,121692445,2022-05-01
7490,GHANA,179677406,2022-05-01
7500,GAMBIA,49120,2022-05-01
7510,NIGER,5332428,2022-05-01
7520,TOGO,6407044,2022-05-01
7530,NIGERIA,708008187,2022-05-01
7540,CENTRAL AFRICAN REPUBLIC,26461,2022-05-01
7550,GABON,57804248,2022-05-01
7560,CHAD,6692,2022-05-01
7580,ST HELENA,938004,2022-05-01
7600,BURKINA FASO,1264007,2022-05-01
7610,BENIN,464490,2022-05-01
7620,ANGOLA,93150879,2022-05-01
7644,SAO TOME AND PRINCIPE,111117,2022-05-01
7630,CONGO,2312591,2022-05-01
7642,GUINEA-BISSAU,718,2022-05-01
7643,CABO VERDE,378907,2022-05-01
7650,LIBERIA,7491718,2022-05-01
7660,DEMOCRATIC REPUBLIC OF THE CONGO,9534016,2022-05-01
7670,BURUNDI,621737,2022-05-01
7690,RWANDA,1347788,2022-05-01
7700,SOMALIA,4648,2022-05-01
7741,ERITREA,35736,2022-05-01
7749,ETHIOPIA,79848326,2022-05-01
7770,DJIBOUTI,4619196,2022-05-01
7780,UGANDA,9347291,2022-05-01
7790,KENYA,75048320,2022-05-01
7800,SEYCHELLES,1532348,2022-05-01
7810,BRITISH INDIAN OCEAN TERRITORIES,15924,2022-05-01
7830,TANZANIA,26647062,2022-05-01
7850,MAURITIUS,16405575,2022-05-01
7870,MOZAMBIQUE,18696757,2022-05-01
7880,MADAGASCAR,85256795,2022-05-01
7881,MAYOTTE,60805,2022-05-01
7890,COMOROS,91205,2022-05-01
7904,REUNION,8209250,2022-05-01
7905,FRENCH SOUTHERN AND ANTARCTIC LANDS,3947,2022-05-01
7910,SOUTH AFRICA,1470846311,2022-05-01
7920,NAMIBIA,79903128,2022-05-01
7930,BOTSWANA,51744116,2022-05-01
7940,ZAMBIA,27984047,2022-05-01
7950,ESWATINI,9203755,2022-05-01
7960,ZIMBABWE,3563737,2022-05-01
7970,MALAWI,4203935,2022-05-01
7990,LESOTHO,20645386,2022-05-01
7XXX,AFRICA,4315594330,2022-05-01
-,TOTAL FOR ALL COUNTRIES,285977966370,2022-06-01
0003,EUROPEAN UNION,48552371015,2022-06-01
0014,PACIFIC RIM COUNTRIES,91018834628,2022-06-01
0017,CAFTA-DR,3286463959,2022-06-01
0020,USMCA (NAFTA),80125463752,2022-06-01
0021,TWENTY LATIN AMERICAN REPUBLICS,51776480508,2022-06-01
0022,OECD,166684250272,2022-06-01
0023,NATO,88387419136,2022-06-01
0024,LAFTA,48330685221,2022-06-01
0025,EURO AREA,43213136250,2022-06-01
0026,APEC,190220029371,2022-06-01
0027,ASEAN,29205509593,2022-06-01
0028,CACM,2670579133,2022-06-01
1010,GREENLAND,840917,2022-06-01
1220,CANADA,41003980850,2022-06-01
1610,ST PIERRE AND MIQUELON,513,2022-06-01
1XXX,NORTH AMERICA,80126305182,2022-06-01
2010,MEXICO,39121482902,2022-06-01
2050,GUATEMALA,499895339,2022-06-01
2080,BELIZE,4616337,2022-06-01
2110,EL SALVADOR,263852272,2022-06-01
2150,HONDURAS,569464302,2022-06-01
2190,NICARAGUA,491291255,2022-06-01
2230,COSTA RICA,846075965,2022-06-01
2250,PANAMA,55890401,2022-06-01
2320,BERMUDA,3132234,2022-06-01
2360,BAHAMAS,179282230,2022-06-01
2390,CUBA,428000,2022-06-01
2410,JAMAICA,26857674,2022-06-01
2430,TURKS AND CAICOS ISLANDS,2825626,2022-06-01
2440,CAYMAN ISLANDS,1493618,2022-06-01
2450,HAITI,103012927,2022-06-01
2470,DOMINICAN REPUBLIC,615884826,2022-06-01
2481,ANGUILLA,668212,2022-06-01
2482,BRITISH VIRGIN ISLANDS,132687,2022-06-01
2483,ST KITTS AND NEVIS,2558170,2022-06-01
2484,ANTIGUA AND BARBUDA,886362,2022-06-01
2485,MONTSERRAT,80974,2022-06-01
2489,GRENADA,1636973,2022-06-01
2486,DOMINICA,227469,2022-06-01
2487,ST LUCIA,788681,2022-06-01
2488,ST VINCENT AND THE GRENADINES,247532,2022-06-01
2720,BARBADOS,4709830,2022-06-01
2740,TRINIDAD AND TOBAGO,293322213,2022-06-01
2774,SINT MAARTEN,2609549,2022-06-01
2777,CURACAO,4650259,2022-06-01
2779,ARUBA,636543,2022-06-01
2831,GUADELOUPE,173230,2022-06-01
2839,MARTINIQUE,245145,2022-06-01
2XXX,CENTRAL AMERICA,3977576835,2022-06-01
3010,COLOMBIA,1659927806,2022-06-01
3070,VENEZUELA,37097405,2022-06-01
3120,GUYANA,597020922,2022-06-01
3150,SURINAME,7388506,2022-06-01
3170,FRENCH GUIANA,7991,2022-06-01
3310,ECUADOR,1025829489,2022-06-01
3330,PERU,631781639,2022-06-01
3350,BOLIVIA,58811149,2022-06-01
3370,CHILE,1369405861,2022-06-01
3510,BRAZIL,3739600234,2022-06-01
3530,PARAGUAY,25997055,2022-06-01
3550,URUGUAY,92678041,2022-06-01
3570,ARGENTINA,568073640,2022-06-01
3720,FALKLAND ISLANDS (ISLAS MALVINAS),8193618,2022-06-01
3XXX,SOUTH AMERICA,9821813356,2022-06-01
4000,ICELAND,70191704,2022-06-01
4010,SWEDEN,1477453657,2022-06-01
4031,"SVALBARD, JAN MAYEN ISLAND",2979,2022-06-01
4099,DENMARK,949241870,2022-06-01
4039,NORWAY,543195618,2022-06-01
4050,FINLAND,963387115,2022-06-01
4091,FAROE ISLANDS,25705428,2022-06-01
4120,UNITED KINGDOM,5859736670,2022-06-01
4190,IRELAND,7595923778,2022-06-01
4210,NETHERLANDS,3359405841,2022-06-01
4231,BELGIUM,2281970738,2022-06-01
4239,LUXEMBOURG,46206938,2022-06-01
4271,ANDORRA,3134956,2022-06-01
4272,MONACO,1655016,2022-06-01
4279,FRANCE,5131645944,2022-06-01
4280,GERMANY,11438709809,2022-06-01
4330,AUSTRIA,1582989971,2022-06-01
4351,CZECH REPUBLIC,678374556,2022-06-01
4359,SLOVAKIA,547180996,2022-06-01
4370,HUNGARY,674999338,2022-06-01
4411,LIECHTENSTEIN,21727467,2022-06-01
4419,SWITZERLAND,4133143370,2022-06-01
4470,ESTONIA,140820173,2022-06-01
4490,LATVIA,82822073,2022-06-01
4510,LITHUANIA,160126697,2022-06-01
4550,POLAND,1042552482,2022-06-01
4621,RUSSIA,661087427,2022-06-01
4622,BELARUS,5565322,2022-06-01
4623,UKRAINE,80017969,2022-06-01
4631,ARMENIA,6914104,2022-06-01
4635,KYRGYZSTAN,507416,2022-06-01
4632,AZERBAIJAN,18742259,2022-06-01
4633,GEORGIA,61929561,2022-06-01
4634,KAZAKHSTAN,207879361,2022-06-01
4641,MOLDOVA,9746395,2022-06-01
4642,TAJIKISTAN,163116,2022-06-01
4643,TURKMENISTAN,11241153,2022-06-01
4644,UZBEKISTAN,24878282,2022-06-01
4700,SPAIN,2289468686,2022-06-01
4710,PORTUGAL,593350566,2022-06-01
4720,GIBRALTAR,123194,2022-06-01
4730,MALTA,16667075,2022-06-01
4751,SAN MARINO,2418007,2022-06-01
4752,VATICAN CITY,83284,2022-06-01
4759,ITALY,6395350802,2022-06-01
4791,CROATIA,57295254,2022-06-01
4792,SLOVENIA,245231965,2022-06-01
4793,BOSNIA AND HERZEGOVINA,14539571,2022-06-01
4794,MACEDONIA,17965481,2022-06-01
4801,SERBIA,60988104,2022-06-01
4803,KOSOVO,14004770,2022-06-01
4804,MONTENEGRO,233544,2022-06-01
4810,ALBANIA,6049698,2022-06-01
4840,GREECE,272916567,2022-06-01
4850,ROMANIA,362858132,2022-06-01
4870,BULGARIA,153754730,2022-06-01
4890,TURKEY,1622484619,2022-06-01
4910,CYPRUS,11665262,2022-06-01
4XXX,EUROPE,62038426860,2022-06-01
5020,SYRIA,683525,2022-06-01
5081,ISRAEL,2071433319,2022-06-01
5040,LEBANON,13494283,2022-06-01
5050,IRAQ,988115785,2022-06-01
5070,IRAN,84466,2022-06-01
5082,GAZA STRIP ADMINISTERED BY ISRAEL,183117,2022-06-01
5083,WEST BANK ADMINISTERED BY ISRAEL,799553,2022-06-01
5110,JORDAN,216027833,2022-06-01
5130,KUWAIT,192036680,2022-06-01
5170,SAUDI ARABIA,2989014889,2022-06-01
5180,QATAR,233739930,2022-06-01
5200,UNITED ARAB EMIRATES,454947672,2022-06-01
5210,YEMEN,3986464,2022-06-01
5230,OMAN,234730735,2022-06-01
5250,BAHRAIN,263763941,2022-06-01
5310,AFGHANISTAN,1727893,2022-06-01
5330,INDIA,8091124903,2022-06-01
5350,PAKISTAN,478977593,2022-06-01
5360,NEPAL,11109369,2022-06-01
5380,BANGLADESH,1043409835,2022-06-01
5420,SRI LANKA,285333859,2022-06-01
5460,BURMA,77874105,2022-06-01
5490,THAILAND,4882870467,2022-06-01
5520,VIETNAM,11545857084,2022-06-01
5530,LAOS,24887623,2022-06-01
5550,CAMBODIA,996773778,2022-06-01
5570,MALAYSIA,4712403616,2022-06-01
5590,SINGAPORE,2635895769,2022-06-01
5600,INDONESIA,2833705272,2022-06-01
5660,MACAU,15271487,2022-06-01
5601,TIMOR-LESTE,693004,2022-06-01
5610,BRUNEI,1375299,2022-06-01
5650,PHILIPPINES,1493866580,2022-06-01
5682,BHUTAN,55536,2022-06-01
5683,MALDIVES,1885222,2022-06-01
5700,CHINA,48488064176,2022-06-01
5740,MONGOLIA,3324145,2022-06-01
5800,"KOREA, SOUTH",9866487156,2022-06-01
5820,HONG KONG,340295909,2022-06-01
5830,TAIWAN,7313870384,2022-06-01
5880,JAPAN,11397319609,2022-06-01
5XXX,ASIA,124207501865,2022-06-01
6021,AUSTRALIA,1428652396,2022-06-01
6022,NORFOLK ISLAND,547,2022-06-01
6023,COCOS (KEELING) ISLANDS,65474,2022-06-01
6024,CHRISTMAS ISLAND,41833,2022-06-01
6029,HEARD AND MCDONALD ISLANDS,54708,2022-06-01
6040,PAPUA NEW GUINEA,2072569,2022-06-01
6141,NEW ZEALAND,489554406,2022-06-01
6142,COOK ISLANDS,74513,2022-06-01
6143,TOKELAU,69014,2022-06-01
6144,NIUE,489188,2022-06-01
6150,SAMOA,1374674,2022-06-01
6223,SOLOMON ISLANDS,55385,2022-06-01
6224,VANUATU,673745,2022-06-01
6225,PITCAIRN ISLANDS,135,2022-06-01
6226,KIRIBATI,251804,2022-06-01
6227,TUVALU,67,2022-06-01
6412,NEW CALEDONIA,3137792,2022-06-01
6413,WALLIS AND FUTUNA,0,2022-06-01
6414,FRENCH POLYNESIA,3565151,2022-06-01
6810,MARSHALL ISLANDS,1663593,2022-06-01
6863,FIJI,27231156,2022-06-01
6820,MICRONESIA,701306,2022-06-01
6830,PALAU,43520,2022-06-01
6862,NAURU,350528,2022-06-01
6864,TONGA,249901,2022-06-01
6XXX,AUSTRALIA AND OCEANIA,1960373405,2022-06-01
7140,MOROCCO,120364804,2022-06-01
7210,ALGERIA,313922271,2022-06-01
7230,TUNISIA,91912910,2022-06-01
7250,LIBYA,213536493,2022-06-01
7290,EGYPT,268828288,2022-06-01
7321,SUDAN,5591603,2022-06-01
7323,SOUTH SUDAN,340,2022-06-01
7380,EQUATORIAL GUINEA,14311538,2022-06-01
7410,MAURITANIA,326494,2022-06-01
7420,CAMEROON,7574053,2022-06-01
7440,SENEGAL,7757538,2022-06-01
7450,MALI,411579,2022-06-01
7460,GUINEA,482278,2022-06-01
7470,SIERRA LEONE,1762852,2022-06-01
7480,COTE D'IVOIRE,117706987,2022-06-01
7490,GHANA,264968025,2022-06-01
7500,GAMBIA,79548,2022-06-01
7510,NIGER,4502423,2022-06-01
7520,TOGO,13210764,2022-06-01
7530,NIGERIA,666256255,2022-06-01
7540,CENTRAL AFRICAN REPUBLIC,39186,2022-06-01
7550,GABON,4318704,2022-06-01
7560,CHAD,417000,2022-06-01
7580,ST HELENA,1197427,2022-06-01
7600,BURKINA FASO,685148,2022-06-01
7610,BENIN,57769,2022-06-01
7643,CABO VERDE,886444,2022-06-01
7620,ANGOLA,196979323,2022-06-01
7630,CONGO,3232909,2022-06-01
7642,GUINEA-BISSAU,12646,2022-06-01
7644,SAO TOME AND PRINCIPE,106708,2022-06-01
7650,LIBERIA,10101121,2022-06-01
7660,DEMOCRATIC REPUBLIC OF THE CONGO,14236383,2022-06-01
7670,BURUNDI,44869,2022-06-01
7690,RWANDA,771675,2022-06-01
7700,SOMALIA,742580,2022-06-01
7741,ERITREA,30071,2022-06-01
7749,ETHIOPIA,70575162,2022-06-01
7770,DJIBOUTI,946805,2022-06-01
7780,UGANDA,11013513,2022-06-01
7790,KENYA,62539637,2022-06-01
7800,SEYCHELLES,1413462,2022-06-01
7810,BRITISH INDIAN OCEAN TERRITORIES,46231,2022-06-01
7830,TANZANIA,7364504,2022-06-01
7850,MAURITIUS,25485922,2022-06-01
7870,MOZAMBIQUE,20134454,2022-06-01
7880,MADAGASCAR,73492613,2022-06-01
7881,MAYOTTE,156191,2022-06-01
7890,COMOROS,673654,2022-06-01
7904,REUNION,6566182,2022-06-01
7905,FRENCH SOUTHERN AND ANTARCTIC LANDS,5702,2022-06-01
7910,SOUTH AFRICA,1114641701,2022-06-01
7920,NAMIBIA,11574375,2022-06-01
7930,BOTSWANA,57936925,2022-06-01
7940,ZAMBIA,9708291,2022-06-01
7950,ESWATINI,581538,2022-06-01
7960,ZIMBABWE,2211981,2022-06-01
7970,MALAWI,2664086,2022-06-01
7990,LESOTHO,18868932,2022-06-01
7XXX,AFRICA,3845968867,2022-06-01
-,TOTAL FOR ALL COUNTRIES,270390961822,2022-07-01
0003,EUROPEAN UNION,43563746265,2022-07-01
0014,PACIFIC RIM COUNTRIES,89087039329,2022-07-01
0017,CAFTA-DR,3097742851,2022-07-01
0020,USMCA (NAFTA),75585807823,2022-07-01
0021,TWENTY LATIN AMERICAN REPUBLICS,50389886161,2022-07-01
0022,OECD,155768155782,2022-07-01
0023,NATO,81915831892,2022-07-01
0024,LAFTA,47135327541,2022-07-01
0025,EURO AREA,38237967707,2022-07-01
0026,APEC,182513295008,2022-07-01
0027,ASEAN,26940341407,2022-07-01
0028,CACM,2497656096,2022-07-01
1010,GREENLAND,3514870,2022-07-01
1220,CANADA,37900279352,2022-07-01
1610,ST PIERRE AND MIQUELON,0,2022-07-01
1XXX,NORTH AMERICA,75589322693,2022-07-01
2010,MEXICO,37685528471,2022-07-01
2050,GUATEMALA,469596080,2022-07-01
2080,BELIZE,6721945,2022-07-01
2110,EL SALVADOR,295784847,2022-07-01
2150,HONDURAS,528982347,2022-07-01
2190,NICARAGUA,482265213,2022-07-01
2230,COSTA RICA,721027609,2022-07-01
2250,PANAMA,53799268,2022-07-01
2320,BERMUDA,778321,2022-07-01
2360,BAHAMAS,52045382,2022-07-01
2390,CUBA,35000,2022-07-01
2410,JAMAICA,43965843,2022-07-01
2430,TURKS AND CAICOS ISLANDS,811484,2022-07-01
2440,CAYMAN ISLANDS,744234,2022-07-01
2450,HAITI,102981501,2022-07-01
2470,DOMINICAN REPUBLIC,600086755,2022-07-01
2481,ANGUILLA,172979,2022-07-01
2482,BRITISH VIRGIN ISLANDS,109705,2022-07-01
2483,ST KITTS AND NEVIS,2442498,2022-07-01
2484,ANTIGUA AND BARBUDA,436762,2022-07-01
2485,MONTSERRAT,32799,2022-07-01
2489,GRENADA,1599106,2022-07-01
2486,DOMINICA,43067,2022-07-01
2487,ST LUCIA,966507,2022-07-01
2488,ST VINCENT AND THE GRENADINES,715838,2022-07-01
2720,BARBADOS,4783452,2022-07-01
2740,TRINIDAD AND TOBAGO,414951422,2022-07-01
2774,SINT MAARTEN,903353,2022-07-01
2777,CURACAO,1731568,2022-07-01
2779,ARUBA,1113379,2022-07-01
2831,GUADELOUPE,227972,2022-07-01
2839,MARTINIQUE,191040,2022-07-01
2XXX,CENTRAL AMERICA,3790047276,2022-07-01
3010,COLOMBIA,1864399705,2022-07-01
3070,VENEZUELA,36916804,2022-07-01
3120,GUYANA,127685003,2022-07-01
3150,SURINAME,4492419,2022-07-01
3170,FRENCH GUIANA,21,2022-07-01
3310,ECUADOR,804824360,2022-07-01
3330,PERU,635032079,2022-07-01
3350,BOLIVIA,63091923,2022-07-01
3370,CHILE,1451828016,2022-07-01
3510,BRAZIL,3858626862,2022-07-01
3530,PARAGUAY,15847006,2022-07-01
3550,URUGUAY,93499959,2022-07-01
3570,ARGENTINA,625732356,2022-07-01
3720,FALKLAND ISLANDS (ISLAS MALVINAS),266748,2022-07-01
3XXX,SOUTH AMERICA,9582243261,2022-07-01
4000,ICELAND,86374333,2022-07-01
4010,SWEDEN,1485583114,2022-07-01
4031,"SVALBARD, JAN MAYEN ISLAND",869,2022-07-01
4099,DENMARK,877029551,2022-07-01
4039,NORWAY,623614722,2022-07-01
4050,FINLAND,717124771,2022-07-01
4091,FAROE ISLANDS,21212415,2022-07-01
4120,UNITED KINGDOM,4881845023,2022-07-01
4190,IRELAND,5201107932,2022-07-01
4210,NETHERLANDS,2496358749,2022-07-01
4231,BELGIUM,2042886686,2022-07-01
4239,LUXEMBOURG,75703599,2022-07-01
4271,ANDORRA,870333,2022-07-01
4272,MONACO,2859168,2022-07-01
4279,FRANCE,4808659667,2022-07-01
4280,GERMANY,11663545356,2022-07-01
4330,AUSTRIA,1415822271,2022-07-01
4351,CZECH REPUBLIC,676894348,2022-07-01
4359,SLOVAKIA,502212117,2022-07-01
4370,HUNGARY,806051215,2022-07-01
4411,LIECHTENSTEIN,19144030,2022-07-01
4419,SWITZERLAND,3719500747,2022-07-01
4470,ESTONIA,141328592,2022-07-01
4490,LATVIA,81831164,2022-07-01
4510,LITHUANIA,118842435,2022-07-01
4550,POLAND,1037742504,2022-07-01
4621,RUSSIA,483709582,2022-07-01
4622,BELARUS,8223081,2022-07-01
4623,UKRAINE,92152656,2022-07-01
4631,ARMENIA,9765439,2022-07-01
4635,KYRGYZSTAN,1872385,2022-07-01
4632,AZERBAIJAN,47857235,2022-07-01
4633,GEORGIA,66469389,2022-07-01
4634,KAZAKHSTAN,357212829,2022-07-01
4641,MOLDOVA,7616345,2022-07-01
4642,TAJIKISTAN,103013,2022-07-01
4643,TURKMENISTAN,348252,2022-07-01
4644,UZBEKISTAN,4877067,2022-07-01
4700,SPAIN,2066450326,2022-07-01
4710,PORTUGAL,515920550,2022-07-01
4720,GIBRALTAR,63254,2022-07-01
4730,MALTA,13460376,2022-07-01
4751,SAN MARINO,798956,2022-07-01
4752,VATICAN CITY,292198,2022-07-01
4759,ITALY,5687701127,2022-07-01
4791,CROATIA,96123667,2022-07-01
4792,SLOVENIA,346806898,2022-07-01
4793,BOSNIA AND HERZEGOVINA,14895313,2022-07-01
4794,MACEDONIA,13339430,2022-07-01
4801,SERBIA,63947735,2022-07-01
4803,KOSOVO,8363389,2022-07-01
4804,MONTENEGRO,397859,2022-07-01
4810,ALBANIA,8663123,2022-07-01
4840,GREECE,242478311,2022-07-01
4850,ROMANIA,311303359,2022-07-01
4870,BULGARIA,131174467,2022-07-01
4890,TURKEY,1590089556,2022-07-01
4910,CYPRUS,3603113,2022-07-01
4XXX,EUROPE,55700225991,2022-07-01
5020,SYRIA,841856,2022-07-01
5081,ISRAEL,1645947742,2022-07-01
5040,LEBANON,14043181,2022-07-01
5050,IRAQ,1676133159,2022-07-01
5070,IRAN,21969,2022-07-01
5082,GAZA STRIP ADMINISTERED BY ISRAEL,0,2022-07-01
5083,WEST BANK ADMINISTERED BY ISRAEL,161048,2022-07-01
5110,JORDAN,247282006,2022-07-01
5130,KUWAIT,154962381,2022-07-01
5170,SAUDI ARABIA,2194299131,2022-07-01
5180,QATAR,273644681,2022-07-01
5200,UNITED ARAB EMIRATES,766769756,2022-07-01
5210,YEMEN,5157809,2022-07-01
5230,OMAN,244233872,2022-07-01
5250,BAHRAIN,234235246,2022-07-01
5310,AFGHANISTAN,1562862,2022-07-01
5330,INDIA,7542294615,2022-07-01
5350,PAKISTAN,547303154,2022-07-01
5360,NEPAL,11063936,2022-07-01
5380,BANGLADESH,796342558,2022-07-01
5420,SRI LANKA,255051959,2022-07-01
5460,BURMA,82283826,2022-07-01
5490,THAILAND,4657169264,2022-07-01
5520,VIETNAM,10623824633,2022-07-01
5530,LAOS,22285950,2022-07-01
5550,CAMBODIA,1136337071,2022-07-01
5570,MALAYSIA,4316947560,2022-07-01
5590,SINGAPORE,2245651863,2022-07-01
5600,INDONESIA,2435716423,2022-07-01
5660,MACAU,11115718,2022-07-01
5601,TIMOR-LESTE,477506,2022-07-01
5610,BRUNEI,1562081,2022-07-01
5650,PHILIPPINES,1418562736,2022-07-01
5682,BHUTAN,11766,2022-07-01
5683,MALDIVES,750732,2022-07-01
5700,CHINA,46565042288,2022-07-01
5740,MONGOLIA,2178635,2022-07-01
5800,"KOREA, SOUTH",9548237383,2022-07-01
5820,HONG KONG,297861823,2022-07-01
5830,TAIWAN,8413310957,2022-07-01
5880,JAPAN,12104494140,2022-07-01
5XXX,ASIA,120495175276,2022-07-01
6021,AUSTRALIA,1280089735,2022-07-01
6022,NORFOLK ISLAND,0,2022-07-01
6023,COCOS (KEELING) ISLANDS,88227,2022-07-01
6024,CHRISTMAS ISLAND,107543,2022-07-01
6029,HEARD AND MCDONALD ISLANDS,167021,2022-07-01
6040,PAPUA NEW GUINEA,5527744,2022-07-01
6141,NEW ZEALAND,442918878,2022-07-01
6142,COOK ISLANDS,9973,2022-07-01
6143,TOKELAU,27650,2022-07-01
6144,NIUE,177301,2022-07-01
6150,SAMOA,77855,2022-07-01
6223,SOLOMON ISLANDS,122634,2022-07-01
6224,VANUATU,757284,2022-07-01
6225,PITCAIRN ISLANDS,1134,2022-07-01
6226,KIRIBATI,3298,2022-07-01
6227,TUVALU,618,2022-07-01
6412,NEW CALEDONIA,3845521,2022-07-01
6413,WALLIS AND FUTUNA,0,2022-07-01
6414,FRENCH POLYNESIA,3361343,2022-07-01
6810,MARSHALL ISLANDS,1551841,2022-07-01
6863,FIJI,17479171,2022-07-01
6820,MICRONESIA,97610,2022-07-01
6830,PALAU,35864,2022-07-01
6862,NAURU,85603,2022-07-01
6864,TONGA,276677,2022-07-01
6XXX,AUSTRALIA AND OCEANIA,1756810525,2022-07-01
7140,MOROCCO,148626344,2022-07-01
7210,ALGERIA,448447900,2022-07-01
7230,TUNISIA,57828330,2022-07-01
7250,LIBYA,81565954,2022-07-01
7290,EGYPT,275046662,2022-07-01
7321,SUDAN,7239958,2022-07-01
7323,SOUTH SUDAN,103,2022-07-01
7380,EQUATORIAL GUINEA,12895685,2022-07-01
7410,MAURITANIA,1452302,2022-07-01
7420,CAMEROON,10079548,2022-07-01
7440,SENEGAL,10406392,2022-07-01
7450,MALI,315455,2022-07-01
7460,GUINEA,793412,2022-07-01
7470,SIERRA LEONE,1615439,2022-07-01
7480,COTE D'IVOIRE,68210759,2022-07-01
7490,GHANA,250863678,2022-07-01
7500,GAMBIA,16251,2022-07-01
7510,NIGER,2775178,2022-07-01
7520,TOGO,8637391,2022-07-01
7530,NIGERIA,379575445,2022-07-01
7540,CENTRAL AFRICAN REPUBLIC,38474,2022-07-01
7550,GABON,11459069,2022-07-01
7560,CHAD,499252,2022-07-01
7580,ST HELENA,768075,2022-07-01
7600,BURKINA FASO,236379,2022-07-01
7610,BENIN,245111,2022-07-01
7643,CABO VERDE,411270,2022-07-01
7620,ANGOLA,118873415,2022-07-01
7630,CONGO,3962595,2022-07-01
7642,GUINEA-BISSAU,8,2022-07-01
7644,SAO TOME AND PRINCIPE,138236,2022-07-01
7650,LIBERIA,6416234,2022-07-01
7660,DEMOCRATIC REPUBLIC OF THE CONGO,11034907,2022-07-01
7670,BURUNDI,1592,2022-07-01
7690,RWANDA,730060,2022-07-01
7700,SOMALIA,2027,2022-07-01
7741,ERITREA,3667,2022-07-01
7749,ETHIOPIA,73725793,2022-07-01
7770,DJIBOUTI,642556,2022-07-01
7780,UGANDA,10613039,2022-07-01
7790,KENYA,75005926,2022-07-01
7800,SEYCHELLES,776247,2022-07-01
7810,BRITISH INDIAN OCEAN TERRITORIES,16551,2022-07-01
7830,TANZANIA,6436534,2022-07-01
7850,MAURITIUS,28799535,2022-07-01
7870,MOZAMBIQUE,6698718,2022-07-01
7880,MADAGASCAR,110979085,2022-07-01
7881,MAYOTTE,38169,2022-07-01
7890,COMOROS,94000,2022-07-01
7904,REUNION,4905955,2022-07-01
7905,FRENCH SOUTHERN AND ANTARCTIC LANDS,992,2022-07-01
7910,SOUTH AFRICA,1104137942,2022-07-01
7920,NAMIBIA,18334641,2022-07-01
7930,BOTSWANA,53531652,2022-07-01
7940,ZAMBIA,7329281,2022-07-01
7950,ESWATINI,856871,2022-07-01
7960,ZIMBABWE,1323017,2022-07-01
7970,MALAWI,2396664,2022-07-01
7990,LESOTHO,49281075,2022-07-01
7XXX,AFRICA,3477136800,2022-07-01
-,TOTAL FOR ALL COUNTRIES,283272952130,2022-08-01
0003,EUROPEAN UNION,45332105217,2022-08-01
0014,PACIFIC RIM COUNTRIES,94572369995,2022-08-01
0017,CAFTA-DR,3305432153,2022-08-01
0020,USMCA (NAFTA),78710456745,2022-08-01
0021,TWENTY LATIN AMERICAN REPUBLICS,51904318363,2022-08-01
0022,OECD,161291702528,2022-08-01
0023,NATO,83741324533,2022-08-01
0024,LAFTA,48440273509,2022-08-01
0025,EURO AREA,40277012000,2022-08-01
0026,APEC,193627765591,2022-08-01
0027,ASEAN,31121063535,2022-08-01
0028,CACM,2713998129,2022-08-01
1010,GREENLAND,1373978,2022-08-01
1220,CANADA,38931686757,2022-08-01
1610,ST PIERRE AND MIQUELON,0,2022-08-01
1XXX,NORTH AMERICA,78711830723,2022-08-01
2010,MEXICO,39778769988,2022-08-01
2050,GUATEMALA,475980680,2022-08-01
2080,BELIZE,2320470,2022-08-01
2110,EL SALVADOR,245376943,2022-08-01
2150,HONDURAS,571247380,2022-08-01
2190,NICARAGUA,628694847,2022-08-01
2230,COSTA RICA,792698279,2022-08-01
2250,PANAMA,44094208,2022-08-01
2320,BERMUDA,1794176,2022-08-01
2360,BAHAMAS,289421157,2022-08-01
2390,CUBA,0,2022-08-01
2410,JAMAICA,34008256,2022-08-01
2430,TURKS AND CAICOS ISLANDS,980134,2022-08-01
2440,CAYMAN ISLANDS,1327429,2022-08-01
2450,HAITI,114518493,2022-08-01
2470,DOMINICAN REPUBLIC,591434024,2022-08-01
2481,ANGUILLA,147279,2022-08-01
2482,BRITISH VIRGIN ISLANDS,208991,2022-08-01
2483,ST KITTS AND NEVIS,2110269,2022-08-01
2484,ANTIGUA AND BARBUDA,294891,2022-08-01
2488,ST VINCENT AND THE GRENADINES,1142192,2022-08-01
2485,MONTSERRAT,102930,2022-08-01
2486,DOMINICA,480675,2022-08-01
2487,ST LUCIA,792050,2022-08-01
2489,GRENADA,800831,2022-08-01
2720,BARBADOS,3970689,2022-08-01
2740,TRINIDAD AND TOBAGO,517343381,2022-08-01
2774,SINT MAARTEN,4073435,2022-08-01
2777,CURACAO,19662593,2022-08-01
2779,ARUBA,1417899,2022-08-01
2831,GUADELOUPE,370570,2022-08-01
2839,MARTINIQUE,284786,2022-08-01
2XXX,CENTRAL AMERICA,4347099937,2022-08-01
3010,COLOMBIA,1546100479,2022-08-01
3070,VENEZUELA,32785181,2022-08-01
3120,GUYANA,444214615,2022-08-01
3150,SURINAME,5423274,2022-08-01
3170,FRENCH GUIANA,1362,2022-08-01
3310,ECUADOR,898294488,2022-08-01
3330,PERU,791828691,2022-08-01
3350,BOLIVIA,30278393,2022-08-01
3370,CHILE,1116611501,2022-08-01
3510,BRAZIL,3615743279,2022-08-01
3530,PARAGUAY,19340072,2022-08-01
3550,URUGUAY,91930429,2022-08-01
3570,ARGENTINA,518591008,2022-08-01
3720,FALKLAND ISLANDS (ISLAS MALVINAS),27778,2022-08-01
3XXX,SOUTH AMERICA,9111170550,2022-08-01
4000,ICELAND,56361701,2022-08-01
4010,SWEDEN,1255222371,2022-08-01
4091,FAROE ISLANDS,22284291,2022-08-01
4031,"SVALBARD, JAN MAYEN ISLAND",2468,2022-08-01
4039,NORWAY,555869416,2022-08-01
4050,FINLAND,797016130,2022-08-01
4099,DENMARK,1072918261,2022-08-01
4120,UNITED KINGDOM,5152083121,2022-08-01
4190,IRELAND,6312550483,2022-08-01
4210,NETHERLANDS,2399923910,2022-08-01
4231,BELGIUM,2056486449,2022-08-01
4239,LUXEMBOURG,89536140,2022-08-01
4271,ANDORRA,759301,2022-08-01
4272,MONACO,171859979,2022-08-01
4279,FRANCE,4499244278,2022-08-01
4280,GERMANY,12059423240,2022-08-01
4330,AUSTRIA,1543564210,2022-08-01
4351,CZECH REPUBLIC,597443137,2022-08-01
4359,SLOVAKIA,565661975,2022-08-01
4370,HUNGARY,689665074,2022-08-01
4411,LIECHTENSTEIN,20763214,2022-08-01
4419,SWITZERLAND,4181271541,2022-08-01
4470,ESTONIA,105281201,2022-08-01
4490,LATVIA,51280719,2022-08-01
4510,LITHUANIA,187789212,2022-08-01
4550,POLAND,945518508,2022-08-01
4621,RUSSIA,525467147,2022-08-01
4622,BELARUS,2630854,2022-08-01
4623,UKRAINE,110794553,2022-08-01
4631,ARMENIA,6553611,2022-08-01
4635,KYRGYZSTAN,1580522,2022-08-01
4632,AZERBAIJAN,3596435,2022-08-01
4633,GEORGIA,18082502,2022-08-01
4634,KAZAKHSTAN,317607242,2022-08-01
4641,MOLDOVA,9475940,2022-08-01
4642,TAJIKISTAN,10277,2022-08-01
4643,TURKMENISTAN,1518170,2022-08-01
4644,UZBEKISTAN,1095304,2022-08-01
4700,SPAIN,2143388316,2022-08-01
4710,PORTUGAL,606987940,2022-08-01
4720,GIBRALTAR,319468,2022-08-01
4730,MALTA,23088112,2022-08-01
4751,SAN MARINO,2603218,2022-08-01
4752,VATICAN CITY,142996,2022-08-01
4759,ITALY,6363634689,2022-08-01
4791,CROATIA,63310192,2022-08-01
4792,SLOVENIA,184084547,2022-08-01
4793,BOSNIA AND HERZEGOVINA,16302352,2022-08-01
4794,MACEDONIA,11628154,2022-08-01
4801,SERBIA,53700056,2022-08-01
4803,KOSOVO,13802505,2022-08-01
4804,MONTENEGRO,618516,2022-08-01
4810,ALBANIA,7520699,2022-08-01
4840,GREECE,219362383,2022-08-01
4850,ROMANIA,375915921,2022-08-01
4870,BULGARIA,118409945,2022-08-01
4890,TURKEY,1661129192,2022-08-01
4910,CYPRUS,5397874,2022-08-01
4XXX,EUROPE,58259539962,2022-08-01
5020,SYRIA,546351,2022-08-01
5081,ISRAEL,1718427259,2022-08-01
5040,LEBANON,19714502,2022-08-01
5050,IRAQ,912452094,2022-08-01
5070,IRAN,77457,2022-08-01
5082,GAZA STRIP ADMINISTERED BY ISRAEL,142362,2022-08-01
5083,WEST BANK ADMINISTERED BY ISRAEL,557537,2022-08-01
5110,JORDAN,280207664,2022-08-01
5130,KUWAIT,109670026,2022-08-01
5170,SAUDI ARABIA,1786645766,2022-08-01
5180,QATAR,138190517,2022-08-01
5200,UNITED ARAB EMIRATES,659356085,2022-08-01
5210,YEMEN,873401,2022-08-01
5230,OMAN,281156625,2022-08-01
5250,BAHRAIN,113782781,2022-08-01
5310,AFGHANISTAN,1338202,2022-08-01
5330,INDIA,7054778326,2022-08-01
5350,PAKISTAN,489598205,2022-08-01
5360,NEPAL,13747804,2022-08-01
5380,BANGLADESH,1062688085,2022-08-01
5420,SRI LANKA,336363983,2022-08-01
5460,BURMA,108970218,2022-08-01
5490,THAILAND,5520361027,2022-08-01
5520,VIETNAM,12406305666,2022-08-01
5530,LAOS,30397508,2022-08-01
5550,CAMBODIA,1313584751,2022-08-01
5570,MALAYSIA,4544192022,2022-08-01
5590,SINGAPORE,2695455644,2022-08-01
5600,INDONESIA,2991488812,2022-08-01
5660,MACAU,15635181,2022-08-01
5601,TIMOR-LESTE,144413,2022-08-01
5610,BRUNEI,19016060,2022-08-01
5650,PHILIPPINES,1491291827,2022-08-01
5682,BHUTAN,85814,2022-08-01
5683,MALDIVES,1579958,2022-08-01
5700,CHINA,50383134999,2022-08-01
5740,MONGOLIA,2144323,2022-08-01
5800,"KOREA, SOUTH",9550301138,2022-08-01
5820,HONG KONG,388221882,2022-08-01
5830,TAIWAN,8408788351,2022-08-01
5880,JAPAN,12383355893,2022-08-01
5XXX,ASIA,127234770519,2022-08-01
6021,AUSTRALIA,1302283587,2022-08-01
6022,NORFOLK ISLAND,5894,2022-08-01
6023,COCOS (KEELING) ISLANDS,84967,2022-08-01
6024,CHRISTMAS ISLAND,216741,2022-08-01
6029,HEARD AND MCDONALD ISLANDS,47959,2022-08-01
6040,PAPUA NEW GUINEA,2566407,2022-08-01
6141,NEW ZEALAND,396638192,2022-08-01
6142,COOK ISLANDS,238396,2022-08-01
6143,TOKELAU,19695,2022-08-01
6144,NIUE,340565,2022-08-01
6150,SAMOA,1094177,2022-08-01
6223,SOLOMON ISLANDS,98649,2022-08-01
6224,VANUATU,263874,2022-08-01
6225,PITCAIRN ISLANDS,13828,2022-08-01
6226,KIRIBATI,0,2022-08-01
6227,TUVALU,13615,2022-08-01
6412,NEW CALEDONIA,235694,2022-08-01
6413,WALLIS AND FUTUNA,4,2022-08-01
6414,FRENCH POLYNESIA,3634992,2022-08-01
6862,NAURU,234943,2022-08-01
6810,MARSHALL ISLANDS,1035464,2022-08-01
6820,MICRONESIA,258108,2022-08-01
6830,PALAU,15054,2022-08-01
6863,FIJI,23919904,2022-08-01
6864,TONGA,278118,2022-08-01
6XXX,AUSTRALIA AND OCEANIA,1733538827,2022-08-01
7140,MOROCCO,145351873,2022-08-01
7210,ALGERIA,244807461,2022-08-01
7230,TUNISIA,59030040,2022-08-01
7250,LIBYA,173286563,2022-08-01
7290,EGYPT,205147606,2022-08-01
7321,SUDAN,8865818,2022-08-01
7323,SOUTH SUDAN,14,2022-08-01
7380,EQUATORIAL GUINEA,43606445,2022-08-01
7410,MAURITANIA,1417750,2022-08-01
7420,CAMEROON,8538503,2022-08-01
7440,SENEGAL,14763757,2022-08-01
7450,MALI,455208,2022-08-01
7460,GUINEA,153704,2022-08-01
7470,SIERRA LEONE,1704460,2022-08-01
7480,COTE D'IVOIRE,91987181,2022-08-01
7490,GHANA,218269062,2022-08-01
7500,GAMBIA,300887,2022-08-01
7510,NIGER,6957636,2022-08-01
7520,TOGO,7164099,2022-08-01
7530,NIGERIA,642249050,2022-08-01
7540,CENTRAL AFRICAN REPUBLIC,80592,2022-08-01
7550,GABON,81870080,2022-08-01
7560,CHAD,770056,2022-08-01
7580,ST HELENA,82989,2022-08-01
7600,BURKINA FASO,161297,2022-08-01
7642,GUINEA-BISSAU,36,2022-08-01
7610,BENIN,799481,2022-08-01
7620,ANGOLA,165113800,2022-08-01
7630,CONGO,4515104,2022-08-01
7643,CABO VERDE,741681,2022-08-01
7644,SAO TOME AND PRINCIPE,71729,2022-08-01
7650,LIBERIA,7198679,2022-08-01
7660,DEMOCRATIC REPUBLIC OF THE CONGO,16936058,2022-08-01
7670,BURUNDI,3779,2022-08-01
7690,RWANDA,3359509,2022-08-01
7700,SOMALIA,17462,2022-08-01
7741,ERITREA,6832,2022-08-01
7749,ETHIOPIA,74108955,2022-08-01
7770,DJIBOUTI,1744799,2022-08-01
7780,UGANDA,19420492,2022-08-01
7790,KENYA,115840900,2022-08-01
7800,SEYCHELLES,763095,2022-08-01
7810,BRITISH INDIAN OCEAN TERRITORIES,157630,2022-08-01
7830,TANZANIA,14200150,2022-08-01
7850,MAURITIUS,30213562,2022-08-01
7870,MOZAMBIQUE,21599589,2022-08-01
7880,MADAGASCAR,73802203,2022-08-01
7881,MAYOTTE,304634,2022-08-01
7890,COMOROS,91004,2022-08-01
7904,REUNION,1393465,2022-08-01
7905,FRENCH SOUTHERN AND ANTARCTIC LANDS,5227,2022-08-01
7910,SOUTH AFRICA,1262878194,2022-08-01
7920,NAMIBIA,20201996,2022-08-01
7930,BOTSWANA,38184790,2022-08-01
7940,ZAMBIA,4519037,2022-08-01
7950,ESWATINI,301716,2022-08-01
7960,ZIMBABWE,11332373,2022-08-01
7970,MALAWI,1922585,2022-08-01
7XXX,AFRICA,3875001612,2022-08-01
7990,LESOTHO,26228935,2022-08-01
-,TOTAL FOR ALL COUNTRIES,275053126912,2022-09-01
0003,EUROPEAN UNION,45505430366,2022-09-01
0014,PACIFIC RIM COUNTRIES,92348339652,2022-09-01
0017,CAFTA-DR,3169640909,2022-09-01
0020,USMCA (NAFTA),75108934787,2022-09-01
0021,TWENTY LATIN AMERICAN REPUBLICS,51017824999,2022-09-01
0022,OECD,158556403657,2022-09-01
0023,NATO,80193607531,2022-09-01
0024,LAFTA,47730734313,2022-09-01
0025,EURO AREA,40385121476,2022-09-01
0026,APEC,186344877433,2022-09-01
0027,ASEAN,29871641123,2022-09-01
0028,CACM,2590123345,2022-09-01
1010,GREENLAND,2248302,2022-09-01
1220,CANADA,35912456058,2022-09-01
1610,ST PIERRE AND MIQUELON,5779,2022-09-01
1XXX,NORTH AMERICA,75111188868,2022-09-01
2010,MEXICO,39196478729,2022-09-01
2050,GUATEMALA,401427279,2022-09-01
2080,BELIZE,18750481,2022-09-01
2110,EL SALVADOR,253503624,2022-09-01
2150,HONDURAS,516865482,2022-09-01
2190,NICARAGUA,538149314,2022-09-01
2230,COSTA RICA,880177646,2022-09-01
2250,PANAMA,43218431,2022-09-01
2320,BERMUDA,1317006,2022-09-01
2360,BAHAMAS,147188855,2022-09-01
2390,CUBA,0,2022-09-01
2410,JAMAICA,23995018,2022-09-01
2430,TURKS AND CAICOS ISLANDS,1305809,2022-09-01
2440,CAYMAN ISLANDS,2637290,2022-09-01
2450,HAITI,74231346,2022-09-01
2470,DOMINICAN REPUBLIC,579517564,2022-09-01
2481,ANGUILLA,182529,2022-09-01
2482,BRITISH VIRGIN ISLANDS,299820,2022-09-01
2483,ST KITTS AND NEVIS,2489334,2022-09-01
2484,ANTIGUA AND BARBUDA,1032273,2022-09-01
2488,ST VINCENT AND THE GRENADINES,373711,2022-09-01
2485,MONTSERRAT,247538,2022-09-01
2486,DOMINICA,148967,2022-09-01
2487,ST LUCIA,767668,2022-09-01
2489,GRENADA,754261,2022-09-01
2720,BARBADOS,4657502,2022-09-01
2740,TRINIDAD AND TOBAGO,505534839,2022-09-01
2774,SINT MAARTEN,1558894,2022-09-01
2777,CURACAO,1927185,2022-09-01
2779,ARUBA,778942,2022-09-01
2831,GUADELOUPE,149307,2022-09-01
2839,MARTINIQUE,83861,2022-09-01
2XXX,CENTRAL AMERICA,4003271776,2022-09-01
3010,COLOMBIA,1502217423,2022-09-01
3070,VENEZUELA,35387116,2022-09-01
3120,GUYANA,160929106,2022-09-01
3150,SURINAME,4286546,2022-09-01
3170,FRENCH GUIANA,66,2022-09-01
3310,ECUADOR,1093069259,2022-09-01
3330,PERU,684429941,2022-09-01
3350,BOLIVIA,46192698,2022-09-01
3370,CHILE,1171863544,2022-09-01
3510,BRAZIL,3443809744,2022-09-01
3530,PARAGUAY,14479284,2022-09-01
3550,URUGUAY,71748607,2022-09-01
3570,ARGENTINA,471057968,2022-09-01
3720,FALKLAND ISLANDS (ISLAS MALVINAS),384,2022-09-01
3XXX,SOUTH AMERICA,8699471686,2022-09-01
4000,ICELAND,61535653,2022-09-01
4010,SWEDEN,1085439352,2022-09-01
4091,FAROE ISLANDS,22389864,2022-09-01
4031,"SVALBARD, JAN MAYEN ISLAND",253,2022-09-01
4039,NORWAY,604244593,2022-09-01
4050,FINLAND,590177622,2022-09-01
4099,DENMARK,1086592158,2022-09-01
4120,UNITED KINGDOM,5480866498,2022-09-01
4190,IRELAND,7169213990,2022-09-01
4210,NETHERLANDS,2327817904,2022-09-01
4231,BELGIUM,2156181016,2022-09-01
4239,LUXEMBOURG,66420887,2022-09-01
4271,ANDORRA,868593,2022-09-01
4272,MONACO,6888344,2022-09-01
4279,FRANCE,4918171613,2022-09-01
4280,GERMANY,12808801253,2022-09-01
4330,AUSTRIA,1535573213,2022-09-01
4351,CZECH REPUBLIC,690901404,2022-09-01
4359,SLOVAKIA,741863857,2022-09-01
4370,HUNGARY,754462227,2022-09-01
4411,LIECHTENSTEIN,25449122,2022-09-01
4419,SWITZERLAND,4674932478,2022-09-01
4470,ESTONIA,135280519,2022-09-01
4490,LATVIA,66337500,2022-09-01
4510,LITHUANIA,192328031,2022-09-01
4550,POLAND,1040840492,2022-09-01
4621,RUSSIA,333600724,2022-09-01
4622,BELARUS,3394316,2022-09-01
4623,UKRAINE,105672850,2022-09-01
4631,ARMENIA,5436929,2022-09-01
4635,KYRGYZSTAN,463962,2022-09-01
4632,AZERBAIJAN,23103854,2022-09-01
4633,GEORGIA,2916334,2022-09-01
4634,KAZAKHSTAN,67580310,2022-09-01
4641,MOLDOVA,7838952,2022-09-01
4642,TAJIKISTAN,53909,2022-09-01
4643,TURKMENISTAN,673799,2022-09-01
4644,UZBEKISTAN,1742438,2022-09-01
4700,SPAIN,1700520001,2022-09-01
4710,PORTUGAL,493321629,2022-09-01
4720,GIBRALTAR,103283,2022-09-01
4730,MALTA,18937913,2022-09-01
4751,SAN MARINO,1825859,2022-09-01
4752,VATICAN CITY,127804,2022-09-01
4759,ITALY,4985943788,2022-09-01
4791,CROATIA,66926883,2022-09-01
4792,SLOVENIA,218500475,2022-09-01
4793,BOSNIA AND HERZEGOVINA,13488781,2022-09-01
4794,MACEDONIA,7098610,2022-09-01
4801,SERBIA,52295006,2022-09-01
4803,KOSOVO,7151720,2022-09-01
4804,MONTENEGRO,374284,2022-09-01
4810,ALBANIA,8935710,2022-09-01
4840,GREECE,189904430,2022-09-01
4850,ROMANIA,329647757,2022-09-01
4870,BULGARIA,132425500,2022-09-01
4890,TURKEY,1422625314,2022-09-01
4910,CYPRUS,2898952,2022-09-01
4XXX,EUROPE,58449110512,2022-09-01
5020,SYRIA,914026,2022-09-01
5081,ISRAEL,1975077499,2022-09-01
5040,LEBANON,18055590,2022-09-01
5050,IRAQ,755031574,2022-09-01
5070,IRAN,5854224,2022-09-01
5082,GAZA STRIP ADMINISTERED BY ISRAEL,294412,2022-09-01
5083,WEST BANK ADMINISTERED BY ISRAEL,612678,2022-09-01
5110,JORDAN,304336556,2022-09-01
5130,KUWAIT,50854948,2022-09-01
5170,SAUDI ARABIA,1796380239,2022-09-01
5180,QATAR,142785896,2022-09-01
5200,UNITED ARAB EMIRATES,709755387,2022-09-01
5210,YEMEN,707990,2022-09-01
5230,OMAN,190749850,2022-09-01
5250,BAHRAIN,167670976,2022-09-01
5310,AFGHANISTAN,4257329,2022-09-01
5330,INDIA,7238871907,2022-09-01
5350,PAKISTAN,480614199,2022-09-01
5360,NEPAL,13325183,2022-09-01
5380,BANGLADESH,1037731599,2022-09-01
5420,SRI LANKA,323040897,2022-09-01
5460,BURMA,97481445,2022-09-01
5490,THAILAND,5135973693,2022-09-01
5520,VIETNAM,11580666704,2022-09-01
5530,LAOS,23102745,2022-09-01
5550,CAMBODIA,1229019854,2022-09-01
5570,MALAYSIA,4943217715,2022-09-01
5590,SINGAPORE,2318374869,2022-09-01
5600,INDONESIA,3168899163,2022-09-01
5660,MACAU,18931612,2022-09-01
5601,TIMOR-LESTE,760006,2022-09-01
5610,BRUNEI,8669724,2022-09-01
5650,PHILIPPINES,1366235211,2022-09-01
5682,BHUTAN,4178,2022-09-01
5683,MALDIVES,902364,2022-09-01
5700,CHINA,49270250025,2022-09-01
5740,MONGOLIA,2289552,2022-09-01
5790,"KOREA, NORTH",29088,2022-09-01
5800,"KOREA, SOUTH",10013275659,2022-09-01
5820,HONG KONG,369379677,2022-09-01
5830,TAIWAN,7516352777,2022-09-01
5880,JAPAN,11568448778,2022-09-01
5XXX,ASIA,123849187798,2022-09-01
6021,AUSTRALIA,1359721179,2022-09-01
6022,NORFOLK ISLAND,917,2022-09-01
6023,COCOS (KEELING) ISLANDS,19672,2022-09-01
6024,CHRISTMAS ISLAND,67036,2022-09-01
6029,HEARD AND MCDONALD ISLANDS,257256,2022-09-01
6040,PAPUA NEW GUINEA,7633418,2022-09-01
6141,NEW ZEALAND,418949845,2022-09-01
6142,COOK ISLANDS,15052,2022-09-01
6143,TOKELAU,18407,2022-09-01
6144,NIUE,297800,2022-09-01
6150,SAMOA,1020392,2022-09-01
6223,SOLOMON ISLANDS,154839,2022-09-01
6224,VANUATU,949195,2022-09-01
6225,PITCAIRN ISLANDS,3107,2022-09-01
6226,KIRIBATI,156594,2022-09-01
6227,TUVALU,36992,2022-09-01
6412,NEW CALEDONIA,4954519,2022-09-01
6413,WALLIS AND FUTUNA,20966,2022-09-01
6414,FRENCH POLYNESIA,3859648,2022-09-01
6862,NAURU,241075,2022-09-01
6810,MARSHALL ISLANDS,1298883,2022-09-01
6820,MICRONESIA,172197,2022-09-01
6830,PALAU,60949,2022-09-01
6863,FIJI,21586005,2022-09-01
6864,TONGA,241384,2022-09-01
6XXX,AUSTRALIA AND OCEANIA,1821737327,2022-09-01
7140,MOROCCO,177059944,2022-09-01
7210,ALGERIA,156716499,2022-09-01
7230,TUNISIA,49322227,2022-09-01
7250,LIBYA,248289169,2022-09-01
7290,EGYPT,225679078,2022-09-01
7321,SUDAN,4423115,2022-09-01
7323,SOUTH SUDAN,326,2022-09-01
7380,EQUATORIAL GUINEA,22926254,2022-09-01
7410,MAURITANIA,505798,2022-09-01
7420,CAMEROON,10134865,2022-09-01
7440,SENEGAL,18195177,2022-09-01
7450,MALI,66122,2022-09-01
7460,GUINEA,446680,2022-09-01
7470,SIERRA LEONE,1154895,2022-09-01
7480,COTE D'IVOIRE,72366664,2022-09-01
7490,GHANA,205342391,2022-09-01
7500,GAMBIA,7152,2022-09-01
7510,NIGER,1982188,2022-09-01
7520,TOGO,6308103,2022-09-01
7530,NIGERIA,258922283,2022-09-01
7540,CENTRAL AFRICAN REPUBLIC,295812,2022-09-01
7550,GABON,14162849,2022-09-01
7560,CHAD,716220,2022-09-01
7580,ST HELENA,105817,2022-09-01
7600,BURKINA FASO,493691,2022-09-01
7642,GUINEA-BISSAU,50,2022-09-01
7610,BENIN,60835,2022-09-01
7620,ANGOLA,154459675,2022-09-01
7630,CONGO,3816455,2022-09-01
7643,CABO VERDE,591652,2022-09-01
7644,SAO TOME AND PRINCIPE,17300,2022-09-01
7650,LIBERIA,6770563,2022-09-01
7660,DEMOCRATIC REPUBLIC OF THE CONGO,11144450,2022-09-01
7670,BURUNDI,750133,2022-09-01
7690,RWANDA,8302798,2022-09-01
7700,SOMALIA,19197,2022-09-01
7741,ERITREA,85683,2022-09-01
7749,ETHIOPIA,62911295,2022-09-01
7770,DJIBOUTI,4939706,2022-09-01
7780,UGANDA,8820241,2022-09-01
7790,KENYA,80826609,2022-09-01
7800,SEYCHELLES,1228752,2022-09-01
7810,BRITISH INDIAN OCEAN TERRITORIES,25913,2022-09-01
7830,TANZANIA,16372001,2022-09-01
7850,MAURITIUS,25034493,2022-09-01
7870,MOZAMBIQUE,7357648,2022-09-01
7880,MADAGASCAR,55769740,2022-09-01
7881,MAYOTTE,525838,2022-09-01
7890,COMOROS,23448,2022-09-01
7904,REUNION,2536372,2022-09-01
7905,FRENCH SOUTHERN AND ANTARCTIC LANDS,2880,2022-09-01
7910,SOUTH AFRICA,1070424335,2022-09-01
7920,NAMIBIA,11225552,2022-09-01
7930,BOTSWANA,49451776,2022-09-01
7940,ZAMBIA,6486413,2022-09-01
7950,ESWATINI,1410166,2022-09-01
7960,ZIMBABWE,13268030,2022-09-01
7970,MALAWI,5741307,2022-09-01
7XXX,AFRICA,3119158945,2022-09-01
7990,LESOTHO,33134320,2022-09-01
-,TOTAL FOR ALL COUNTRIES,281439422433,2022-10-01
0003,EUROPEAN UNION,52787601948,2022-10-01
0014,PACIFIC RIM COUNTRIES,90127575207,2022-10-01
0017,CAFTA-DR,3031629572,2022-10-01
0020,USMCA (NAFTA),74809269666,2022-10-01
0021,TWENTY LATIN AMERICAN REPUBLICS,51874727362,2022-10-01
0022,OECD,167184752571,2022-10-01
0023,NATO,86070281426,2022-10-01
0024,LAFTA,48773232509,2022-10-01
0025,EURO AREA,46838588508,2022-10-01
0026,APEC,184437113685,2022-10-01
0027,ASEAN,30569532100,2022-10-01
0028,CACM,2442658855,2022-10-01
1010,GREENLAND,1530170,2022-10-01
1220,CANADA,34665768699,2022-10-01
1610,ST PIERRE AND MIQUELON,513,2022-10-01
1XXX,NORTH AMERICA,74810800349,2022-10-01
2010,MEXICO,40143500967,2022-10-01
2050,GUATEMALA,410356164,2022-10-01
2080,BELIZE,4738567,2022-10-01
2110,EL SALVADOR,235263381,2022-10-01
2150,HONDURAS,457225853,2022-10-01
2190,NICARAGUA,520226502,2022-10-01
2230,COSTA RICA,819586955,2022-10-01
2250,PANAMA,33584338,2022-10-01
2320,BERMUDA,1004303,2022-10-01
2360,BAHAMAS,25354478,2022-10-01
2390,CUBA,442500,2022-10-01
2410,JAMAICA,37224940,2022-10-01
2430,TURKS AND CAICOS ISLANDS,601273,2022-10-01
2440,CAYMAN ISLANDS,852617,2022-10-01
2450,HAITI,35838443,2022-10-01
2470,DOMINICAN REPUBLIC,588970717,2022-10-01
2481,ANGUILLA,8092,2022-10-01
2482,BRITISH VIRGIN ISLANDS,323618,2022-10-01
2483,ST KITTS AND NEVIS,1474374,2022-10-01
2484,ANTIGUA AND BARBUDA,514335,2022-10-01
2488,ST VINCENT AND THE GRENADINES,872547,2022-10-01
2485,MONTSERRAT,54478,2022-10-01
2486,DOMINICA,108614,2022-10-01
2487,ST LUCIA,567310,2022-10-01
2489,GRENADA,1166361,2022-10-01
2720,BARBADOS,4773167,2022-10-01
2740,TRINIDAD AND TOBAGO,292940651,2022-10-01
2774,SINT MAARTEN,4635834,2022-10-01
2777,CURACAO,4790695,2022-10-01
2779,ARUBA,953746,2022-10-01
2831,GUADELOUPE,269764,2022-10-01
2839,MARTINIQUE,574630,2022-10-01
2XXX,CENTRAL AMERICA,3485299247,2022-10-01
3010,COLOMBIA,1484943737,2022-10-01
3070,VENEZUELA,32600459,2022-10-01
3120,GUYANA,108356043,2022-10-01
3150,SURINAME,5610461,2022-10-01
3170,FRENCH GUIANA,5400,2022-10-01
3310,ECUADOR,777958545,2022-10-01
3330,PERU,850900264,2022-10-01
3350,BOLIVIA,38686846,2022-10-01
3370,CHILE,1126258351,2022-10-01
3510,BRAZIL,3623989927,2022-10-01
3530,PARAGUAY,22830423,2022-10-01
3550,URUGUAY,71531093,2022-10-01
3570,ARGENTINA,600031897,2022-10-01
3720,FALKLAND ISLANDS (ISLAS MALVINAS),4839261,2022-10-01
3XXX,SOUTH AMERICA,8748542707,2022-10-01
4000,ICELAND,61511374,2022-10-01
4010,SWEDEN,1676888487,2022-10-01
4091,FAROE ISLANDS,20431889,2022-10-01
4031,"SVALBARD, JAN MAYEN ISLAND",37712,2022-10-01
4039,NORWAY,491587310,2022-10-01
4050,FINLAND,747032212,2022-10-01
4099,DENMARK,1114271349,2022-10-01
4120,UNITED KINGDOM,6019944114,2022-10-01
4190,IRELAND,7959175473,2022-10-01
4210,NETHERLANDS,2322485629,2022-10-01
4231,BELGIUM,3276352106,2022-10-01
4239,LUXEMBOURG,55922158,2022-10-01
4271,ANDORRA,796672,2022-10-01
4272,MONACO,4053629,2022-10-01
4279,FRANCE,5942613040,2022-10-01
4280,GERMANY,14515858313,2022-10-01
4330,AUSTRIA,1496516115,2022-10-01
4351,CZECH REPUBLIC,678871138,2022-10-01
4359,SLOVAKIA,682666026,2022-10-01
4370,HUNGARY,892892609,2022-10-01
4411,LIECHTENSTEIN,25874871,2022-10-01
4419,SWITZERLAND,5004991667,2022-10-01
4470,ESTONIA,119208485,2022-10-01
4490,LATVIA,67429511,2022-10-01
4510,LITHUANIA,216666130,2022-10-01
4550,POLAND,1073595392,2022-10-01
4621,RUSSIA,732112509,2022-10-01
4622,BELARUS,3667914,2022-10-01
4623,UKRAINE,127963549,2022-10-01
4631,ARMENIA,4758818,2022-10-01
4635,KYRGYZSTAN,272312,2022-10-01
4632,AZERBAIJAN,4926020,2022-10-01
4633,GEORGIA,51979042,2022-10-01
4634,KAZAKHSTAN,309925542,2022-10-01
4641,MOLDOVA,8950657,2022-10-01
4642,TAJIKISTAN,387776,2022-10-01
4643,TURKMENISTAN,683698,2022-10-01
4644,UZBEKISTAN,1154181,2022-10-01
4700,SPAIN,1987765202,2022-10-01
4710,PORTUGAL,507136473,2022-10-01
4720,GIBRALTAR,226373,2022-10-01
4730,MALTA,22613312,2022-10-01
4751,SAN MARINO,1345138,2022-10-01
4752,VATICAN CITY,152359,2022-10-01
4759,ITALY,6340591567,2022-10-01
4791,CROATIA,69687812,2022-10-01
4792,SLOVENIA,303118476,2022-10-01
4793,BOSNIA AND HERZEGOVINA,15444431,2022-10-01
4794,MACEDONIA,10934658,2022-10-01
4801,SERBIA,58891600,2022-10-01
4803,KOSOVO,7394056,2022-10-01
4804,MONTENEGRO,539558,2022-10-01
4810,ALBANIA,41987569,2022-10-01
4840,GREECE,199990947,2022-10-01
4850,ROMANIA,354611355,2022-10-01
4870,BULGARIA,157883110,2022-10-01
4890,TURKEY,1597620214,2022-10-01
4910,CYPRUS,5759521,2022-10-01
4XXX,EUROPE,67398149160,2022-10-01
5070,IRAN,20100,2022-10-01
5020,SYRIA,600444,2022-10-01
5040,LEBANON,28834645,2022-10-01
5050,IRAQ,875605217,2022-10-01
5081,ISRAEL,1620816761,2022-10-01
5082,GAZA STRIP ADMINISTERED BY ISRAEL,331422,2022-10-01
5083,WEST BANK ADMINISTERED BY ISRAEL,426694,2022-10-01
5110,JORDAN,336417131,2022-10-01
5130,KUWAIT,261471612,2022-10-01
5170,SAUDI ARABIA,1690614253,2022-10-01
5180,QATAR,242643175,2022-10-01
5200,UNITED ARAB EMIRATES,582890820,2022-10-01
5210,YEMEN,552071,2022-10-01
5230,OMAN,225774794,2022-10-01
5250,BAHRAIN,153691632,2022-10-01
5310,AFGHANISTAN,661279,2022-10-01
5330,INDIA,7490855840,2022-10-01
5350,PAKISTAN,442820227,2022-10-01
5360,NEPAL,12539901,2022-10-01
5380,BANGLADESH,1039443284,2022-10-01
5420,SRI LANKA,301032008,2022-10-01
5460,BURMA,104935667,2022-10-01
5490,THAILAND,5715013365,2022-10-01
5520,VIETNAM,11090107470,2022-10-01
5530,LAOS,24269064,2022-10-01
5550,CAMBODIA,1034353129,2022-10-01
5570,MALAYSIA,4843697441,2022-10-01
5590,SINGAPORE,3240912148,2022-10-01
5650,PHILIPPINES,1337389954,2022-10-01
5600,INDONESIA,3173299050,2022-10-01
5601,TIMOR-LESTE,629744,2022-10-01
5610,BRUNEI,5554812,2022-10-01
5660,MACAU,14123147,2022-10-01
5682,BHUTAN,35348,2022-10-01
5683,MALDIVES,1436496,2022-10-01
5700,CHINA,44670639494,2022-10-01
5740,MONGOLIA,3881013,2022-10-01
5790,"KOREA, NORTH",0,2022-10-01
5800,"KOREA, SOUTH",9710340491,2022-10-01
5820,HONG KONG,457602342,2022-10-01
5830,TAIWAN,7809850094,2022-10-01
5880,JAPAN,12876122682,2022-10-01
5XXX,ASIA,121422236261,2022-10-01
6021,AUSTRALIA,1556225698,2022-10-01
6022,NORFOLK ISLAND,3947,2022-10-01
6023,COCOS (KEELING) ISLANDS,161566,2022-10-01
6024,CHRISTMAS ISLAND,4882,2022-10-01
6029,HEARD AND MCDONALD ISLANDS,158645,2022-10-01
6040,PAPUA NEW GUINEA,14704808,2022-10-01
6141,NEW ZEALAND,417113046,2022-10-01
6142,COOK ISLANDS,7182,2022-10-01
6143,TOKELAU,14697,2022-10-01
6144,NIUE,145041,2022-10-01
6150,SAMOA,548154,2022-10-01
6223,SOLOMON ISLANDS,64095,2022-10-01
6224,VANUATU,918669,2022-10-01
6225,PITCAIRN ISLANDS,0,2022-10-01
6226,KIRIBATI,115565,2022-10-01
6227,TUVALU,97118,2022-10-01
6412,NEW CALEDONIA,2745819,2022-10-01
6820,MICRONESIA,172991,2022-10-01
6413,WALLIS AND FUTUNA,74507,2022-10-01
6414,FRENCH POLYNESIA,5344669,2022-10-01
6810,MARSHALL ISLANDS,1849848,2022-10-01
6830,PALAU,120901,2022-10-01
6862,NAURU,73145,2022-10-01
6863,FIJI,36566357,2022-10-01
6864,TONGA,367518,2022-10-01
6XXX,AUSTRALIA AND OCEANIA,2037598868,2022-10-01
7140,MOROCCO,134922282,2022-10-01
7210,ALGERIA,194973816,2022-10-01
7230,TUNISIA,59458816,2022-10-01
7250,LIBYA,213545962,2022-10-01
7290,EGYPT,193450468,2022-10-01
7321,SUDAN,1675265,2022-10-01
7323,SOUTH SUDAN,2969,2022-10-01
7380,EQUATORIAL GUINEA,15211308,2022-10-01
7410,MAURITANIA,512116,2022-10-01
7420,CAMEROON,9430531,2022-10-01
7440,SENEGAL,15084085,2022-10-01
7450,MALI,379343,2022-10-01
7460,GUINEA,286625,2022-10-01
7470,SIERRA LEONE,1922889,2022-10-01
7480,COTE D'IVOIRE,62036858,2022-10-01
7490,GHANA,356877075,2022-10-01
7500,GAMBIA,5564,2022-10-01
7510,NIGER,2745087,2022-10-01
7520,TOGO,9042781,2022-10-01
7530,NIGERIA,234913531,2022-10-01
7540,CENTRAL AFRICAN REPUBLIC,4322,2022-10-01
7550,GABON,2844575,2022-10-01
7560,CHAD,331968,2022-10-01
7620,ANGOLA,214191365,2022-10-01
7580,ST HELENA,626752,2022-10-01
7600,BURKINA FASO,387159,2022-10-01
7610,BENIN,201374,2022-10-01
7630,CONGO,106983801,2022-10-01
7642,GUINEA-BISSAU,76,2022-10-01
7643,CABO VERDE,13650,2022-10-01
7644,SAO TOME AND PRINCIPE,20201,2022-10-01
7650,LIBERIA,6415324,2022-10-01
7660,DEMOCRATIC REPUBLIC OF THE CONGO,3213106,2022-10-01
7670,BURUNDI,1547029,2022-10-01
7690,RWANDA,14898848,2022-10-01
7700,SOMALIA,74736,2022-10-01
7741,ERITREA,1527,2022-10-01
7749,ETHIOPIA,46482542,2022-10-01
7770,DJIBOUTI,4406697,2022-10-01
7780,UGANDA,7999683,2022-10-01
7790,KENYA,80142915,2022-10-01
7800,SEYCHELLES,910728,2022-10-01
7810,BRITISH INDIAN OCEAN TERRITORIES,6966,2022-10-01
7830,TANZANIA,11612963,2022-10-01
7850,MAURITIUS,23869146,2022-10-01
7870,MOZAMBIQUE,20724069,2022-10-01
7880,MADAGASCAR,62359804,2022-10-01
7881,MAYOTTE,94940,2022-10-01
7890,COMOROS,10714,2022-10-01
7904,REUNION,2491317,2022-10-01
7905,FRENCH SOUTHERN AND ANTARCTIC LANDS,0,2022-10-01
7910,SOUTH AFRICA,1302145642,2022-10-01
7920,NAMIBIA,19211622,2022-10-01
7930,BOTSWANA,29509928,2022-10-01
7940,ZAMBIA,12807837,2022-10-01
7950,ESWATINI,5053479,2022-10-01
7XXX,AFRICA,3536795841,2022-10-01
7960,ZIMBABWE,14137116,2022-10-01
7970,MALAWI,10102459,2022-10-01
7990,LESOTHO,24482090,2022-10-01
-,TOTAL FOR ALL COUNTRIES,255571953755,2022-11-01
0003,EUROPEAN UNION,48348048181,2022-11-01
0014,PACIFIC RIM COUNTRIES,79537251151,2022-11-01
0017,CAFTA-DR,2900588829,2022-11-01
0020,USMCA (NAFTA),70414376318,2022-11-01
0021,TWENTY LATIN AMERICAN REPUBLICS,47494639122,2022-11-01
0022,OECD,156721454488,2022-11-01
0023,NATO,81366056017,2022-11-01
0024,LAFTA,44511371300,2022-11-01
0025,EURO AREA,43098584809,2022-11-01
0026,APEC,166214333535,2022-11-01
0027,ASEAN,25619303995,2022-11-01
0028,CACM,2326199289,2022-11-01
1010,GREENLAND,6026901,2022-11-01
1220,CANADA,33775582050,2022-11-01
1610,ST PIERRE AND MIQUELON,354,2022-11-01
1XXX,NORTH AMERICA,70420403573,2022-11-01
2010,MEXICO,36638794268,2022-11-01
2050,GUATEMALA,350391840,2022-11-01
2080,BELIZE,4096802,2022-11-01
2110,EL SALVADOR,216464468,2022-11-01
2150,HONDURAS,510779272,2022-11-01
2190,NICARAGUA,455496474,2022-11-01
2230,COSTA RICA,793067235,2022-11-01
2250,PANAMA,41193421,2022-11-01
2320,BERMUDA,1555985,2022-11-01
2360,BAHAMAS,177261535,2022-11-01
2390,CUBA,337500,2022-11-01
2410,JAMAICA,26788748,2022-11-01
2430,TURKS AND CAICOS ISLANDS,1358188,2022-11-01
2440,CAYMAN ISLANDS,2624232,2022-11-01
2450,HAITI,41148072,2022-11-01
2470,DOMINICAN REPUBLIC,574389540,2022-11-01
2481,ANGUILLA,43923,2022-11-01
2482,BRITISH VIRGIN ISLANDS,596994,2022-11-01
2483,ST KITTS AND NEVIS,1640926,2022-11-01
2484,ANTIGUA AND BARBUDA,843414,2022-11-01
2488,ST VINCENT AND THE GRENADINES,217086,2022-11-01
2485,MONTSERRAT,86096,2022-11-01
2486,DOMINICA,152442,2022-11-01
2487,ST LUCIA,1639739,2022-11-01
2489,GRENADA,1255566,2022-11-01
2720,BARBADOS,4549213,2022-11-01
2740,TRINIDAD AND TOBAGO,413585623,2022-11-01
2774,SINT MAARTEN,13632465,2022-11-01
2777,CURACAO,954779,2022-11-01
2779,ARUBA,2440888,2022-11-01
2831,GUADELOUPE,432816,2022-11-01
2839,MARTINIQUE,1967888,2022-11-01
2XXX,CENTRAL AMERICA,3640993170,2022-11-01
3010,COLOMBIA,1348947415,2022-11-01
3070,VENEZUELA,28550572,2022-11-01
3120,GUYANA,210152011,2022-11-01
3150,SURINAME,6491947,2022-11-01
3170,FRENCH GUIANA,70516,2022-11-01
3310,ECUADOR,921108706,2022-11-01
3330,PERU,773146707,2022-11-01
3350,BOLIVIA,26017908,2022-11-01
3370,CHILE,867746045,2022-11-01
3510,BRAZIL,3241127795,2022-11-01
3530,PARAGUAY,22528490,2022-11-01
3550,URUGUAY,94329002,2022-11-01
3570,ARGENTINA,549074392,2022-11-01
3720,FALKLAND ISLANDS (ISLAS MALVINAS),2048317,2022-11-01
3XXX,SOUTH AMERICA,8091339823,2022-11-01
4000,ICELAND,79014427,2022-11-01
4050,FINLAND,664349493,2022-11-01
4010,SWEDEN,1490154945,2022-11-01
4031,"SVALBARD, JAN MAYEN ISLAND",6764,2022-11-01
4039,NORWAY,558163861,2022-11-01
4091,FAROE ISLANDS,23370930,2022-11-01
4099,DENMARK,1101489424,2022-11-01
4120,UNITED KINGDOM,5759123402,2022-11-01
4190,IRELAND,6984546360,2022-11-01
4210,NETHERLANDS,3446900650,2022-11-01
4231,BELGIUM,2794654811,2022-11-01
4239,LUXEMBOURG,59427266,2022-11-01
4271,ANDORRA,226502,2022-11-01
4272,MONACO,4437381,2022-11-01
4279,FRANCE,4722460304,2022-11-01
4280,GERMANY,13295460027,2022-11-01
4330,AUSTRIA,1682304864,2022-11-01
4351,CZECH REPUBLIC,624554890,2022-11-01
4359,SLOVAKIA,464403682,2022-11-01
4370,HUNGARY,559623570,2022-11-01
4411,LIECHTENSTEIN,26313222,2022-11-01
4419,SWITZERLAND,4354970119,2022-11-01
4470,ESTONIA,74921654,2022-11-01
4490,LATVIA,59554823,2022-11-01
4510,LITHUANIA,233981014,2022-11-01
4550,POLAND,992287514,2022-11-01
4621,RUSSIA,594187182,2022-11-01
4622,BELARUS,5873988,2022-11-01
4633,GEORGIA,5045503,2022-11-01
4623,UKRAINE,206639875,2022-11-01
4631,ARMENIA,7460662,2022-11-01
4632,AZERBAIJAN,1172620,2022-11-01
4634,KAZAKHSTAN,166765098,2022-11-01
4635,KYRGYZSTAN,515141,2022-11-01
4641,MOLDOVA,8061076,2022-11-01
4642,TAJIKISTAN,31401,2022-11-01
4643,TURKMENISTAN,135250,2022-11-01
4644,UZBEKISTAN,2909178,2022-11-01
4700,SPAIN,1996317328,2022-11-01
4710,PORTUGAL,357886828,2022-11-01
4720,GIBRALTAR,376303,2022-11-01
4730,MALTA,27157792,2022-11-01
4751,SAN MARINO,1818158,2022-11-01
4752,VATICAN CITY,171731,2022-11-01
4759,ITALY,5774079631,2022-11-01
4791,CROATIA,72793978,2022-11-01
4792,SLOVENIA,232948224,2022-11-01
4793,BOSNIA AND HERZEGOVINA,15520255,2022-11-01
4794,MACEDONIA,10733181,2022-11-01
4801,SERBIA,62058632,2022-11-01
4803,KOSOVO,9493376,2022-11-01
4804,MONTENEGRO,522904,2022-11-01
4810,ALBANIA,7552528,2022-11-01
4840,GREECE,150515189,2022-11-01
4850,ROMANIA,354252982,2022-11-01
4870,BULGARIA,127100047,2022-11-01
4890,TURKEY,1616847981,2022-11-01
5040,LEBANON,16769395,2022-11-01
4910,CYPRUS,3920891,2022-11-01
4XXX,EUROPE,61877566812,2022-11-01
5020,SYRIA,1000392,2022-11-01
5050,IRAQ,874613086,2022-11-01
5070,IRAN,107598,2022-11-01
5081,ISRAEL,1791720088,2022-11-01
5082,GAZA STRIP ADMINISTERED BY ISRAEL,0,2022-11-01
5083,WEST BANK ADMINISTERED BY ISRAEL,365588,2022-11-01
5110,JORDAN,202786233,2022-11-01
5130,KUWAIT,230017588,2022-11-01
5170,SAUDI ARABIA,1841732942,2022-11-01
5180,QATAR,401922311,2022-11-01
5200,UNITED ARAB EMIRATES,424317363,2022-11-01
5210,YEMEN,116344,2022-11-01
5230,OMAN,287242912,2022-11-01
5250,BAHRAIN,108761204,2022-11-01
5310,AFGHANISTAN,1920720,2022-11-01
5330,INDIA,6208683659,2022-11-01
5350,PAKISTAN,456146656,2022-11-01
5360,NEPAL,11206651,2022-11-01
5380,BANGLADESH,696314705,2022-11-01
5420,SRI LANKA,245570663,2022-11-01
5460,BURMA,90279848,2022-11-01
5490,THAILAND,4636404733,2022-11-01
5520,VIETNAM,9403700085,2022-11-01
5530,LAOS,18008661,2022-11-01
5550,CAMBODIA,741690897,2022-11-01
5601,TIMOR-LESTE,45640,2022-11-01
5570,MALAYSIA,4392289569,2022-11-01
5590,SINGAPORE,2405262924,2022-11-01
5600,INDONESIA,2636533872,2022-11-01
5610,BRUNEI,1677889,2022-11-01
5650,PHILIPPINES,1293455517,2022-11-01
5660,MACAU,12478686,2022-11-01
5682,BHUTAN,170,2022-11-01
5683,MALDIVES,1510763,2022-11-01
5700,CHINA,36915671360,2022-11-01
5740,MONGOLIA,2909460,2022-11-01
5790,"KOREA, NORTH",0,2022-11-01
5800,"KOREA, SOUTH",9872552490,2022-11-01
5820,HONG KONG,320470394,2022-11-01
5830,TAIWAN,7742510676,2022-11-01
5880,JAPAN,12172627942,2022-11-01
5XXX,ASIA,106461397674,2022-11-01
6021,AUSTRALIA,1379191697,2022-11-01
6022,NORFOLK ISLAND,2183,2022-11-01
6023,COCOS (KEELING) ISLANDS,22201,2022-11-01
6024,CHRISTMAS ISLAND,2637,2022-11-01
6029,HEARD AND MCDONALD ISLANDS,1985,2022-11-01
6040,PAPUA NEW GUINEA,6694671,2022-11-01
6141,NEW ZEALAND,385833464,2022-11-01
6142,COOK ISLANDS,60732,2022-11-01
6143,TOKELAU,19743,2022-11-01
6144,NIUE,1343754,2022-11-01
6150,SAMOA,447269,2022-11-01
6223,SOLOMON ISLANDS,73506,2022-11-01
6224,VANUATU,95607,2022-11-01
6225,PITCAIRN ISLANDS,33,2022-11-01
6226,KIRIBATI,98357,2022-11-01
6414,FRENCH POLYNESIA,3949430,2022-11-01
6227,TUVALU,23029,2022-11-01
6412,NEW CALEDONIA,1875020,2022-11-01
6413,WALLIS AND FUTUNA,5953,2022-11-01
6810,MARSHALL ISLANDS,837736,2022-11-01
6820,MICRONESIA,42076,2022-11-01
6830,PALAU,158196,2022-11-01
6862,NAURU,338105,2022-11-01
6863,FIJI,22545703,2022-11-01
6864,TONGA,272586,2022-11-01
6XXX,AUSTRALIA AND OCEANIA,1803935673,2022-11-01
7140,MOROCCO,149261630,2022-11-01
7210,ALGERIA,458741235,2022-11-01
7230,TUNISIA,56138373,2022-11-01
7250,LIBYA,56994176,2022-11-01
7290,EGYPT,165497906,2022-11-01
7321,SUDAN,1308519,2022-11-01
7323,SOUTH SUDAN,0,2022-11-01
7380,EQUATORIAL GUINEA,22137018,2022-11-01
7410,MAURITANIA,104239,2022-11-01
7420,CAMEROON,11359323,2022-11-01
7440,SENEGAL,16885479,2022-11-01
7450,MALI,360215,2022-11-01
7460,GUINEA,328764,2022-11-01
7470,SIERRA LEONE,911989,2022-11-01
7480,COTE D'IVOIRE,53801942,2022-11-01
7490,GHANA,221956603,2022-11-01
7500,GAMBIA,75093,2022-11-01
7510,NIGER,3357037,2022-11-01
7520,TOGO,7968150,2022-11-01
7530,NIGERIA,387940168,2022-11-01
7540,CENTRAL AFRICAN REPUBLIC,104956,2022-11-01
7600,BURKINA FASO,239402,2022-11-01
7550,GABON,11442263,2022-11-01
7560,CHAD,679759,2022-11-01
7580,ST HELENA,136210,2022-11-01
7610,BENIN,36856,2022-11-01
7620,ANGOLA,69373351,2022-11-01
7630,CONGO,2178283,2022-11-01
7642,GUINEA-BISSAU,1550,2022-11-01
7643,CABO VERDE,1265777,2022-11-01
7644,SAO TOME AND PRINCIPE,115790,2022-11-01
7650,LIBERIA,4895646,2022-11-01
7660,DEMOCRATIC REPUBLIC OF THE CONGO,7139229,2022-11-01
7670,BURUNDI,566943,2022-11-01
7690,RWANDA,6733473,2022-11-01
7700,SOMALIA,49562,2022-11-01
7741,ERITREA,37546,2022-11-01
7749,ETHIOPIA,45572646,2022-11-01
7770,DJIBOUTI,4131419,2022-11-01
7780,UGANDA,8448406,2022-11-01
7790,KENYA,82657853,2022-11-01
7800,SEYCHELLES,1249800,2022-11-01
7810,BRITISH INDIAN OCEAN TERRITORIES,308,2022-11-01
7830,TANZANIA,16008888,2022-11-01
7850,MAURITIUS,22974114,2022-11-01
7870,MOZAMBIQUE,13976009,2022-11-01
7880,MADAGASCAR,66871191,2022-11-01
7881,MAYOTTE,382210,2022-11-01
7890,COMOROS,472247,2022-11-01
7904,REUNION,3648292,2022-11-01
7905,FRENCH SOUTHERN AND ANTARCTIC LANDS,47044,2022-11-01
7910,SOUTH AFRICA,1171838988,2022-11-01
7920,NAMIBIA,22852003,2022-11-01
7930,BOTSWANA,43183846,2022-11-01
7970,MALAWI,3726129,2022-11-01
7940,ZAMBIA,13048815,2022-11-01
7950,ESWATINI,1624511,2022-11-01
7960,ZIMBABWE,13394924,2022-11-01
7990,LESOTHO,20082932,2022-11-01
7XXX,AFRICA,3276317030,2022-11-01
-,TOTAL FOR ALL COUNTRIES,253688357045,2022-12-01
0003,EUROPEAN UNION,48672260879,2022-12-01
0014,PACIFIC RIM COUNTRIES,79965625608,2022-12-01
0017,CAFTA-DR,2730422935,2022-12-01
0020,USMCA (NAFTA),69852167189,2022-12-01
0021,TWENTY LATIN AMERICAN REPUBLICS,46855408273,2022-12-01
0022,OECD,157714156069,2022-12-01
0023,NATO,82283522232,2022-12-01
0024,LAFTA,43966402929,2022-12-01
0025,EURO AREA,42814685270,2022-12-01
0026,APEC,164946379872,2022-12-01
0027,ASEAN,23818834377,2022-12-01
0028,CACM,2207044977,2022-12-01
1010,GREENLAND,4850496,2022-12-01
1220,CANADA,34036321746,2022-12-01
1610,ST PIERRE AND MIQUELON,0,2022-12-01
1XXX,NORTH AMERICA,69857017685,2022-12-01
2010,MEXICO,35815845443,2022-12-01
2050,GUATEMALA,385106936,2022-12-01
2080,BELIZE,2667066,2022-12-01
2110,EL SALVADOR,198084864,2022-12-01
2150,HONDURAS,417075258,2022-12-01
2190,NICARAGUA,403438694,2022-12-01
2230,COSTA RICA,803339225,2022-12-01
2250,PANAMA,51634584,2022-12-01
2320,BERMUDA,1134690,2022-12-01
2360,BAHAMAS,361661833,2022-12-01
2390,CUBA,8500,2022-12-01
2410,JAMAICA,24116979,2022-12-01
2430,TURKS AND CAICOS ISLANDS,488945,2022-12-01
2440,CAYMAN ISLANDS,2256522,2022-12-01
2450,HAITI,106939325,2022-12-01
2470,DOMINICAN REPUBLIC,523377958,2022-12-01
2481,ANGUILLA,28192,2022-12-01
2482,BRITISH VIRGIN ISLANDS,254216,2022-12-01
2483,ST KITTS AND NEVIS,1717879,2022-12-01
2484,ANTIGUA AND BARBUDA,655269,2022-12-01
2488,ST VINCENT AND THE GRENADINES,1033350,2022-12-01
2485,MONTSERRAT,126571,2022-12-01
2486,DOMINICA,67185,2022-12-01
2487,ST LUCIA,1121464,2022-12-01
2489,GRENADA,1048995,2022-12-01
2720,BARBADOS,4972510,2022-12-01
2740,TRINIDAD AND TOBAGO,439811678,2022-12-01
2774,SINT MAARTEN,11534615,2022-12-01
2777,CURACAO,2123925,2022-12-01
2779,ARUBA,3214103,2022-12-01
2831,GUADELOUPE,138417,2022-12-01
2839,MARTINIQUE,432880,2022-12-01
2XXX,CENTRAL AMERICA,3749612628,2022-12-01
3010,COLOMBIA,1439200302,2022-12-01
3070,VENEZUELA,33723496,2022-12-01
3120,GUYANA,293763016,2022-12-01
3150,SURINAME,6397248,2022-12-01
3170,FRENCH GUIANA,13689,2022-12-01
3310,ECUADOR,794030851,2022-12-01
3330,PERU,859847455,2022-12-01
3350,BOLIVIA,47669058,2022-12-01
3370,CHILE,940552008,2022-12-01
3510,BRAZIL,3236149565,2022-12-01
3530,PARAGUAY,32304046,2022-12-01
3550,URUGUAY,77329536,2022-12-01
3570,ARGENTINA,689751169,2022-12-01
3720,FALKLAND ISLANDS (ISLAS MALVINAS),5891075,2022-12-01
3XXX,SOUTH AMERICA,8456622514,2022-12-01
4000,ICELAND,60676412,2022-12-01
4050,FINLAND,674301987,2022-12-01
4010,SWEDEN,1507455717,2022-12-01
4031,"SVALBARD, JAN MAYEN ISLAND",2149,2022-12-01
4039,NORWAY,666095674,2022-12-01
4091,FAROE ISLANDS,17648323,2022-12-01
4099,DENMARK,1676775520,2022-12-01
4120,UNITED KINGDOM,6013657153,2022-12-01
4190,IRELAND,6974852495,2022-12-01
4210,NETHERLANDS,2548643758,2022-12-01
4231,BELGIUM,1968464737,2022-12-01
4239,LUXEMBOURG,65678555,2022-12-01
4271,ANDORRA,853602,2022-12-01
4272,MONACO,3729855,2022-12-01
4279,FRANCE,4781509539,2022-12-01
4280,GERMANY,14261727163,2022-12-01
4330,AUSTRIA,1533314437,2022-12-01
4351,CZECH REPUBLIC,620380275,2022-12-01
4359,SLOVAKIA,747944557,2022-12-01
4370,HUNGARY,586645056,2022-12-01
4411,LIECHTENSTEIN,25000121,2022-12-01
4419,SWITZERLAND,3922892787,2022-12-01
4470,ESTONIA,57467231,2022-12-01
4490,LATVIA,50491437,2022-12-01
4510,LITHUANIA,227355033,2022-12-01
4550,POLAND,998173372,2022-12-01
4621,RUSSIA,637835184,2022-12-01
4622,BELARUS,5590850,2022-12-01
4633,GEORGIA,5940930,2022-12-01
4623,UKRAINE,110502397,2022-12-01
4631,ARMENIA,6493882,2022-12-01
4632,AZERBAIJAN,2391434,2022-12-01
4634,KAZAKHSTAN,148371379,2022-12-01
4635,KYRGYZSTAN,619326,2022-12-01
4641,MOLDOVA,8819819,2022-12-01
4642,TAJIKISTAN,6655,2022-12-01
4643,TURKMENISTAN,26720,2022-12-01
4644,UZBEKISTAN,4930636,2022-12-01
4700,SPAIN,1598489616,2022-12-01
4710,PORTUGAL,416698182,2022-12-01
4720,GIBRALTAR,734941,2022-12-01
4730,MALTA,33527176,2022-12-01
4751,SAN MARINO,2937260,2022-12-01
4752,VATICAN CITY,3494,2022-12-01
4759,ITALY,6322575675,2022-12-01
4791,CROATIA,81033529,2022-12-01
4792,SLOVENIA,267363537,2022-12-01
4793,BOSNIA AND HERZEGOVINA,11444116,2022-12-01
4794,MACEDONIA,15805959,2022-12-01
4801,SERBIA,62614095,2022-12-01
4803,KOSOVO,7631350,2022-12-01
4804,MONTENEGRO,347985,2022-12-01
4810,ALBANIA,8296599,2022-12-01
4840,GREECE,199302880,2022-12-01
4850,ROMANIA,341027613,2022-12-01
4870,BULGARIA,127118056,2022-12-01
4890,TURKEY,1461181751,2022-12-01
4910,CYPRUS,3943746,2022-12-01
5050,IRAQ,772706414,2022-12-01
4XXX,EUROPE,61885343717,2022-12-01
5020,SYRIA,848833,2022-12-01
5040,LEBANON,19883942,2022-12-01
5070,IRAN,135157,2022-12-01
5081,ISRAEL,1801019165,2022-12-01
5082,GAZA STRIP ADMINISTERED BY ISRAEL,0,2022-12-01
5083,WEST BANK ADMINISTERED BY ISRAEL,946689,2022-12-01
5110,JORDAN,190929919,2022-12-01
5130,KUWAIT,209615204,2022-12-01
5170,SAUDI ARABIA,1835395349,2022-12-01
5180,QATAR,188841387,2022-12-01
5200,UNITED ARAB EMIRATES,442195437,2022-12-01
5210,YEMEN,80865,2022-12-01
5230,OMAN,139051528,2022-12-01
5250,BAHRAIN,121499942,2022-12-01
5310,AFGHANISTAN,1771165,2022-12-01
5330,INDIA,5957463600,2022-12-01
5350,PAKISTAN,420758159,2022-12-01
5360,NEPAL,9796447,2022-12-01
5380,BANGLADESH,768868902,2022-12-01
5420,SRI LANKA,238405924,2022-12-01
5460,BURMA,68091467,2022-12-01
5490,THAILAND,4163351395,2022-12-01
5520,VIETNAM,8539135068,2022-12-01
5530,LAOS,26384552,2022-12-01
5550,CAMBODIA,839073780,2022-12-01
5570,MALAYSIA,3975182401,2022-12-01
5610,BRUNEI,8051433,2022-12-01
5590,SINGAPORE,2585543076,2022-12-01
5600,INDONESIA,2382924885,2022-12-01
5601,TIMOR-LESTE,364308,2022-12-01
5650,PHILIPPINES,1231096320,2022-12-01
5660,MACAU,12134035,2022-12-01
5682,BHUTAN,43713,2022-12-01
5683,MALDIVES,2124262,2022-12-01
5700,CHINA,37228790900,2022-12-01
5740,MONGOLIA,1934486,2022-12-01
5790,"KOREA, NORTH",0,2022-12-01
5800,"KOREA, SOUTH",9844236128,2022-12-01
5820,HONG KONG,252150937,2022-12-01
5830,TAIWAN,7089257471,2022-12-01
5880,JAPAN,13471387945,2022-12-01
5XXX,ASIA,104841472590,2022-12-01
6021,AUSTRALIA,1377913791,2022-12-01
6022,NORFOLK ISLAND,0,2022-12-01
6023,COCOS (KEELING) ISLANDS,96725,2022-12-01
6024,CHRISTMAS ISLAND,2427,2022-12-01
6029,HEARD AND MCDONALD ISLANDS,93688,2022-12-01
6040,PAPUA NEW GUINEA,12344509,2022-12-01
6141,NEW ZEALAND,494611777,2022-12-01
6142,COOK ISLANDS,19190,2022-12-01
6143,TOKELAU,145709,2022-12-01
6144,NIUE,312076,2022-12-01
6150,SAMOA,94890,2022-12-01
6223,SOLOMON ISLANDS,406307,2022-12-01
6224,VANUATU,829465,2022-12-01
6225,PITCAIRN ISLANDS,93916,2022-12-01
6226,KIRIBATI,95474,2022-12-01
6227,TUVALU,74305,2022-12-01
6810,MARSHALL ISLANDS,1174593,2022-12-01
6412,NEW CALEDONIA,387837,2022-12-01
6413,WALLIS AND FUTUNA,1,2022-12-01
6414,FRENCH POLYNESIA,3257677,2022-12-01
6820,MICRONESIA,199007,2022-12-01
6830,PALAU,53203,2022-12-01
6862,NAURU,121331,2022-12-01
6863,FIJI,17408049,2022-12-01
6864,TONGA,728676,2022-12-01
6XXX,AUSTRALIA AND OCEANIA,1910464623,2022-12-01
7140,MOROCCO,117300985,2022-12-01
7210,ALGERIA,153726510,2022-12-01
7230,TUNISIA,59902916,2022-12-01
7250,LIBYA,196036154,2022-12-01
7290,EGYPT,164128385,2022-12-01
7321,SUDAN,698828,2022-12-01
7323,SOUTH SUDAN,14569,2022-12-01
7380,EQUATORIAL GUINEA,2074795,2022-12-01
7410,MAURITANIA,367371,2022-12-01
7420,CAMEROON,6998477,2022-12-01
7440,SENEGAL,10476025,2022-12-01
7450,MALI,170162,2022-12-01
7460,GUINEA,860084,2022-12-01
7470,SIERRA LEONE,944043,2022-12-01
7480,COTE D'IVOIRE,45940045,2022-12-01
7490,GHANA,202883072,2022-12-01
7500,GAMBIA,2450,2022-12-01
7510,NIGER,5617995,2022-12-01
7520,TOGO,15652011,2022-12-01
7530,NIGERIA,387380320,2022-12-01
7540,CENTRAL AFRICAN REPUBLIC,233344,2022-12-01
7550,GABON,7110445,2022-12-01
7610,BENIN,586315,2022-12-01
7560,CHAD,1705,2022-12-01
7580,ST HELENA,2538597,2022-12-01
7600,BURKINA FASO,476297,2022-12-01
7620,ANGOLA,45443753,2022-12-01
7630,CONGO,1543154,2022-12-01
7642,GUINEA-BISSAU,43,2022-12-01
7643,CABO VERDE,316086,2022-12-01
7644,SAO TOME AND PRINCIPE,39262,2022-12-01
7650,LIBERIA,5473633,2022-12-01
7660,DEMOCRATIC REPUBLIC OF THE CONGO,2836595,2022-12-01
7670,BURUNDI,1718089,2022-12-01
7690,RWANDA,5517594,2022-12-01
7700,SOMALIA,64791,2022-12-01
7741,ERITREA,22936,2022-12-01
7749,ETHIOPIA,48505716,2022-12-01
7770,DJIBOUTI,8506185,2022-12-01
7780,UGANDA,12117165,2022-12-01
7790,KENYA,81596391,2022-12-01
7800,SEYCHELLES,969494,2022-12-01
7810,BRITISH INDIAN OCEAN TERRITORIES,0,2022-12-01
7830,TANZANIA,18708589,2022-12-01
7850,MAURITIUS,20980704,2022-12-01
7870,MOZAMBIQUE,10622119,2022-12-01
7880,MADAGASCAR,53970126,2022-12-01
7881,MAYOTTE,416422,2022-12-01
7890,COMOROS,209997,2022-12-01
7904,REUNION,6377768,2022-12-01
7905,FRENCH SOUTHERN AND ANTARCTIC LANDS,346,2022-12-01
7910,SOUTH AFRICA,1158404604,2022-12-01
7920,NAMIBIA,12085806,2022-12-01
7930,BOTSWANA,37605411,2022-12-01
7940,ZAMBIA,12507453,2022-12-01
7990,LESOTHO,51372356,2022-12-01
7950,ESWATINI,828002,2022-12-01
7960,ZIMBABWE,2482507,2022-12-01
7970,MALAWI,4458291,2022-12-01
7XXX,AFRICA,2987823288,2022-12-01
-,TOTAL FOR ALL COUNTRIES,254625828620,2023-01-01
0003,EUROPEAN UNION,47298409509,2023-01-01
0014,PACIFIC RIM COUNTRIES,77682089846,2023-01-01
0017,CAFTA-DR,2497889282,2023-01-01
0020,USMCA (NAFTA),71613914143,2023-01-01
0021,TWENTY LATIN AMERICAN REPUBLICS,47634187747,2023-01-01
0022,OECD,154178938608,2023-01-01
0023,NATO,80595769358,2023-01-01
0024,LAFTA,45049009693,2023-01-01
0025,EURO AREA,41740894019,2023-01-01
0026,APEC,166188335637,2023-01-01
0027,ASEAN,26047405413,2023-01-01
0028,CACM,2041003144,2023-01-01
1010,GREENLAND,2320156,2023-01-01
1220,CANADA,34893290909,2023-01-01
1XXX,NORTH AMERICA,71616234299,2023-01-01
2010,MEXICO,36720623234,2023-01-01
2050,GUATEMALA,380049314,2023-01-01
2080,BELIZE,1693477,2023-01-01
2110,EL SALVADOR,169519947,2023-01-01
2150,HONDURAS,346884007,2023-01-01
2190,NICARAGUA,422745758,2023-01-01
2230,COSTA RICA,721804118,2023-01-01
2250,PANAMA,38973938,2023-01-01
2320,BERMUDA,2255112,2023-01-01
2360,BAHAMAS,301322078,2023-01-01
2390,CUBA,112500,2023-01-01
2410,JAMAICA,21643747,2023-01-01
2430,TURKS AND CAICOS ISLANDS,769852,2023-01-01
2440,CAYMAN ISLANDS,3057536,2023-01-01
2450,HAITI,48202334,2023-01-01
2470,DOMINICAN REPUBLIC,456886138,2023-01-01
2481,ANGUILLA,39853,2023-01-01
2482,BRITISH VIRGIN ISLANDS,203558,2023-01-01
2483,ST KITTS AND NEVIS,1724575,2023-01-01
2484,ANTIGUA AND BARBUDA,180879,2023-01-01
2485,MONTSERRAT,41279,2023-01-01
2486,DOMINICA,375554,2023-01-01
2487,ST LUCIA,465966,2023-01-01
2488,ST VINCENT AND THE GRENADINES,272595,2023-01-01
2489,GRENADA,605476,2023-01-01
2777,CURACAO,4120529,2023-01-01
2720,BARBADOS,4526017,2023-01-01
2740,TRINIDAD AND TOBAGO,378007129,2023-01-01
2774,SINT MAARTEN,13314479,2023-01-01
2779,ARUBA,3622917,2023-01-01
2831,GUADELOUPE,418475,2023-01-01
2839,MARTINIQUE,139750,2023-01-01
2XXX,CENTRAL AMERICA,3323978887,2023-01-01
3010,COLOMBIA,1269312214,2023-01-01
3070,VENEZUELA,115284928,2023-01-01
3120,GUYANA,225057101,2023-01-01
3150,SURINAME,9626116,2023-01-01
3170,FRENCH GUIANA,122885,2023-01-01
3310,ECUADOR,888909735,2023-01-01
3330,PERU,968541188,2023-01-01
3350,BOLIVIA,25658204,2023-01-01
3370,CHILE,1289096591,2023-01-01
3510,BRAZIL,3100550328,2023-01-01
3530,PARAGUAY,21338553,2023-01-01
3550,URUGUAY,65924843,2023-01-01
3570,ARGENTINA,583769875,2023-01-01
3720,FALKLAND ISLANDS (ISLAS MALVINAS),1004238,2023-01-01
3XXX,SOUTH AMERICA,8564196799,2023-01-01
4000,ICELAND,57491717,2023-01-01
4010,SWEDEN,1510890206,2023-01-01
4039,NORWAY,525011136,2023-01-01
4050,FINLAND,694535596,2023-01-01
4091,FAROE ISLANDS,20053671,2023-01-01
4099,DENMARK,1310372601,2023-01-01
4120,UNITED KINGDOM,4560308706,2023-01-01
4239,LUXEMBOURG,69371360,2023-01-01
4190,IRELAND,6280334895,2023-01-01
4210,NETHERLANDS,3123009862,2023-01-01
4231,BELGIUM,1943929545,2023-01-01
4271,ANDORRA,365408,2023-01-01
4272,MONACO,3401915,2023-01-01
4279,FRANCE,4847241366,2023-01-01
4280,GERMANY,13337224149,2023-01-01
4330,AUSTRIA,1731416671,2023-01-01
4351,CZECH REPUBLIC,605190187,2023-01-01
4359,SLOVAKIA,571409122,2023-01-01
4370,HUNGARY,647649751,2023-01-01
4411,LIECHTENSTEIN,17089752,2023-01-01
4419,SWITZERLAND,4687168987,2023-01-01
4470,ESTONIA,60392734,2023-01-01
4490,LATVIA,66189060,2023-01-01
4510,LITHUANIA,194521658,2023-01-01
4550,POLAND,1032968450,2023-01-01
4621,RUSSIA,508745583,2023-01-01
4622,BELARUS,3796396,2023-01-01
4623,UKRAINE,100604272,2023-01-01
4631,ARMENIA,4017974,2023-01-01
4632,AZERBAIJAN,1503609,2023-01-01
4633,GEORGIA,12111200,2023-01-01
4634,KAZAKHSTAN,266747492,2023-01-01
4635,KYRGYZSTAN,191592,2023-01-01
4641,MOLDOVA,15695263,2023-01-01
4642,TAJIKISTAN,151993,2023-01-01
4643,TURKMENISTAN,311802,2023-01-01
4644,UZBEKISTAN,1167357,2023-01-01
4730,MALTA,40528255,2023-01-01
4700,SPAIN,1851331837,2023-01-01
4710,PORTUGAL,494042959,2023-01-01
4720,GIBRALTAR,37534,2023-01-01
4751,SAN MARINO,4014685,2023-01-01
4752,VATICAN CITY,313095,2023-01-01
4759,ITALY,5862573911,2023-01-01
4791,CROATIA,51383777,2023-01-01
4792,SLOVENIA,332347861,2023-01-01
4793,BOSNIA AND HERZEGOVINA,11287125,2023-01-01
4794,MACEDONIA,26912692,2023-01-01
4801,SERBIA,57702306,2023-01-01
4803,KOSOVO,8687420,2023-01-01
4804,MONTENEGRO,399142,2023-01-01
4810,ALBANIA,9660383,2023-01-01
4840,GREECE,184872295,2023-01-01
4850,ROMANIA,333907049,2023-01-01
4870,BULGARIA,116537246,2023-01-01
4890,TURKEY,1369158085,2023-01-01
4910,CYPRUS,4237106,2023-01-01
4XXX,EUROPE,59572517801,2023-01-01
5020,SYRIA,848212,2023-01-01
5040,LEBANON,14264873,2023-01-01
5050,IRAQ,815179694,2023-01-01
5070,IRAN,35122,2023-01-01
5081,ISRAEL,1873667088,2023-01-01
5083,WEST BANK ADMINISTERED BY ISRAEL,765830,2023-01-01
5110,JORDAN,275849036,2023-01-01
5130,KUWAIT,124548979,2023-01-01
5170,SAUDI ARABIA,1478991859,2023-01-01
5230,OMAN,125203537,2023-01-01
5180,QATAR,252664764,2023-01-01
5200,UNITED ARAB EMIRATES,490037764,2023-01-01
5210,YEMEN,965098,2023-01-01
5250,BAHRAIN,58895233,2023-01-01
5310,AFGHANISTAN,968704,2023-01-01
5330,INDIA,7935656716,2023-01-01
5350,PAKISTAN,472166189,2023-01-01
5360,NEPAL,8744571,2023-01-01
5380,BANGLADESH,965777637,2023-01-01
5420,SRI LANKA,328235726,2023-01-01
5460,BURMA,88613412,2023-01-01
5490,THAILAND,4900018520,2023-01-01
5520,VIETNAM,9235626345,2023-01-01
5530,LAOS,29204887,2023-01-01
5550,CAMBODIA,913587427,2023-01-01
5570,MALAYSIA,3962646777,2023-01-01
5590,SINGAPORE,3138985206,2023-01-01
5600,INDONESIA,2671743040,2023-01-01
5601,TIMOR-LESTE,1534489,2023-01-01
5610,BRUNEI,32210647,2023-01-01
5650,PHILIPPINES,1074769152,2023-01-01
5660,MACAU,9696579,2023-01-01
5682,BHUTAN,16997,2023-01-01
5683,MALDIVES,1811768,2023-01-01
5700,CHINA,38166089291,2023-01-01
5740,MONGOLIA,2480225,2023-01-01
5800,"KOREA, SOUTH",8891176065,2023-01-01
5820,HONG KONG,236459889,2023-01-01
6021,AUSTRALIA,1296970943,2023-01-01
5830,TAIWAN,6670495191,2023-01-01
5880,JAPAN,11035645331,2023-01-01
5XXX,ASIA,106286277870,2023-01-01
6023,COCOS (KEELING) ISLANDS,368400,2023-01-01
6024,CHRISTMAS ISLAND,7706,2023-01-01
6029,HEARD AND MCDONALD ISLANDS,182576,2023-01-01
6040,PAPUA NEW GUINEA,6977277,2023-01-01
6141,NEW ZEALAND,488224458,2023-01-01
6142,COOK ISLANDS,27677,2023-01-01
6143,TOKELAU,49157,2023-01-01
6144,NIUE,61476,2023-01-01
6150,SAMOA,599206,2023-01-01
6223,SOLOMON ISLANDS,31666,2023-01-01
6224,VANUATU,485557,2023-01-01
6225,PITCAIRN ISLANDS,2524,2023-01-01
6227,TUVALU,100360,2023-01-01
6412,NEW CALEDONIA,705607,2023-01-01
6413,WALLIS AND FUTUNA,1195,2023-01-01
6414,FRENCH POLYNESIA,2783474,2023-01-01
6810,MARSHALL ISLANDS,1209660,2023-01-01
6820,MICRONESIA,127661,2023-01-01
6830,PALAU,46743,2023-01-01
6862,NAURU,80437,2023-01-01
6863,FIJI,24587262,2023-01-01
6864,TONGA,216202,2023-01-01
6XXX,AUSTRALIA AND OCEANIA,1823847224,2023-01-01
7140,MOROCCO,163528021,2023-01-01
7210,ALGERIA,214488863,2023-01-01
7230,TUNISIA,54057976,2023-01-01
7250,LIBYA,176437529,2023-01-01
7290,EGYPT,241573430,2023-01-01
7321,SUDAN,688709,2023-01-01
7323,SOUTH SUDAN,454,2023-01-01
7380,EQUATORIAL GUINEA,33686999,2023-01-01
7450,MALI,656607,2023-01-01
7410,MAURITANIA,290045,2023-01-01
7420,CAMEROON,56904091,2023-01-01
7440,SENEGAL,21343989,2023-01-01
7460,GUINEA,2394213,2023-01-01
7470,SIERRA LEONE,1103228,2023-01-01
7480,COTE D'IVOIRE,158940735,2023-01-01
7490,GHANA,78230865,2023-01-01
7500,GAMBIA,44752,2023-01-01
7510,NIGER,13466477,2023-01-01
7520,TOGO,2577384,2023-01-01
7530,NIGERIA,725189649,2023-01-01
7540,CENTRAL AFRICAN REPUBLIC,78890,2023-01-01
7550,GABON,8248178,2023-01-01
7560,CHAD,10288,2023-01-01
7580,ST HELENA,40806,2023-01-01
7600,BURKINA FASO,45594,2023-01-01
7610,BENIN,159011,2023-01-01
7620,ANGOLA,6239391,2023-01-01
7630,CONGO,2266873,2023-01-01
7643,CABO VERDE,350067,2023-01-01
7644,SAO TOME AND PRINCIPE,16568,2023-01-01
7650,LIBERIA,3166883,2023-01-01
7660,DEMOCRATIC REPUBLIC OF THE CONGO,9613803,2023-01-01
7670,BURUNDI,2145728,2023-01-01
7690,RWANDA,9791438,2023-01-01
7700,SOMALIA,786681,2023-01-01
7741,ERITREA,10219,2023-01-01
7749,ETHIOPIA,32498928,2023-01-01
7770,DJIBOUTI,3978460,2023-01-01
7780,UGANDA,16073758,2023-01-01
7790,KENYA,74930658,2023-01-01
7800,SEYCHELLES,1190800,2023-01-01
7810,BRITISH INDIAN OCEAN TERRITORIES,179944,2023-01-01
7830,TANZANIA,24655293,2023-01-01
7881,MAYOTTE,297263,2023-01-01
7850,MAURITIUS,23757339,2023-01-01
7870,MOZAMBIQUE,19323614,2023-01-01
7880,MADAGASCAR,65531916,2023-01-01
7890,COMOROS,4,2023-01-01
7904,REUNION,394588,2023-01-01
7905,FRENCH SOUTHERN AND ANTARCTIC LANDS,24192,2023-01-01
7910,SOUTH AFRICA,1077424675,2023-01-01
7920,NAMIBIA,8820571,2023-01-01
7930,BOTSWANA,53587816,2023-01-01
7940,ZAMBIA,20822037,2023-01-01
7950,ESWATINI,259549,2023-01-01
7960,ZIMBABWE,4380807,2023-01-01
7970,MALAWI,8388006,2023-01-01
7990,LESOTHO,13681088,2023-01-01
7XXX,AFRICA,3438775740,2023-01-01
-,TOTAL FOR ALL COUNTRIES,230169811758,2023-02-01
0003,EUROPEAN UNION,43459893961,2023-02-01
0014,PACIFIC RIM COUNTRIES,68017340866,2023-02-01
0017,CAFTA-DR,2852215163,2023-02-01
0020,USMCA (NAFTA),67076300609,2023-02-01
0021,TWENTY LATIN AMERICAN REPUBLICS,45887426961,2023-02-01
0022,OECD,145043458438,2023-02-01
0023,NATO,75003407927,2023-02-01
0024,LAFTA,42913932310,2023-02-01
0025,EURO AREA,38007975785,2023-02-01
0026,APEC,150036025861,2023-02-01
0027,ASEAN,22492886598,2023-02-01
0028,CACM,2307281165,2023-02-01
1010,GREENLAND,2941652,2023-02-01
1220,CANADA,31574058175,2023-02-01
1610,ST PIERRE AND MIQUELON,20207,2023-02-01
1XXX,NORTH AMERICA,67079262468,2023-02-01
2010,MEXICO,35502242434,2023-02-01
2050,GUATEMALA,382606629,2023-02-01
2080,BELIZE,2272040,2023-02-01
2110,EL SALVADOR,209047020,2023-02-01
2150,HONDURAS,482064685,2023-02-01
2190,NICARAGUA,395545982,2023-02-01
2230,COSTA RICA,838016849,2023-02-01
2250,PANAMA,38865803,2023-02-01
2320,BERMUDA,762715,2023-02-01
2360,BAHAMAS,37224469,2023-02-01
2390,CUBA,120000,2023-02-01
2410,JAMAICA,46098689,2023-02-01
2430,TURKS AND CAICOS ISLANDS,649479,2023-02-01
2440,CAYMAN ISLANDS,2623209,2023-02-01
2450,HAITI,82293685,2023-02-01
2470,DOMINICAN REPUBLIC,544933998,2023-02-01
2481,ANGUILLA,174651,2023-02-01
2482,BRITISH VIRGIN ISLANDS,48990,2023-02-01
2483,ST KITTS AND NEVIS,1565764,2023-02-01
2484,ANTIGUA AND BARBUDA,4783112,2023-02-01
2485,MONTSERRAT,94204,2023-02-01
2486,DOMINICA,266657,2023-02-01
2487,ST LUCIA,848214,2023-02-01
2488,ST VINCENT AND THE GRENADINES,564786,2023-02-01
2774,SINT MAARTEN,6902667,2023-02-01
2489,GRENADA,740440,2023-02-01
2720,BARBADOS,3162813,2023-02-01
2740,TRINIDAD AND TOBAGO,314204587,2023-02-01
2777,CURACAO,7974142,2023-02-01
2779,ARUBA,2336132,2023-02-01
2831,GUADELOUPE,244868,2023-02-01
2839,MARTINIQUE,121997,2023-02-01
2XXX,CENTRAL AMERICA,3407159276,2023-02-01
3010,COLOMBIA,1257203398,2023-02-01
3070,VENEZUELA,132391995,2023-02-01
3120,GUYANA,353769036,2023-02-01
3150,SURINAME,5188521,2023-02-01
3170,FRENCH GUIANA,5016,2023-02-01
3310,ECUADOR,690132067,2023-02-01
3330,PERU,707742379,2023-02-01
3350,BOLIVIA,33642837,2023-02-01
3370,CHILE,1440527483,2023-02-01
3510,BRAZIL,2564027189,2023-02-01
3530,PARAGUAY,16356701,2023-02-01
3550,URUGUAY,49795657,2023-02-01
3570,ARGENTINA,519870170,2023-02-01
3720,FALKLAND ISLANDS (ISLAS MALVINAS),47660,2023-02-01
3XXX,SOUTH AMERICA,7770700109,2023-02-01
4000,ICELAND,52460819,2023-02-01
4010,SWEDEN,1414038520,2023-02-01
4039,NORWAY,479930564,2023-02-01
4050,FINLAND,696237819,2023-02-01
4091,FAROE ISLANDS,18170006,2023-02-01
4099,DENMARK,940019686,2023-02-01
4231,BELGIUM,1522436177,2023-02-01
4120,UNITED KINGDOM,5276433694,2023-02-01
4190,IRELAND,5352124516,2023-02-01
4210,NETHERLANDS,3958680980,2023-02-01
4239,LUXEMBOURG,48444916,2023-02-01
4271,ANDORRA,341609,2023-02-01
4272,MONACO,3660639,2023-02-01
4279,FRANCE,4103451061,2023-02-01
4280,GERMANY,12496506796,2023-02-01
4330,AUSTRIA,1556966029,2023-02-01
4351,CZECH REPUBLIC,567328031,2023-02-01
4359,SLOVAKIA,611847354,2023-02-01
4370,HUNGARY,967810778,2023-02-01
4411,LIECHTENSTEIN,20634038,2023-02-01
4419,SWITZERLAND,4215410965,2023-02-01
4470,ESTONIA,65366157,2023-02-01
4490,LATVIA,44860329,2023-02-01
4510,LITHUANIA,107619374,2023-02-01
4550,POLAND,1104267766,2023-02-01
4621,RUSSIA,643126279,2023-02-01
4622,BELARUS,6709936,2023-02-01
4623,UKRAINE,144798099,2023-02-01
4631,ARMENIA,19014586,2023-02-01
4632,AZERBAIJAN,2583286,2023-02-01
4633,GEORGIA,5160584,2023-02-01
4634,KAZAKHSTAN,157551818,2023-02-01
4635,KYRGYZSTAN,2095262,2023-02-01
4641,MOLDOVA,7928541,2023-02-01
4642,TAJIKISTAN,23004,2023-02-01
4710,PORTUGAL,416665910,2023-02-01
4643,TURKMENISTAN,250588,2023-02-01
4644,UZBEKISTAN,2078014,2023-02-01
4700,SPAIN,1579521519,2023-02-01
4720,GIBRALTAR,41792,2023-02-01
4730,MALTA,17894904,2023-02-01
4751,SAN MARINO,1163934,2023-02-01
4752,VATICAN CITY,16038,2023-02-01
4759,ITALY,5053326800,2023-02-01
4791,CROATIA,74216891,2023-02-01
4792,SLOVENIA,137804468,2023-02-01
4793,BOSNIA AND HERZEGOVINA,10835179,2023-02-01
4794,MACEDONIA,27070142,2023-02-01
4801,SERBIA,53925218,2023-02-01
4803,KOSOVO,11518628,2023-02-01
4804,MONTENEGRO,485224,2023-02-01
4810,ALBANIA,7202732,2023-02-01
4840,GREECE,162705839,2023-02-01
4850,ROMANIA,337029236,2023-02-01
4870,BULGARIA,121424159,2023-02-01
4890,TURKEY,1163131000,2023-02-01
4910,CYPRUS,1297946,2023-02-01
4XXX,EUROPE,55793646179,2023-02-01
5020,SYRIA,674229,2023-02-01
5040,LEBANON,10390605,2023-02-01
5050,IRAQ,840391146,2023-02-01
5070,IRAN,67086,2023-02-01
5081,ISRAEL,1498255224,2023-02-01
5082,GAZA STRIP ADMINISTERED BY ISRAEL,16,2023-02-01
5083,WEST BANK ADMINISTERED BY ISRAEL,274448,2023-02-01
5110,JORDAN,222459568,2023-02-01
5200,UNITED ARAB EMIRATES,487744449,2023-02-01
5130,KUWAIT,205025561,2023-02-01
5170,SAUDI ARABIA,1383032442,2023-02-01
5180,QATAR,221909751,2023-02-01
5210,YEMEN,190728,2023-02-01
5230,OMAN,109405897,2023-02-01
5250,BAHRAIN,94809229,2023-02-01
5310,AFGHANISTAN,2051814,2023-02-01
5330,INDIA,6258461858,2023-02-01
5350,PAKISTAN,360665584,2023-02-01
5360,NEPAL,10502224,2023-02-01
5380,BANGLADESH,671914216,2023-02-01
5420,SRI LANKA,208956728,2023-02-01
5460,BURMA,62084333,2023-02-01
5490,THAILAND,3871304904,2023-02-01
5520,VIETNAM,8284987808,2023-02-01
5530,LAOS,23076084,2023-02-01
5550,CAMBODIA,719408937,2023-02-01
5570,MALAYSIA,3574660274,2023-02-01
5590,SINGAPORE,2780477442,2023-02-01
5600,INDONESIA,2164423026,2023-02-01
5601,TIMOR-LESTE,491700,2023-02-01
5610,BRUNEI,51249582,2023-02-01
5650,PHILIPPINES,961214208,2023-02-01
5660,MACAU,5304467,2023-02-01
5682,BHUTAN,1925,2023-02-01
5683,MALDIVES,2073619,2023-02-01
5700,CHINA,30569756691,2023-02-01
5740,MONGOLIA,755055,2023-02-01
5880,JAPAN,11297568593,2023-02-01
5800,"KOREA, SOUTH",8325000655,2023-02-01
5820,HONG KONG,216630707,2023-02-01
5830,TAIWAN,6604271672,2023-02-01
5XXX,ASIA,92101924485,2023-02-01
6021,AUSTRALIA,1080127795,2023-02-01
6023,COCOS (KEELING) ISLANDS,552545,2023-02-01
6024,CHRISTMAS ISLAND,788669,2023-02-01
6029,HEARD AND MCDONALD ISLANDS,0,2023-02-01
6040,PAPUA NEW GUINEA,3895839,2023-02-01
6141,NEW ZEALAND,382759915,2023-02-01
6142,COOK ISLANDS,13018,2023-02-01
6143,TOKELAU,299427,2023-02-01
6144,NIUE,81614,2023-02-01
6150,SAMOA,497911,2023-02-01
6223,SOLOMON ISLANDS,85683,2023-02-01
6224,VANUATU,245295,2023-02-01
6225,PITCAIRN ISLANDS,273,2023-02-01
6227,TUVALU,79779,2023-02-01
6412,NEW CALEDONIA,3423507,2023-02-01
6413,WALLIS AND FUTUNA,6908,2023-02-01
6414,FRENCH POLYNESIA,1631412,2023-02-01
6810,MARSHALL ISLANDS,389175,2023-02-01
6820,MICRONESIA,133840,2023-02-01
6830,PALAU,26077,2023-02-01
6862,NAURU,12933,2023-02-01
6863,FIJI,14618345,2023-02-01
6864,TONGA,357950,2023-02-01
6XXX,AUSTRALIA AND OCEANIA,1490027910,2023-02-01
7140,MOROCCO,142993786,2023-02-01
7210,ALGERIA,220781113,2023-02-01
7230,TUNISIA,59160441,2023-02-01
7250,LIBYA,798899,2023-02-01
7380,EQUATORIAL GUINEA,20484572,2023-02-01
7290,EGYPT,160231195,2023-02-01
7321,SUDAN,1391673,2023-02-01
7323,SOUTH SUDAN,51032,2023-02-01
7410,MAURITANIA,1081009,2023-02-01
7420,CAMEROON,6263502,2023-02-01
7440,SENEGAL,12860593,2023-02-01
7450,MALI,710999,2023-02-01
7460,GUINEA,2140295,2023-02-01
7470,SIERRA LEONE,1025072,2023-02-01
7480,COTE D'IVOIRE,119117203,2023-02-01
7490,GHANA,45010779,2023-02-01
7500,GAMBIA,21945,2023-02-01
7510,NIGER,2483852,2023-02-01
7520,TOGO,2638956,2023-02-01
7530,NIGERIA,492185990,2023-02-01
7540,CENTRAL AFRICAN REPUBLIC,5455,2023-02-01
7550,GABON,1329957,2023-02-01
7560,CHAD,15327,2023-02-01
7580,ST HELENA,25994,2023-02-01
7600,BURKINA FASO,281300,2023-02-01
7610,BENIN,130413,2023-02-01
7620,ANGOLA,62378097,2023-02-01
7630,CONGO,774118,2023-02-01
7642,GUINEA-BISSAU,11170,2023-02-01
7643,CABO VERDE,404682,2023-02-01
7644,SAO TOME AND PRINCIPE,248246,2023-02-01
7650,LIBERIA,4813436,2023-02-01
7660,DEMOCRATIC REPUBLIC OF THE CONGO,11780796,2023-02-01
7670,BURUNDI,718292,2023-02-01
7690,RWANDA,5645403,2023-02-01
7700,SOMALIA,672000,2023-02-01
7741,ERITREA,36583,2023-02-01
7749,ETHIOPIA,32498085,2023-02-01
7770,DJIBOUTI,3451539,2023-02-01
7810,BRITISH INDIAN OCEAN TERRITORIES,29922,2023-02-01
7780,UGANDA,10225417,2023-02-01
7790,KENYA,48361022,2023-02-01
7800,SEYCHELLES,672783,2023-02-01
7830,TANZANIA,16059134,2023-02-01
7850,MAURITIUS,19574517,2023-02-01
7870,MOZAMBIQUE,12151795,2023-02-01
7880,MADAGASCAR,51225768,2023-02-01
7881,MAYOTTE,96005,2023-02-01
7890,COMOROS,256,2023-02-01
7904,REUNION,4542459,2023-02-01
7905,FRENCH SOUTHERN AND ANTARCTIC LANDS,3295,2023-02-01
7910,SOUTH AFRICA,858591655,2023-02-01
7920,NAMIBIA,11946279,2023-02-01
7930,BOTSWANA,39364693,2023-02-01
7940,ZAMBIA,2935902,2023-02-01
7950,ESWATINI,532219,2023-02-01
7960,ZIMBABWE,16524196,2023-02-01
7970,MALAWI,3458524,2023-02-01
7990,LESOTHO,14141691,2023-02-01
7XXX,AFRICA,2527091331,2023-02-01
-,TOTAL FOR ALL COUNTRIES,261243920316,2023-03-01
0003,EUROPEAN UNION,50670959667,2023-03-01
0014,PACIFIC RIM COUNTRIES,73903544625,2023-03-01
0017,CAFTA-DR,3359955226,2023-03-01
0020,USMCA (NAFTA),79086040849,2023-03-01
0021,TWENTY LATIN AMERICAN REPUBLICS,54974070565,2023-03-01
0022,OECD,168851560039,2023-03-01
0023,NATO,85513474800,2023-03-01
0024,LAFTA,51491541878,2023-03-01
0025,EURO AREA,44712444362,2023-03-01
0026,APEC,169388325836,2023-03-01
0027,ASEAN,25679023067,2023-03-01
0028,CACM,2757299868,2023-03-01
1010,GREENLAND,4368249,2023-03-01
1220,CANADA,36432297454,2023-03-01
1610,ST PIERRE AND MIQUELON,0,2023-03-01
1XXX,NORTH AMERICA,79090409098,2023-03-01
2010,MEXICO,42653743395,2023-03-01
2050,GUATEMALA,506548717,2023-03-01
2080,BELIZE,1876342,2023-03-01
2110,EL SALVADOR,281679302,2023-03-01
2150,HONDURAS,518596573,2023-03-01
2190,NICARAGUA,487277162,2023-03-01
2230,COSTA RICA,963198114,2023-03-01
2250,PANAMA,45048971,2023-03-01
2320,BERMUDA,1285544,2023-03-01
2360,BAHAMAS,101623723,2023-03-01
2390,CUBA,609298,2023-03-01
2410,JAMAICA,33568290,2023-03-01
2430,TURKS AND CAICOS ISLANDS,1645750,2023-03-01
2440,CAYMAN ISLANDS,2560940,2023-03-01
2450,HAITI,76915192,2023-03-01
2470,DOMINICAN REPUBLIC,602655358,2023-03-01
2481,ANGUILLA,84402,2023-03-01
2482,BRITISH VIRGIN ISLANDS,469178,2023-03-01
2483,ST KITTS AND NEVIS,1619218,2023-03-01
2484,ANTIGUA AND BARBUDA,1471379,2023-03-01
2485,MONTSERRAT,36202,2023-03-01
2486,DOMINICA,101767,2023-03-01
2720,BARBADOS,4819165,2023-03-01
2487,ST LUCIA,759394,2023-03-01
2488,ST VINCENT AND THE GRENADINES,626035,2023-03-01
2489,GRENADA,1744524,2023-03-01
2740,TRINIDAD AND TOBAGO,252212254,2023-03-01
2774,SINT MAARTEN,8803322,2023-03-01
2777,CURACAO,2277347,2023-03-01
2779,ARUBA,702079,2023-03-01
2831,GUADELOUPE,234186,2023-03-01
2839,MARTINIQUE,600,2023-03-01
2XXX,CENTRAL AMERICA,3901050328,2023-03-01
3010,COLOMBIA,1383986053,2023-03-01
3070,VENEZUELA,246014154,2023-03-01
3120,GUYANA,260043382,2023-03-01
3150,SURINAME,6180291,2023-03-01
3170,FRENCH GUIANA,37841,2023-03-01
3310,ECUADOR,641261002,2023-03-01
3330,PERU,727832916,2023-03-01
3350,BOLIVIA,36424150,2023-03-01
3370,CHILE,2057041342,2023-03-01
3510,BRAZIL,3170136076,2023-03-01
3530,PARAGUAY,16900194,2023-03-01
3550,URUGUAY,84502077,2023-03-01
3570,ARGENTINA,473700519,2023-03-01
3720,FALKLAND ISLANDS (ISLAS MALVINAS),6858678,2023-03-01
3XXX,SOUTH AMERICA,9110918675,2023-03-01
4000,ICELAND,67171994,2023-03-01
4010,SWEDEN,1764601587,2023-03-01
4039,NORWAY,494954251,2023-03-01
4050,FINLAND,479651622,2023-03-01
4190,IRELAND,7043585245,2023-03-01
4091,FAROE ISLANDS,23815375,2023-03-01
4099,DENMARK,1046174377,2023-03-01
4120,UNITED KINGDOM,5512033218,2023-03-01
4210,NETHERLANDS,3785702602,2023-03-01
4231,BELGIUM,2036664041,2023-03-01
4239,LUXEMBOURG,50779783,2023-03-01
4271,ANDORRA,50049213,2023-03-01
4272,MONACO,2240957,2023-03-01
4279,FRANCE,4669113829,2023-03-01
4280,GERMANY,14079462396,2023-03-01
4330,AUSTRIA,1801435608,2023-03-01
4351,CZECH REPUBLIC,644647436,2023-03-01
4359,SLOVAKIA,713592986,2023-03-01
4370,HUNGARY,903954187,2023-03-01
4411,LIECHTENSTEIN,23656340,2023-03-01
4419,SWITZERLAND,4461672078,2023-03-01
4470,ESTONIA,84342589,2023-03-01
4490,LATVIA,55656432,2023-03-01
4510,LITHUANIA,198027317,2023-03-01
4550,POLAND,1123584688,2023-03-01
4621,RUSSIA,562043740,2023-03-01
4622,BELARUS,7756305,2023-03-01
4623,UKRAINE,141161161,2023-03-01
4631,ARMENIA,8750834,2023-03-01
4632,AZERBAIJAN,1166666,2023-03-01
4633,GEORGIA,4832006,2023-03-01
4634,KAZAKHSTAN,107469007,2023-03-01
4643,TURKMENISTAN,19102,2023-03-01
4635,KYRGYZSTAN,1735631,2023-03-01
4641,MOLDOVA,11144053,2023-03-01
4642,TAJIKISTAN,14324,2023-03-01
4644,UZBEKISTAN,1226009,2023-03-01
4700,SPAIN,1965142726,2023-03-01
4710,PORTUGAL,816330204,2023-03-01
4720,GIBRALTAR,117412,2023-03-01
4730,MALTA,14889119,2023-03-01
4751,SAN MARINO,2320213,2023-03-01
4752,VATICAN CITY,119482,2023-03-01
4759,ITALY,6169094616,2023-03-01
4791,CROATIA,82376075,2023-03-01
4792,SLOVENIA,466091036,2023-03-01
4793,BOSNIA AND HERZEGOVINA,12966715,2023-03-01
4794,MACEDONIA,24965296,2023-03-01
4801,SERBIA,52806564,2023-03-01
4803,KOSOVO,7716377,2023-03-01
4804,MONTENEGRO,363685,2023-03-01
4810,ALBANIA,7792729,2023-03-01
4840,GREECE,196620720,2023-03-01
4850,ROMANIA,309878994,2023-03-01
4870,BULGARIA,165674036,2023-03-01
4890,TURKEY,1282229679,2023-03-01
4910,CYPRUS,3885416,2023-03-01
4XXX,EUROPE,63545270083,2023-03-01
5020,SYRIA,566389,2023-03-01
5040,LEBANON,19601216,2023-03-01
5050,IRAQ,954763530,2023-03-01
5070,IRAN,80658,2023-03-01
5081,ISRAEL,1855705265,2023-03-01
5130,KUWAIT,80982128,2023-03-01
5082,GAZA STRIP ADMINISTERED BY ISRAEL,57906,2023-03-01
5083,WEST BANK ADMINISTERED BY ISRAEL,331835,2023-03-01
5110,JORDAN,293606909,2023-03-01
5170,SAUDI ARABIA,1512793537,2023-03-01
5180,QATAR,222245362,2023-03-01
5200,UNITED ARAB EMIRATES,772737875,2023-03-01
5210,YEMEN,610961,2023-03-01
5230,OMAN,139605660,2023-03-01
5250,BAHRAIN,80081779,2023-03-01
5310,AFGHANISTAN,3209930,2023-03-01
5330,INDIA,7255828013,2023-03-01
5350,PAKISTAN,393618310,2023-03-01
5360,NEPAL,9977637,2023-03-01
5380,BANGLADESH,762545893,2023-03-01
5420,SRI LANKA,245070711,2023-03-01
5460,BURMA,71457141,2023-03-01
5490,THAILAND,4829692985,2023-03-01
5520,VIETNAM,8231389727,2023-03-01
5530,LAOS,29750372,2023-03-01
5550,CAMBODIA,861177278,2023-03-01
5570,MALAYSIA,4454823756,2023-03-01
5590,SINGAPORE,3461297233,2023-03-01
5600,INDONESIA,2565861051,2023-03-01
5601,TIMOR-LESTE,509137,2023-03-01
5610,BRUNEI,4369745,2023-03-01
5650,PHILIPPINES,1169203779,2023-03-01
5660,MACAU,9260348,2023-03-01
5682,BHUTAN,324541,2023-03-01
5800,"KOREA, SOUTH",9587404529,2023-03-01
5683,MALDIVES,2306377,2023-03-01
5700,CHINA,30791607258,2023-03-01
5740,MONGOLIA,1652861,2023-03-01
5820,HONG KONG,421798122,2023-03-01
5830,TAIWAN,6822189738,2023-03-01
5880,JAPAN,12910101144,2023-03-01
5XXX,ASIA,100830198626,2023-03-01
6021,AUSTRALIA,1193606679,2023-03-01
6022,NORFOLK ISLAND,570195,2023-03-01
6023,COCOS (KEELING) ISLANDS,315952,2023-03-01
6024,CHRISTMAS ISLAND,82189,2023-03-01
6029,HEARD AND MCDONALD ISLANDS,23,2023-03-01
6040,PAPUA NEW GUINEA,8994510,2023-03-01
6141,NEW ZEALAND,503026733,2023-03-01
6142,COOK ISLANDS,5624,2023-03-01
6143,TOKELAU,18156,2023-03-01
6144,NIUE,736795,2023-03-01
6150,SAMOA,482534,2023-03-01
6223,SOLOMON ISLANDS,49004,2023-03-01
6224,VANUATU,381984,2023-03-01
6225,PITCAIRN ISLANDS,5276,2023-03-01
6226,KIRIBATI,191794,2023-03-01
6227,TUVALU,105376,2023-03-01
6412,NEW CALEDONIA,2179140,2023-03-01
6413,WALLIS AND FUTUNA,1026,2023-03-01
6414,FRENCH POLYNESIA,4089534,2023-03-01
6810,MARSHALL ISLANDS,236617,2023-03-01
6820,MICRONESIA,284085,2023-03-01
6830,PALAU,75824,2023-03-01
6862,NAURU,311742,2023-03-01
6863,FIJI,17720133,2023-03-01
6864,TONGA,344922,2023-03-01
6XXX,AUSTRALIA AND OCEANIA,1733815847,2023-03-01
7250,LIBYA,59368962,2023-03-01
7140,MOROCCO,161563948,2023-03-01
7210,ALGERIA,132293389,2023-03-01
7230,TUNISIA,117167256,2023-03-01
7290,EGYPT,164082551,2023-03-01
7321,SUDAN,946880,2023-03-01
7323,SOUTH SUDAN,82,2023-03-01
7380,EQUATORIAL GUINEA,122407472,2023-03-01
7410,MAURITANIA,629864,2023-03-01
7420,CAMEROON,8082487,2023-03-01
7440,SENEGAL,8320988,2023-03-01
7450,MALI,217930,2023-03-01
7460,GUINEA,815922,2023-03-01
7470,SIERRA LEONE,835490,2023-03-01
7480,COTE D'IVOIRE,123475317,2023-03-01
7490,GHANA,135560203,2023-03-01
7500,GAMBIA,538171,2023-03-01
7510,NIGER,7704310,2023-03-01
7520,TOGO,6779433,2023-03-01
7530,NIGERIA,587965689,2023-03-01
7540,CENTRAL AFRICAN REPUBLIC,8007,2023-03-01
7550,GABON,1813895,2023-03-01
7560,CHAD,64010,2023-03-01
7580,ST HELENA,2589280,2023-03-01
7600,BURKINA FASO,58536,2023-03-01
7610,BENIN,587578,2023-03-01
7620,ANGOLA,35318232,2023-03-01
7630,CONGO,1600981,2023-03-01
7642,GUINEA-BISSAU,0,2023-03-01
7643,CABO VERDE,455607,2023-03-01
7644,SAO TOME AND PRINCIPE,354784,2023-03-01
7650,LIBERIA,5926707,2023-03-01
7660,DEMOCRATIC REPUBLIC OF THE CONGO,110879262,2023-03-01
7741,ERITREA,105974,2023-03-01
7670,BURUNDI,267339,2023-03-01
7690,RWANDA,2937192,2023-03-01
7700,SOMALIA,49709,2023-03-01
7749,ETHIOPIA,28861478,2023-03-01
7770,DJIBOUTI,5440792,2023-03-01
7780,UGANDA,13580753,2023-03-01
7790,KENYA,76624477,2023-03-01
7800,SEYCHELLES,948894,2023-03-01
7810,BRITISH INDIAN OCEAN TERRITORIES,15869,2023-03-01
7830,TANZANIA,17874917,2023-03-01
7850,MAURITIUS,20922953,2023-03-01
7870,MOZAMBIQUE,24137554,2023-03-01
7880,MADAGASCAR,71400024,2023-03-01
7881,MAYOTTE,140016,2023-03-01
7890,COMOROS,222951,2023-03-01
7904,REUNION,5709569,2023-03-01
7905,FRENCH SOUTHERN AND ANTARCTIC LANDS,8280,2023-03-01
7910,SOUTH AFRICA,859887078,2023-03-01
7920,NAMIBIA,14433729,2023-03-01
7930,BOTSWANA,43256078,2023-03-01
7940,ZAMBIA,11618719,2023-03-01
7950,ESWATINI,201633,2023-03-01
7960,ZIMBABWE,12850891,2023-03-01
7970,MALAWI,5727751,2023-03-01
7990,LESOTHO,16619816,2023-03-01
7XXX,AFRICA,3032257659,2023-03-01
-,TOTAL FOR ALL COUNTRIES,249869197935,2023-04-01
0003,EUROPEAN UNION,46572759814,2023-04-01
0014,PACIFIC RIM COUNTRIES,75672786847,2023-04-01
0017,CAFTA-DR,2768957578,2023-04-01
0020,USMCA (NAFTA),71801814792,2023-04-01
0021,TWENTY LATIN AMERICAN REPUBLICS,48642232705,2023-04-01
0022,OECD,158202350609,2023-04-01
0023,NATO,79588944215,2023-04-01
0024,LAFTA,45757242767,2023-04-01
0025,EURO AREA,41036252442,2023-04-01
0026,APEC,163287333601,2023-04-01
0027,ASEAN,25281133813,2023-04-01
0028,CACM,2222828858,2023-04-01
1010,GREENLAND,2154694,2023-04-01
1220,CANADA,33927907604,2023-04-01
1610,ST PIERRE AND MIQUELON,121,2023-04-01
1XXX,NORTH AMERICA,71803969607,2023-04-01
2010,MEXICO,37873907188,2023-04-01
2050,GUATEMALA,427618956,2023-04-01
2080,BELIZE,9237977,2023-04-01
2110,EL SALVADOR,202299226,2023-04-01
2150,HONDURAS,453306316,2023-04-01
2190,NICARAGUA,394183867,2023-04-01
2230,COSTA RICA,745420493,2023-04-01
2250,PANAMA,37288974,2023-04-01
2320,BERMUDA,914384,2023-04-01
2360,BAHAMAS,165841691,2023-04-01
2390,CUBA,695000,2023-04-01
2410,JAMAICA,29058832,2023-04-01
2430,TURKS AND CAICOS ISLANDS,1067300,2023-04-01
2440,CAYMAN ISLANDS,1720852,2023-04-01
2450,HAITI,78048386,2023-04-01
2470,DOMINICAN REPUBLIC,546128720,2023-04-01
2481,ANGUILLA,143640,2023-04-01
2482,BRITISH VIRGIN ISLANDS,4853519,2023-04-01
2483,ST KITTS AND NEVIS,3394398,2023-04-01
2484,ANTIGUA AND BARBUDA,303370,2023-04-01
2485,MONTSERRAT,165113,2023-04-01
2486,DOMINICA,132753,2023-04-01
2720,BARBADOS,4657649,2023-04-01
2487,ST LUCIA,658963,2023-04-01
2488,ST VINCENT AND THE GRENADINES,267384,2023-04-01
2489,GRENADA,2036301,2023-04-01
2740,TRINIDAD AND TOBAGO,282434607,2023-04-01
2774,SINT MAARTEN,6146143,2023-04-01
2777,CURACAO,3960870,2023-04-01
2779,ARUBA,901152,2023-04-01
2831,GUADELOUPE,210693,2023-04-01
2839,MARTINIQUE,134436,2023-04-01
2XXX,CENTRAL AMERICA,3403231965,2023-04-01
3010,COLOMBIA,1247365544,2023-04-01
3070,VENEZUELA,296411386,2023-04-01
3120,GUYANA,276956801,2023-04-01
3150,SURINAME,4796684,2023-04-01
3170,FRENCH GUIANA,16250,2023-04-01
3310,ECUADOR,694191953,2023-04-01
3330,PERU,702194652,2023-04-01
3350,BOLIVIA,24777826,2023-04-01
3370,CHILE,1622325854,2023-04-01
3510,BRAZIL,2649677224,2023-04-01
3530,PARAGUAY,21501379,2023-04-01
3550,URUGUAY,80737603,2023-04-01
3570,ARGENTINA,544152158,2023-04-01
3720,FALKLAND ISLANDS (ISLAS MALVINAS),4868597,2023-04-01
3XXX,SOUTH AMERICA,8169973911,2023-04-01
4000,ICELAND,48197492,2023-04-01
4010,SWEDEN,1570224732,2023-04-01
4031,"SVALBARD, JAN MAYEN ISLAND",9887,2023-04-01
4039,NORWAY,520367401,2023-04-01
4120,UNITED KINGDOM,5427897323,2023-04-01
4050,FINLAND,566502363,2023-04-01
4091,FAROE ISLANDS,22586781,2023-04-01
4099,DENMARK,915531031,2023-04-01
4190,IRELAND,6239677191,2023-04-01
4210,NETHERLANDS,2579286856,2023-04-01
4231,BELGIUM,1638659891,2023-04-01
4239,LUXEMBOURG,66579888,2023-04-01
4271,ANDORRA,551485,2023-04-01
4272,MONACO,2703668,2023-04-01
4279,FRANCE,4728941460,2023-04-01
4280,GERMANY,13407822655,2023-04-01
4330,AUSTRIA,1755269149,2023-04-01
4351,CZECH REPUBLIC,606664157,2023-04-01
4359,SLOVAKIA,622525423,2023-04-01
4370,HUNGARY,866129423,2023-04-01
4411,LIECHTENSTEIN,23344137,2023-04-01
4419,SWITZERLAND,5805863374,2023-04-01
4470,ESTONIA,68651420,2023-04-01
4490,LATVIA,53224162,2023-04-01
4510,LITHUANIA,183124443,2023-04-01
4550,POLAND,1089531296,2023-04-01
4621,RUSSIA,217274764,2023-04-01
4622,BELARUS,5098202,2023-04-01
4623,UKRAINE,162318539,2023-04-01
4631,ARMENIA,9412508,2023-04-01
4632,AZERBAIJAN,1103202,2023-04-01
4633,GEORGIA,11118229,2023-04-01
4642,TAJIKISTAN,2486,2023-04-01
4634,KAZAKHSTAN,265219603,2023-04-01
4635,KYRGYZSTAN,553977,2023-04-01
4641,MOLDOVA,10293996,2023-04-01
4643,TURKMENISTAN,29215,2023-04-01
4644,UZBEKISTAN,22291772,2023-04-01
4700,SPAIN,2097971578,2023-04-01
4710,PORTUGAL,499444625,2023-04-01
4720,GIBRALTAR,111495,2023-04-01
4730,MALTA,17182504,2023-04-01
4751,SAN MARINO,754703,2023-04-01
4752,VATICAN CITY,0,2023-04-01
4759,ITALY,6060037382,2023-04-01
4791,CROATIA,49362674,2023-04-01
4792,SLOVENIA,227299564,2023-04-01
4793,BOSNIA AND HERZEGOVINA,12134645,2023-04-01
4794,MACEDONIA,15297500,2023-04-01
4801,SERBIA,60654130,2023-04-01
4803,KOSOVO,6866737,2023-04-01
4804,MONTENEGRO,379494,2023-04-01
4810,ALBANIA,5533999,2023-04-01
4840,GREECE,170353021,2023-04-01
4850,ROMANIA,336810371,2023-04-01
4870,BULGARIA,151616362,2023-04-01
4890,TURKEY,1157642292,2023-04-01
4910,CYPRUS,4336193,2023-04-01
4XXX,EUROPE,60388372850,2023-04-01
5020,SYRIA,554355,2023-04-01
5040,LEBANON,15890344,2023-04-01
5050,IRAQ,751905811,2023-04-01
5070,IRAN,155000,2023-04-01
5110,JORDAN,189093018,2023-04-01
5081,ISRAEL,1453502826,2023-04-01
5082,GAZA STRIP ADMINISTERED BY ISRAEL,0,2023-04-01
5083,WEST BANK ADMINISTERED BY ISRAEL,356835,2023-04-01
5130,KUWAIT,50911403,2023-04-01
5170,SAUDI ARABIA,1383784257,2023-04-01
5180,QATAR,218124322,2023-04-01
5200,UNITED ARAB EMIRATES,555354088,2023-04-01
5210,YEMEN,649598,2023-04-01
5230,OMAN,114617143,2023-04-01
5250,BAHRAIN,100646835,2023-04-01
5310,AFGHANISTAN,1378415,2023-04-01
5330,INDIA,6710992382,2023-04-01
5350,PAKISTAN,361599711,2023-04-01
5360,NEPAL,9864931,2023-04-01
5380,BANGLADESH,646637733,2023-04-01
5420,SRI LANKA,237140360,2023-04-01
5460,BURMA,65933086,2023-04-01
5490,THAILAND,4704189480,2023-04-01
5520,VIETNAM,8573989485,2023-04-01
5530,LAOS,28102517,2023-04-01
5550,CAMBODIA,809280352,2023-04-01
5570,MALAYSIA,3469973780,2023-04-01
5590,SINGAPORE,4234140659,2023-04-01
5600,INDONESIA,2138410949,2023-04-01
5601,TIMOR-LESTE,149284,2023-04-01
5610,BRUNEI,24870149,2023-04-01
5650,PHILIPPINES,1232243356,2023-04-01
5660,MACAU,7242273,2023-04-01
5740,MONGOLIA,2567776,2023-04-01
5682,BHUTAN,144,2023-04-01
5683,MALDIVES,512859,2023-04-01
5700,CHINA,33071357368,2023-04-01
5800,"KOREA, SOUTH",9815939793,2023-04-01
5820,HONG KONG,461762973,2023-04-01
5830,TAIWAN,6442360508,2023-04-01
5880,JAPAN,12851186370,2023-04-01
5XXX,ASIA,100737372528,2023-04-01
6021,AUSTRALIA,1469618159,2023-04-01
6022,NORFOLK ISLAND,3373,2023-04-01
6023,COCOS (KEELING) ISLANDS,66401,2023-04-01
6024,CHRISTMAS ISLAND,25338,2023-04-01
6029,HEARD AND MCDONALD ISLANDS,0,2023-04-01
6040,PAPUA NEW GUINEA,2788682,2023-04-01
6141,NEW ZEALAND,450891828,2023-04-01
6142,COOK ISLANDS,58483,2023-04-01
6143,TOKELAU,17946,2023-04-01
6144,NIUE,318402,2023-04-01
6150,SAMOA,854783,2023-04-01
6223,SOLOMON ISLANDS,15134,2023-04-01
6224,VANUATU,224995,2023-04-01
6225,PITCAIRN ISLANDS,340,2023-04-01
6226,KIRIBATI,0,2023-04-01
6227,TUVALU,53053,2023-04-01
6412,NEW CALEDONIA,2875334,2023-04-01
6413,WALLIS AND FUTUNA,0,2023-04-01
6414,FRENCH POLYNESIA,3354248,2023-04-01
6810,MARSHALL ISLANDS,1084969,2023-04-01
6820,MICRONESIA,78159,2023-04-01
6830,PALAU,38134,2023-04-01
6862,NAURU,3220,2023-04-01
6863,FIJI,19917772,2023-04-01
6864,TONGA,93332,2023-04-01
7230,TUNISIA,59347811,2023-04-01
6XXX,AUSTRALIA AND OCEANIA,1952382085,2023-04-01
7140,MOROCCO,157175429,2023-04-01
7210,ALGERIA,360427568,2023-04-01
7250,LIBYA,137346373,2023-04-01
7290,EGYPT,145096418,2023-04-01
7321,SUDAN,1439407,2023-04-01
7323,SOUTH SUDAN,77500,2023-04-01
7380,EQUATORIAL GUINEA,25663673,2023-04-01
7410,MAURITANIA,581258,2023-04-01
7420,CAMEROON,6382366,2023-04-01
7440,SENEGAL,14300390,2023-04-01
7450,MALI,568391,2023-04-01
7460,GUINEA,1163564,2023-04-01
7470,SIERRA LEONE,1027767,2023-04-01
7480,COTE D'IVOIRE,162327291,2023-04-01
7490,GHANA,204177193,2023-04-01
7500,GAMBIA,54816,2023-04-01
7510,NIGER,6014717,2023-04-01
7520,TOGO,5069845,2023-04-01
7530,NIGERIA,600145232,2023-04-01
7540,CENTRAL AFRICAN REPUBLIC,4791,2023-04-01
7550,GABON,7753708,2023-04-01
7560,CHAD,346,2023-04-01
7580,ST HELENA,671349,2023-04-01
7600,BURKINA FASO,468563,2023-04-01
7610,BENIN,501705,2023-04-01
7620,ANGOLA,145765496,2023-04-01
7630,CONGO,2259571,2023-04-01
7642,GUINEA-BISSAU,423176,2023-04-01
7643,CABO VERDE,245485,2023-04-01
7644,SAO TOME AND PRINCIPE,499039,2023-04-01
7650,LIBERIA,4550463,2023-04-01
7700,SOMALIA,21011,2023-04-01
7660,DEMOCRATIC REPUBLIC OF THE CONGO,49886837,2023-04-01
7670,BURUNDI,1030710,2023-04-01
7690,RWANDA,1093519,2023-04-01
7741,ERITREA,24241,2023-04-01
7749,ETHIOPIA,38417517,2023-04-01
7770,DJIBOUTI,1017001,2023-04-01
7780,UGANDA,13065649,2023-04-01
7790,KENYA,60898395,2023-04-01
7800,SEYCHELLES,654566,2023-04-01
7810,BRITISH INDIAN OCEAN TERRITORIES,433,2023-04-01
7830,TANZANIA,15597754,2023-04-01
7850,MAURITIUS,20946316,2023-04-01
7870,MOZAMBIQUE,15801251,2023-04-01
7880,MADAGASCAR,68380825,2023-04-01
7881,MAYOTTE,174824,2023-04-01
7890,COMOROS,924145,2023-04-01
7904,REUNION,584868,2023-04-01
7905,FRENCH SOUTHERN AND ANTARCTIC LANDS,4008650,2023-04-01
7910,SOUTH AFRICA,979076631,2023-04-01
7920,NAMIBIA,12570535,2023-04-01
7930,BOTSWANA,38990807,2023-04-01
7940,ZAMBIA,2205870,2023-04-01
7950,ESWATINI,578820,2023-04-01
7960,ZIMBABWE,4233287,2023-04-01
7970,MALAWI,2437106,2023-04-01
7990,LESOTHO,29742720,2023-04-01
7XXX,AFRICA,3413894989,2023-04-01
-,TOTAL FOR ALL COUNTRIES,263244778083,2023-05-01
0003,EUROPEAN UNION,48473667607,2023-05-01
0014,PACIFIC RIM COUNTRIES,77157077678,2023-05-01
0017,CAFTA-DR,3285801445,2023-05-01
0020,USMCA (NAFTA),77595530389,2023-05-01
0021,TWENTY LATIN AMERICAN REPUBLICS,52777762286,2023-05-01
0022,OECD,165178021325,2023-05-01
0023,NATO,83782308537,2023-05-01
0024,LAFTA,49345756784,2023-05-01
0025,EURO AREA,42767432912,2023-05-01
0026,APEC,171194372828,2023-05-01
0027,ASEAN,25148441815,2023-05-01
0028,CACM,2594603988,2023-05-01
1010,GREENLAND,868872,2023-05-01
1220,CANADA,36540146893,2023-05-01
1610,ST PIERRE AND MIQUELON,0,2023-05-01
1XXX,NORTH AMERICA,77596399261,2023-05-01
2010,MEXICO,41055383496,2023-05-01
2050,GUATEMALA,451325156,2023-05-01
2080,BELIZE,2343611,2023-05-01
2110,EL SALVADOR,203958701,2023-05-01
2150,HONDURAS,563649156,2023-05-01
2190,NICARAGUA,408824480,2023-05-01
2230,COSTA RICA,966846495,2023-05-01
2250,PANAMA,65272440,2023-05-01
2320,BERMUDA,2560010,2023-05-01
2360,BAHAMAS,172446474,2023-05-01
2390,CUBA,518833,2023-05-01
2410,JAMAICA,32523970,2023-05-01
2430,TURKS AND CAICOS ISLANDS,938483,2023-05-01
2440,CAYMAN ISLANDS,3173339,2023-05-01
2450,HAITI,80412784,2023-05-01
2470,DOMINICAN REPUBLIC,691197457,2023-05-01
2481,ANGUILLA,68124,2023-05-01
2482,BRITISH VIRGIN ISLANDS,505734,2023-05-01
2483,ST KITTS AND NEVIS,2408738,2023-05-01
2484,ANTIGUA AND BARBUDA,571279,2023-05-01
2485,MONTSERRAT,121909,2023-05-01
2486,DOMINICA,482437,2023-05-01
2720,BARBADOS,5798206,2023-05-01
2487,ST LUCIA,763021,2023-05-01
2488,ST VINCENT AND THE GRENADINES,885840,2023-05-01
2489,GRENADA,2092924,2023-05-01
2740,TRINIDAD AND TOBAGO,244541282,2023-05-01
2774,SINT MAARTEN,4937118,2023-05-01
2777,CURACAO,1856689,2023-05-01
2779,ARUBA,1114224,2023-05-01
2831,GUADELOUPE,1023868,2023-05-01
2839,MARTINIQUE,110910,2023-05-01
2XXX,CENTRAL AMERICA,3913273692,2023-05-01
3010,COLOMBIA,1491166762,2023-05-01
3070,VENEZUELA,352722222,2023-05-01
3120,GUYANA,175489551,2023-05-01
3150,SURINAME,5745945,2023-05-01
3170,FRENCH GUIANA,13225,2023-05-01
3310,ECUADOR,846322004,2023-05-01
3330,PERU,649032388,2023-05-01
3350,BOLIVIA,41032011,2023-05-01
3370,CHILE,1338125632,2023-05-01
3510,BRAZIL,3066022752,2023-05-01
3530,PARAGUAY,22183739,2023-05-01
3550,URUGUAY,66360200,2023-05-01
3570,ARGENTINA,417405578,2023-05-01
3720,FALKLAND ISLANDS (ISLAS MALVINAS),759591,2023-05-01
3XXX,SOUTH AMERICA,8472381600,2023-05-01
4000,ICELAND,52863552,2023-05-01
4010,SWEDEN,1626819675,2023-05-01
4031,"SVALBARD, JAN MAYEN ISLAND",1085,2023-05-01
4039,NORWAY,556939203,2023-05-01
4120,UNITED KINGDOM,5533146740,2023-05-01
4050,FINLAND,627303565,2023-05-01
4091,FAROE ISLANDS,24136151,2023-05-01
4099,DENMARK,1076550262,2023-05-01
4190,IRELAND,6859351896,2023-05-01
4210,NETHERLANDS,2453264293,2023-05-01
4231,BELGIUM,1832676104,2023-05-01
4239,LUXEMBOURG,71181039,2023-05-01
4271,ANDORRA,510400,2023-05-01
4272,MONACO,4562948,2023-05-01
4279,FRANCE,5324576612,2023-05-01
4280,GERMANY,13443839698,2023-05-01
4330,AUSTRIA,1802556735,2023-05-01
4351,CZECH REPUBLIC,653191150,2023-05-01
4359,SLOVAKIA,704293881,2023-05-01
4370,HUNGARY,734749858,2023-05-01
4411,LIECHTENSTEIN,23021491,2023-05-01
4419,SWITZERLAND,5791711188,2023-05-01
4470,ESTONIA,57330664,2023-05-01
4490,LATVIA,56181920,2023-05-01
4510,LITHUANIA,211884759,2023-05-01
4550,POLAND,1106589041,2023-05-01
4621,RUSSIA,503996879,2023-05-01
4622,BELARUS,4126517,2023-05-01
4623,UKRAINE,145099062,2023-05-01
4631,ARMENIA,17017792,2023-05-01
4632,AZERBAIJAN,3128228,2023-05-01
4633,GEORGIA,5680697,2023-05-01
4642,TAJIKISTAN,112005,2023-05-01
4634,KAZAKHSTAN,298096062,2023-05-01
4635,KYRGYZSTAN,1473879,2023-05-01
4641,MOLDOVA,9406957,2023-05-01
4643,TURKMENISTAN,165346,2023-05-01
4644,UZBEKISTAN,9281544,2023-05-01
4700,SPAIN,2152332287,2023-05-01
4710,PORTUGAL,511167974,2023-05-01
4720,GIBRALTAR,55317,2023-05-01
4730,MALTA,20436667,2023-05-01
4751,SAN MARINO,1462139,2023-05-01
4752,VATICAN CITY,400,2023-05-01
4759,ITALY,6120714852,2023-05-01
4791,CROATIA,72872459,2023-05-01
4792,SLOVENIA,301049107,2023-05-01
4793,BOSNIA AND HERZEGOVINA,11137522,2023-05-01
4794,MACEDONIA,24440862,2023-05-01
4801,SERBIA,68846431,2023-05-01
4803,KOSOVO,10437559,2023-05-01
4804,MONTENEGRO,511146,2023-05-01
4810,ALBANIA,4849979,2023-05-01
4840,GREECE,140804224,2023-05-01
4850,ROMANIA,361345564,2023-05-01
4870,BULGARIA,146989145,2023-05-01
4890,TURKEY,1384376475,2023-05-01
4910,CYPRUS,3614176,2023-05-01
4XXX,EUROPE,62964263163,2023-05-01
5020,SYRIA,653844,2023-05-01
5040,LEBANON,17669167,2023-05-01
5050,IRAQ,612506094,2023-05-01
5070,IRAN,209750,2023-05-01
5110,JORDAN,234426834,2023-05-01
5081,ISRAEL,2168629953,2023-05-01
5082,GAZA STRIP ADMINISTERED BY ISRAEL,17357,2023-05-01
5083,WEST BANK ADMINISTERED BY ISRAEL,571604,2023-05-01
5130,KUWAIT,133005299,2023-05-01
5170,SAUDI ARABIA,1163264053,2023-05-01
5180,QATAR,126846086,2023-05-01
5200,UNITED ARAB EMIRATES,691195874,2023-05-01
5210,YEMEN,785537,2023-05-01
5230,OMAN,120392440,2023-05-01
5250,BAHRAIN,110341008,2023-05-01
5310,AFGHANISTAN,2301397,2023-05-01
5330,INDIA,7341196445,2023-05-01
5350,PAKISTAN,413490147,2023-05-01
5360,NEPAL,13757655,2023-05-01
5380,BANGLADESH,705670614,2023-05-01
5420,SRI LANKA,229596149,2023-05-01
5460,BURMA,62406569,2023-05-01
5490,THAILAND,4772865554,2023-05-01
5520,VIETNAM,9188051317,2023-05-01
5530,LAOS,26039844,2023-05-01
5550,CAMBODIA,897134118,2023-05-01
5570,MALAYSIA,3753117459,2023-05-01
5590,SINGAPORE,3208169404,2023-05-01
5600,INDONESIA,2247362579,2023-05-01
5601,TIMOR-LESTE,25844,2023-05-01
5610,BRUNEI,8992517,2023-05-01
5650,PHILIPPINES,984302454,2023-05-01
5700,CHINA,35881039803,2023-05-01
5660,MACAU,10307009,2023-05-01
5682,BHUTAN,9383,2023-05-01
5683,MALDIVES,581112,2023-05-01
5740,MONGOLIA,2024836,2023-05-01
5800,"KOREA, SOUTH",9702461169,2023-05-01
5820,HONG KONG,362101110,2023-05-01
5830,TAIWAN,7538551780,2023-05-01
5880,JAPAN,11282259930,2023-05-01
5XXX,ASIA,104014331098,2023-05-01
6021,AUSTRALIA,1655927177,2023-05-01
6022,NORFOLK ISLAND,6228,2023-05-01
6023,COCOS (KEELING) ISLANDS,70700,2023-05-01
6024,CHRISTMAS ISLAND,1163632,2023-05-01
6029,HEARD AND MCDONALD ISLANDS,0,2023-05-01
6040,PAPUA NEW GUINEA,6778287,2023-05-01
6141,NEW ZEALAND,515707000,2023-05-01
6142,COOK ISLANDS,123381,2023-05-01
6143,TOKELAU,31915,2023-05-01
6144,NIUE,261414,2023-05-01
6150,SAMOA,565271,2023-05-01
6223,SOLOMON ISLANDS,44023,2023-05-01
6224,VANUATU,612412,2023-05-01
6225,PITCAIRN ISLANDS,165,2023-05-01
6226,KIRIBATI,0,2023-05-01
6227,TUVALU,52062,2023-05-01
6412,NEW CALEDONIA,8237959,2023-05-01
6413,WALLIS AND FUTUNA,1032,2023-05-01
6414,FRENCH POLYNESIA,3677124,2023-05-01
6810,MARSHALL ISLANDS,1219110,2023-05-01
6820,MICRONESIA,463010,2023-05-01
6830,PALAU,17419,2023-05-01
6862,NAURU,168855,2023-05-01
6863,FIJI,26139298,2023-05-01
7210,ALGERIA,303614344,2023-05-01
6864,TONGA,284873,2023-05-01
6XXX,AUSTRALIA AND OCEANIA,2221552347,2023-05-01
7140,MOROCCO,122150583,2023-05-01
7230,TUNISIA,55575334,2023-05-01
7250,LIBYA,94980231,2023-05-01
7290,EGYPT,254308261,2023-05-01
7321,SUDAN,603358,2023-05-01
7323,SOUTH SUDAN,89604,2023-05-01
7380,EQUATORIAL GUINEA,9593457,2023-05-01
7410,MAURITANIA,364719,2023-05-01
7420,CAMEROON,6407567,2023-05-01
7440,SENEGAL,10871367,2023-05-01
7450,MALI,762752,2023-05-01
7460,GUINEA,1116870,2023-05-01
7470,SIERRA LEONE,928283,2023-05-01
7480,COTE D'IVOIRE,64078227,2023-05-01
7490,GHANA,379217861,2023-05-01
7500,GAMBIA,10152,2023-05-01
7510,NIGER,5141272,2023-05-01
7520,TOGO,12757183,2023-05-01
7530,NIGERIA,426328333,2023-05-01
7540,CENTRAL AFRICAN REPUBLIC,386182,2023-05-01
7550,GABON,2292661,2023-05-01
7560,CHAD,277,2023-05-01
7580,ST HELENA,25009,2023-05-01
7600,BURKINA FASO,243764,2023-05-01
7610,BENIN,652563,2023-05-01
7620,ANGOLA,89199049,2023-05-01
7630,CONGO,1763824,2023-05-01
7642,GUINEA-BISSAU,0,2023-05-01
7643,CABO VERDE,716524,2023-05-01
7644,SAO TOME AND PRINCIPE,137705,2023-05-01
7690,RWANDA,1226332,2023-05-01
7650,LIBERIA,4982779,2023-05-01
7660,DEMOCRATIC REPUBLIC OF THE CONGO,49271246,2023-05-01
7670,BURUNDI,494677,2023-05-01
7700,SOMALIA,693032,2023-05-01
7741,ERITREA,14771,2023-05-01
7749,ETHIOPIA,47596266,2023-05-01
7770,DJIBOUTI,5405773,2023-05-01
7780,UGANDA,10739287,2023-05-01
7790,KENYA,54548950,2023-05-01
7800,SEYCHELLES,750930,2023-05-01
7810,BRITISH INDIAN OCEAN TERRITORIES,11388,2023-05-01
7830,TANZANIA,27847716,2023-05-01
7850,MAURITIUS,24898448,2023-05-01
7870,MOZAMBIQUE,24327948,2023-05-01
7880,MADAGASCAR,93859559,2023-05-01
7881,MAYOTTE,41551,2023-05-01
7890,COMOROS,85521,2023-05-01
7904,REUNION,243141,2023-05-01
7905,FRENCH SOUTHERN AND ANTARCTIC LANDS,3039,2023-05-01
7910,SOUTH AFRICA,1715371263,2023-05-01
7920,NAMIBIA,14851584,2023-05-01
7930,BOTSWANA,54428373,2023-05-01
7940,ZAMBIA,35017487,2023-05-01
7950,ESWATINI,1397096,2023-05-01
7960,ZIMBABWE,25766201,2023-05-01
7970,MALAWI,3479262,2023-05-01
7990,LESOTHO,20905986,2023-05-01
7XXX,AFRICA,4062576922,2023-05-01
-,TOTAL FOR ALL COUNTRIES,257210715579,2023-06-01
0003,EUROPEAN UNION,49390047253,2023-06-01
0014,PACIFIC RIM COUNTRIES,76064381455,2023-06-01
0017,CAFTA-DR,3159766794,2023-06-01
0020,USMCA (NAFTA),75730679690,2023-06-01
0021,TWENTY LATIN AMERICAN REPUBLICS,52383239318,2023-06-01
0022,OECD,163333609620,2023-06-01
0023,NATO,81594710801,2023-06-01
0024,LAFTA,49123587132,2023-06-01
0025,EURO AREA,43469241222,2023-06-01
0026,APEC,168188237717,2023-06-01
0027,ASEAN,25455727900,2023-06-01
0028,CACM,2522692696,2023-06-01
1010,GREENLAND,2431984,2023-06-01
1220,CANADA,34880582776,2023-06-01
1610,ST PIERRE AND MIQUELON,0,2023-06-01
1XXX,NORTH AMERICA,75733111674,2023-06-01
2010,MEXICO,40850096914,2023-06-01
2050,GUATEMALA,449809706,2023-06-01
2080,BELIZE,6695821,2023-06-01
2110,EL SALVADOR,199917486,2023-06-01
2150,HONDURAS,523144329,2023-06-01
2190,NICARAGUA,405916708,2023-06-01
2230,COSTA RICA,943904467,2023-06-01
2250,PANAMA,43759368,2023-06-01
2320,BERMUDA,4551052,2023-06-01
2360,BAHAMAS,170424325,2023-06-01
2390,CUBA,6500,2023-06-01
2410,JAMAICA,27868397,2023-06-01
2430,TURKS AND CAICOS ISLANDS,1846966,2023-06-01
2440,CAYMAN ISLANDS,1963319,2023-06-01
2450,HAITI,56119524,2023-06-01
2470,DOMINICAN REPUBLIC,637074098,2023-06-01
2481,ANGUILLA,86973,2023-06-01
2482,BRITISH VIRGIN ISLANDS,240747,2023-06-01
2483,ST KITTS AND NEVIS,1334712,2023-06-01
2484,ANTIGUA AND BARBUDA,2815964,2023-06-01
2485,MONTSERRAT,63760,2023-06-01
2489,GRENADA,1022614,2023-06-01
2486,DOMINICA,273139,2023-06-01
2487,ST LUCIA,513729,2023-06-01
2488,ST VINCENT AND THE GRENADINES,597555,2023-06-01
2720,BARBADOS,4246006,2023-06-01
2740,TRINIDAD AND TOBAGO,316570611,2023-06-01
2774,SINT MAARTEN,2562652,2023-06-01
2777,CURACAO,2029168,2023-06-01
2779,ARUBA,879133,2023-06-01
2831,GUADELOUPE,1859658,2023-06-01
2839,MARTINIQUE,158147,2023-06-01
2XXX,CENTRAL AMERICA,3808256634,2023-06-01
3010,COLOMBIA,1290749700,2023-06-01
3070,VENEZUELA,253508474,2023-06-01
3120,GUYANA,267590933,2023-06-01
3150,SURINAME,5871653,2023-06-01
3170,FRENCH GUIANA,10,2023-06-01
3310,ECUADOR,554139574,2023-06-01
3330,PERU,535740284,2023-06-01
3350,BOLIVIA,20420543,2023-06-01
3370,CHILE,1485282766,2023-06-01
3510,BRAZIL,3555703047,2023-06-01
3530,PARAGUAY,16840417,2023-06-01
3550,URUGUAY,101339832,2023-06-01
3570,ARGENTINA,459765581,2023-06-01
3720,FALKLAND ISLANDS (ISLAS MALVINAS),8331694,2023-06-01
3XXX,SOUTH AMERICA,8555284508,2023-06-01
4000,ICELAND,48725601,2023-06-01
4010,SWEDEN,1723529594,2023-06-01
4031,"SVALBARD, JAN MAYEN ISLAND",997,2023-06-01
4099,DENMARK,917689726,2023-06-01
4039,NORWAY,512022675,2023-06-01
4050,FINLAND,693365860,2023-06-01
4091,FAROE ISLANDS,17969599,2023-06-01
4120,UNITED KINGDOM,5647222305,2023-06-01
4190,IRELAND,8406006513,2023-06-01
4210,NETHERLANDS,2582655782,2023-06-01
4231,BELGIUM,1876651866,2023-06-01
4239,LUXEMBOURG,44890811,2023-06-01
4271,ANDORRA,314406,2023-06-01
4272,MONACO,5154035,2023-06-01
4279,FRANCE,4903176478,2023-06-01
4280,GERMANY,12719349511,2023-06-01
4330,AUSTRIA,1627476500,2023-06-01
4351,CZECH REPUBLIC,651195710,2023-06-01
4359,SLOVAKIA,819480284,2023-06-01
4370,HUNGARY,1015794951,2023-06-01
4411,LIECHTENSTEIN,19187447,2023-06-01
4419,SWITZERLAND,4141843059,2023-06-01
4470,ESTONIA,63525015,2023-06-01
4490,LATVIA,47675116,2023-06-01
4510,LITHUANIA,185518495,2023-06-01
4550,POLAND,1133173952,2023-06-01
4621,RUSSIA,411529817,2023-06-01
4622,BELARUS,4152080,2023-06-01
4623,UKRAINE,136733919,2023-06-01
4631,ARMENIA,8406305,2023-06-01
4632,AZERBAIJAN,4948277,2023-06-01
4641,MOLDOVA,7291366,2023-06-01
4633,GEORGIA,3363739,2023-06-01
4634,KAZAKHSTAN,103848451,2023-06-01
4635,KYRGYZSTAN,345275,2023-06-01
4642,TAJIKISTAN,6387,2023-06-01
4643,TURKMENISTAN,19181,2023-06-01
4644,UZBEKISTAN,7731534,2023-06-01
4700,SPAIN,2038763891,2023-06-01
4710,PORTUGAL,502871381,2023-06-01
4720,GIBRALTAR,32768,2023-06-01
4730,MALTA,26477104,2023-06-01
4751,SAN MARINO,2289473,2023-06-01
4752,VATICAN CITY,2649,2023-06-01
4759,ITALY,6303498377,2023-06-01
4791,CROATIA,102129198,2023-06-01
4792,SLOVENIA,366403723,2023-06-01
4793,BOSNIA AND HERZEGOVINA,11078903,2023-06-01
4794,MACEDONIA,17242042,2023-06-01
4801,SERBIA,63593767,2023-06-01
4803,KOSOVO,10151914,2023-06-01
4804,MONTENEGRO,1958502,2023-06-01
4810,ALBANIA,6602259,2023-06-01
4840,GREECE,156429396,2023-06-01
4850,ROMANIA,314768846,2023-06-01
4870,BULGARIA,164653252,2023-06-01
4890,TURKEY,1281095427,2023-06-01
4910,CYPRUS,2895921,2023-06-01
4XXX,EUROPE,61864911412,2023-06-01
5020,SYRIA,881812,2023-06-01
5040,LEBANON,15329799,2023-06-01
5082,GAZA STRIP ADMINISTERED BY ISRAEL,173395,2023-06-01
5050,IRAQ,673415272,2023-06-01
5070,IRAN,66761,2023-06-01
5081,ISRAEL,1731180420,2023-06-01
5083,WEST BANK ADMINISTERED BY ISRAEL,169211,2023-06-01
5110,JORDAN,210959509,2023-06-01
5130,KUWAIT,203029149,2023-06-01
5170,SAUDI ARABIA,1343308551,2023-06-01
5180,QATAR,74312949,2023-06-01
5200,UNITED ARAB EMIRATES,470950725,2023-06-01
5210,YEMEN,636733,2023-06-01
5230,OMAN,110436730,2023-06-01
5250,BAHRAIN,109025216,2023-06-01
5310,AFGHANISTAN,1212981,2023-06-01
5330,INDIA,6828372140,2023-06-01
5350,PAKISTAN,411413760,2023-06-01
5360,NEPAL,11254322,2023-06-01
5380,BANGLADESH,581461398,2023-06-01
5420,SRI LANKA,219077588,2023-06-01
5460,BURMA,55778260,2023-06-01
5490,THAILAND,4739781253,2023-06-01
5520,VIETNAM,9235580296,2023-06-01
5530,LAOS,24443640,2023-06-01
5550,CAMBODIA,920810983,2023-06-01
5570,MALAYSIA,3965568615,2023-06-01
5590,SINGAPORE,3506207756,2023-06-01
5600,INDONESIA,1854687014,2023-06-01
5601,TIMOR-LESTE,2652,2023-06-01
5610,BRUNEI,23097030,2023-06-01
5683,MALDIVES,611260,2023-06-01
5650,PHILIPPINES,1129773053,2023-06-01
5660,MACAU,14737844,2023-06-01
5682,BHUTAN,194501,2023-06-01
5700,CHINA,34312779447,2023-06-01
5740,MONGOLIA,3895412,2023-06-01
5800,"KOREA, SOUTH",10499307001,2023-06-01
5820,HONG KONG,287558027,2023-06-01
5830,TAIWAN,6755645094,2023-06-01
5880,JAPAN,11752437735,2023-06-01
5XXX,ASIA,102079565294,2023-06-01
6021,AUSTRALIA,1441118285,2023-06-01
6022,NORFOLK ISLAND,17,2023-06-01
6023,COCOS (KEELING) ISLANDS,12877,2023-06-01
6024,CHRISTMAS ISLAND,2007812,2023-06-01
6029,HEARD AND MCDONALD ISLANDS,4652,2023-06-01
6040,PAPUA NEW GUINEA,4699219,2023-06-01
6141,NEW ZEALAND,516765335,2023-06-01
6142,COOK ISLANDS,70433,2023-06-01
6143,TOKELAU,151052,2023-06-01
6144,NIUE,590512,2023-06-01
6150,SAMOA,1597021,2023-06-01
6223,SOLOMON ISLANDS,40837,2023-06-01
6224,VANUATU,130924,2023-06-01
6225,PITCAIRN ISLANDS,151,2023-06-01
6226,KIRIBATI,1730,2023-06-01
6227,TUVALU,304,2023-06-01
6412,NEW CALEDONIA,349355,2023-06-01
6413,WALLIS AND FUTUNA,0,2023-06-01
6414,FRENCH POLYNESIA,4236167,2023-06-01
6810,MARSHALL ISLANDS,1683099,2023-06-01
6820,MICRONESIA,30960,2023-06-01
6830,PALAU,68606,2023-06-01
6XXX,AUSTRALIA AND OCEANIA,1992950657,2023-06-01
6862,NAURU,67292,2023-06-01
6863,FIJI,19175690,2023-06-01
6864,TONGA,148327,2023-06-01
7140,MOROCCO,129245761,2023-06-01
7210,ALGERIA,238421899,2023-06-01
7230,TUNISIA,74213729,2023-06-01
7250,LIBYA,105491629,2023-06-01
7290,EGYPT,202931829,2023-06-01
7321,SUDAN,91125,2023-06-01
7323,SOUTH SUDAN,8,2023-06-01
7380,EQUATORIAL GUINEA,11339591,2023-06-01
7410,MAURITANIA,403542,2023-06-01
7420,CAMEROON,5603588,2023-06-01
7440,SENEGAL,17361612,2023-06-01
7450,MALI,160771,2023-06-01
7460,GUINEA,428028,2023-06-01
7470,SIERRA LEONE,1717603,2023-06-01
7480,COTE D'IVOIRE,46264257,2023-06-01
7490,GHANA,102441461,2023-06-01
7500,GAMBIA,97276,2023-06-01
7510,NIGER,3017419,2023-06-01
7520,TOGO,4838886,2023-06-01
7530,NIGERIA,443749185,2023-06-01
7540,CENTRAL AFRICAN REPUBLIC,11070,2023-06-01
7550,GABON,3966987,2023-06-01
7560,CHAD,129136,2023-06-01
7580,ST HELENA,2710,2023-06-01
7600,BURKINA FASO,304414,2023-06-01
7610,BENIN,618716,2023-06-01
7620,ANGOLA,122075315,2023-06-01
7630,CONGO,1844883,2023-06-01
7642,GUINEA-BISSAU,861,2023-06-01
7660,DEMOCRATIC REPUBLIC OF THE CONGO,19856157,2023-06-01
7643,CABO VERDE,938172,2023-06-01
7644,SAO TOME AND PRINCIPE,115544,2023-06-01
7650,LIBERIA,6595985,2023-06-01
7670,BURUNDI,131850,2023-06-01
7690,RWANDA,1039840,2023-06-01
7700,SOMALIA,334250,2023-06-01
7741,ERITREA,10339,2023-06-01
7749,ETHIOPIA,46320487,2023-06-01
7770,DJIBOUTI,4370582,2023-06-01
7780,UGANDA,7044889,2023-06-01
7790,KENYA,59060598,2023-06-01
7800,SEYCHELLES,752156,2023-06-01
7810,BRITISH INDIAN OCEAN TERRITORIES,215,2023-06-01
7830,TANZANIA,14495490,2023-06-01
7850,MAURITIUS,20947912,2023-06-01
7870,MOZAMBIQUE,16720247,2023-06-01
7880,MADAGASCAR,50666082,2023-06-01
7881,MAYOTTE,109869,2023-06-01
7890,COMOROS,38470,2023-06-01
7904,REUNION,431524,2023-06-01
7905,FRENCH SOUTHERN AND ANTARCTIC LANDS,5654,2023-06-01
7910,SOUTH AFRICA,1341060670,2023-06-01
7920,NAMIBIA,12207408,2023-06-01
7930,BOTSWANA,21827037,2023-06-01
7940,ZAMBIA,8808787,2023-06-01
7950,ESWATINI,473390,2023-06-01
7960,ZIMBABWE,2786896,2023-06-01
7970,MALAWI,2765178,2023-06-01
7990,LESOTHO,19946431,2023-06-01
7XXX,AFRICA,3176635400,2023-06-01
-,TOTAL FOR ALL COUNTRIES,255332994142,2023-07-01
0003,EUROPEAN UNION,49617981184,2023-07-01
0014,PACIFIC RIM COUNTRIES,78472626706,2023-07-01
0017,CAFTA-DR,2980273860,2023-07-01
0020,USMCA (NAFTA),71755327621,2023-07-01
0021,TWENTY LATIN AMERICAN REPUBLICS,50026081550,2023-07-01
0022,OECD,158325831164,2023-07-01
0023,NATO,80497130838,2023-07-01
0024,LAFTA,46942898317,2023-07-01
0025,EURO AREA,43874085569,2023-07-01
0026,APEC,166932743967,2023-07-01
0027,ASEAN,26491149518,2023-07-01
0028,CACM,2353574046,2023-07-01
1010,GREENLAND,1083087,2023-07-01
1220,CANADA,33038521480,2023-07-01
1610,ST PIERRE AND MIQUELON,0,2023-07-01
1XXX,NORTH AMERICA,71756410708,2023-07-01
2010,MEXICO,38716806141,2023-07-01
2050,GUATEMALA,415259845,2023-07-01
2080,BELIZE,4250477,2023-07-01
2110,EL SALVADOR,228168691,2023-07-01
2150,HONDURAS,457955509,2023-07-01
2190,NICARAGUA,415797247,2023-07-01
2230,COSTA RICA,836392754,2023-07-01
2250,PANAMA,42977613,2023-07-01
2320,BERMUDA,2298444,2023-07-01
2360,BAHAMAS,55449224,2023-07-01
2390,CUBA,103616,2023-07-01
2410,JAMAICA,41587613,2023-07-01
2430,TURKS AND CAICOS ISLANDS,1093314,2023-07-01
2440,CAYMAN ISLANDS,1025665,2023-07-01
2450,HAITI,59828144,2023-07-01
2470,DOMINICAN REPUBLIC,626699814,2023-07-01
2481,ANGUILLA,113624,2023-07-01
2482,BRITISH VIRGIN ISLANDS,45140,2023-07-01
2483,ST KITTS AND NEVIS,1327286,2023-07-01
2484,ANTIGUA AND BARBUDA,316247,2023-07-01
2488,ST VINCENT AND THE GRENADINES,683550,2023-07-01
2485,MONTSERRAT,65906,2023-07-01
2486,DOMINICA,97060,2023-07-01
2487,ST LUCIA,1122623,2023-07-01
2489,GRENADA,1407295,2023-07-01
2720,BARBADOS,3237861,2023-07-01
2740,TRINIDAD AND TOBAGO,229102313,2023-07-01
2774,SINT MAARTEN,3236381,2023-07-01
2777,CURACAO,3731585,2023-07-01
2779,ARUBA,1017095,2023-07-01
2831,GUADELOUPE,380028,2023-07-01
2839,MARTINIQUE,263575,2023-07-01
2XXX,CENTRAL AMERICA,3435035539,2023-07-01
3010,COLOMBIA,1291758653,2023-07-01
3070,VENEZUELA,330049123,2023-07-01
3120,GUYANA,190280519,2023-07-01
3150,SURINAME,6810235,2023-07-01
3170,FRENCH GUIANA,87412,2023-07-01
3310,ECUADOR,813852897,2023-07-01
3330,PERU,558478298,2023-07-01
3350,BOLIVIA,34077767,2023-07-01
3370,CHILE,1232228867,2023-07-01
3510,BRAZIL,3320527484,2023-07-01
3530,PARAGUAY,16767591,2023-07-01
3550,URUGUAY,51941059,2023-07-01
3570,ARGENTINA,576410437,2023-07-01
3720,FALKLAND ISLANDS (ISLAS MALVINAS),302995,2023-07-01
3XXX,SOUTH AMERICA,8423573337,2023-07-01
4000,ICELAND,50835248,2023-07-01
4010,SWEDEN,1407332730,2023-07-01
4091,FAROE ISLANDS,24726541,2023-07-01
4031,"SVALBARD, JAN MAYEN ISLAND",0,2023-07-01
4039,NORWAY,552583643,2023-07-01
4050,FINLAND,584287573,2023-07-01
4099,DENMARK,988264969,2023-07-01
4120,UNITED KINGDOM,5099442164,2023-07-01
4190,IRELAND,7734974140,2023-07-01
4210,NETHERLANDS,2691548220,2023-07-01
4231,BELGIUM,1957116075,2023-07-01
4239,LUXEMBOURG,59767995,2023-07-01
4271,ANDORRA,227385,2023-07-01
4272,MONACO,7516501,2023-07-01
4279,FRANCE,4579000866,2023-07-01
4280,GERMANY,13538087121,2023-07-01
4330,AUSTRIA,1428062094,2023-07-01
4351,CZECH REPUBLIC,621710225,2023-07-01
4359,SLOVAKIA,907741305,2023-07-01
4370,HUNGARY,1140291962,2023-07-01
4411,LIECHTENSTEIN,21133554,2023-07-01
4419,SWITZERLAND,3473323321,2023-07-01
4470,ESTONIA,56662243,2023-07-01
4490,LATVIA,56530593,2023-07-01
4510,LITHUANIA,140243283,2023-07-01
4550,POLAND,1116997233,2023-07-01
4621,RUSSIA,245202413,2023-07-01
4622,BELARUS,3274567,2023-07-01
4623,UKRAINE,122974392,2023-07-01
4631,ARMENIA,7885884,2023-07-01
4635,KYRGYZSTAN,630662,2023-07-01
4632,AZERBAIJAN,5858612,2023-07-01
4633,GEORGIA,3256207,2023-07-01
4634,KAZAKHSTAN,321796876,2023-07-01
4641,MOLDOVA,8814371,2023-07-01
4642,TAJIKISTAN,15810,2023-07-01
4643,TURKMENISTAN,177773,2023-07-01
4644,UZBEKISTAN,14039566,2023-07-01
4700,SPAIN,2163626600,2023-07-01
4710,PORTUGAL,447226336,2023-07-01
4720,GIBRALTAR,256412,2023-07-01
4730,MALTA,16908364,2023-07-01
4751,SAN MARINO,1514105,2023-07-01
4752,VATICAN CITY,32337,2023-07-01
4759,ITALY,6882316838,2023-07-01
4791,CROATIA,72882060,2023-07-01
4792,SLOVENIA,334444160,2023-07-01
4793,BOSNIA AND HERZEGOVINA,15602938,2023-07-01
4794,MACEDONIA,20448616,2023-07-01
4801,SERBIA,62721279,2023-07-01
4803,KOSOVO,7010793,2023-07-01
4804,MONTENEGRO,3816940,2023-07-01
4810,ALBANIA,6891201,2023-07-01
4840,GREECE,218962475,2023-07-01
4850,ROMANIA,352109785,2023-07-01
4870,BULGARIA,117188711,2023-07-01
4890,TURKEY,1394291005,2023-07-01
4910,CYPRUS,3697228,2023-07-01
4XXX,EUROPE,61094282300,2023-07-01
5020,SYRIA,1066839,2023-07-01
5081,ISRAEL,1821316892,2023-07-01
5040,LEBANON,14887266,2023-07-01
5050,IRAQ,648859293,2023-07-01
5070,IRAN,25827,2023-07-01
5082,GAZA STRIP ADMINISTERED BY ISRAEL,0,2023-07-01
5083,WEST BANK ADMINISTERED BY ISRAEL,312826,2023-07-01
5110,JORDAN,260674298,2023-07-01
5130,KUWAIT,153621397,2023-07-01
5170,SAUDI ARABIA,1517060438,2023-07-01
5180,QATAR,101778845,2023-07-01
5200,UNITED ARAB EMIRATES,407800039,2023-07-01
5210,YEMEN,497183,2023-07-01
5230,OMAN,149435957,2023-07-01
5250,BAHRAIN,108479814,2023-07-01
5310,AFGHANISTAN,679631,2023-07-01
5330,INDIA,6408304858,2023-07-01
5350,PAKISTAN,414566377,2023-07-01
5360,NEPAL,11531844,2023-07-01
5380,BANGLADESH,843681156,2023-07-01
5420,SRI LANKA,247294135,2023-07-01
5460,BURMA,69336172,2023-07-01
5490,THAILAND,4629418425,2023-07-01
5520,VIETNAM,10050538106,2023-07-01
5530,LAOS,28287358,2023-07-01
5550,CAMBODIA,1150987139,2023-07-01
5570,MALAYSIA,3853852124,2023-07-01
5590,SINGAPORE,3323761327,2023-07-01
5600,INDONESIA,2258147407,2023-07-01
5601,TIMOR-LESTE,55982,2023-07-01
5682,BHUTAN,177534,2023-07-01
5610,BRUNEI,8765381,2023-07-01
5650,PHILIPPINES,1118056079,2023-07-01
5660,MACAU,11076469,2023-07-01
5683,MALDIVES,393070,2023-07-01
5700,CHINA,36108078368,2023-07-01
5740,MONGOLIA,1523320,2023-07-01
5800,"KOREA, SOUTH",9514608838,2023-07-01
5820,HONG KONG,334568340,2023-07-01
5830,TAIWAN,7361428095,2023-07-01
5880,JAPAN,12607923776,2023-07-01
5XXX,ASIA,105542858225,2023-07-01
6021,AUSTRALIA,1430381998,2023-07-01
6022,NORFOLK ISLAND,0,2023-07-01
6023,COCOS (KEELING) ISLANDS,75010,2023-07-01
6024,CHRISTMAS ISLAND,5854,2023-07-01
6029,HEARD AND MCDONALD ISLANDS,1533,2023-07-01
6040,PAPUA NEW GUINEA,6831873,2023-07-01
6141,NEW ZEALAND,535146631,2023-07-01
6142,COOK ISLANDS,87946,2023-07-01
6143,TOKELAU,34500,2023-07-01
6144,NIUE,121074,2023-07-01
6150,SAMOA,345406,2023-07-01
6223,SOLOMON ISLANDS,238931,2023-07-01
6224,VANUATU,430241,2023-07-01
6225,PITCAIRN ISLANDS,124,2023-07-01
6226,KIRIBATI,13994,2023-07-01
6227,TUVALU,70225,2023-07-01
6412,NEW CALEDONIA,427351,2023-07-01
6413,WALLIS AND FUTUNA,0,2023-07-01
6414,FRENCH POLYNESIA,2731245,2023-07-01
6810,MARSHALL ISLANDS,1760105,2023-07-01
6820,MICRONESIA,251014,2023-07-01
6864,TONGA,174246,2023-07-01
6830,PALAU,33973,2023-07-01
6862,NAURU,90032,2023-07-01
6863,FIJI,23606337,2023-07-01
6XXX,AUSTRALIA AND OCEANIA,2002859643,2023-07-01
7140,MOROCCO,110848855,2023-07-01
7210,ALGERIA,296252339,2023-07-01
7230,TUNISIA,94322481,2023-07-01
7250,LIBYA,53201909,2023-07-01
7290,EGYPT,224022618,2023-07-01
7321,SUDAN,30035,2023-07-01
7323,SOUTH SUDAN,17334,2023-07-01
7380,EQUATORIAL GUINEA,6552087,2023-07-01
7410,MAURITANIA,1119662,2023-07-01
7420,CAMEROON,6511546,2023-07-01
7440,SENEGAL,18734369,2023-07-01
7450,MALI,921602,2023-07-01
7460,GUINEA,771221,2023-07-01
7470,SIERRA LEONE,3467533,2023-07-01
7480,COTE D'IVOIRE,41290200,2023-07-01
7490,GHANA,27241076,2023-07-01
7500,GAMBIA,38245,2023-07-01
7510,NIGER,3423145,2023-07-01
7520,TOGO,4494789,2023-07-01
7530,NIGERIA,536139076,2023-07-01
7540,CENTRAL AFRICAN REPUBLIC,140818,2023-07-01
7550,GABON,13132313,2023-07-01
7560,CHAD,406517,2023-07-01
7580,ST HELENA,674840,2023-07-01
7600,BURKINA FASO,298757,2023-07-01
7610,BENIN,114172,2023-07-01
7620,ANGOLA,143283767,2023-07-01
7644,SAO TOME AND PRINCIPE,70880,2023-07-01
7630,CONGO,2149875,2023-07-01
7642,GUINEA-BISSAU,91757,2023-07-01
7643,CABO VERDE,452158,2023-07-01
7650,LIBERIA,4574998,2023-07-01
7660,DEMOCRATIC REPUBLIC OF THE CONGO,5513129,2023-07-01
7670,BURUNDI,116974,2023-07-01
7690,RWANDA,1344485,2023-07-01
7700,SOMALIA,39160,2023-07-01
7741,ERITREA,6868,2023-07-01
7749,ETHIOPIA,60817240,2023-07-01
7770,DJIBOUTI,3334571,2023-07-01
7780,UGANDA,11942118,2023-07-01
7790,KENYA,59880046,2023-07-01
7800,SEYCHELLES,603826,2023-07-01
7810,BRITISH INDIAN OCEAN TERRITORIES,14745,2023-07-01
7830,TANZANIA,14651582,2023-07-01
7850,MAURITIUS,19881182,2023-07-01
7870,MOZAMBIQUE,32433679,2023-07-01
7880,MADAGASCAR,61462865,2023-07-01
7881,MAYOTTE,182638,2023-07-01
7890,COMOROS,949091,2023-07-01
7904,REUNION,486644,2023-07-01
7905,FRENCH SOUTHERN AND ANTARCTIC LANDS,994,2023-07-01
7910,SOUTH AFRICA,1135507303,2023-07-01
7920,NAMIBIA,5116383,2023-07-01
7930,BOTSWANA,30357775,2023-07-01
7940,ZAMBIA,19399667,2023-07-01
7950,ESWATINI,143121,2023-07-01
7960,ZIMBABWE,1694985,2023-07-01
7970,MALAWI,3550866,2023-07-01
7990,LESOTHO,13751479,2023-07-01
7XXX,AFRICA,3077974390,2023-07-01
-,TOTAL FOR ALL COUNTRIES,265555488576,2023-08-01
0003,EUROPEAN UNION,49998956580,2023-08-01
0014,PACIFIC RIM COUNTRIES,81011761270,2023-08-01
0017,CAFTA-DR,2918178632,2023-08-01
0020,USMCA (NAFTA),77718457718,2023-08-01
0021,TWENTY LATIN AMERICAN REPUBLICS,52921897676,2023-08-01
0022,OECD,164341618758,2023-08-01
0023,NATO,84548143091,2023-08-01
0024,LAFTA,49869981644,2023-08-01
0025,EURO AREA,44775625130,2023-08-01
0026,APEC,175697557723,2023-08-01
0027,ASEAN,28118346901,2023-08-01
0028,CACM,2349726951,2023-08-01
1010,GREENLAND,2373907,2023-08-01
1220,CANADA,36243063174,2023-08-01
1610,ST PIERRE AND MIQUELON,32031,2023-08-01
1XXX,NORTH AMERICA,77720863656,2023-08-01
2010,MEXICO,41475394544,2023-08-01
2050,GUATEMALA,400617808,2023-08-01
2080,BELIZE,9937764,2023-08-01
2110,EL SALVADOR,217528927,2023-08-01
2150,HONDURAS,500706520,2023-08-01
2190,NICARAGUA,391275608,2023-08-01
2230,COSTA RICA,839598088,2023-08-01
2250,PANAMA,44819805,2023-08-01
2320,BERMUDA,1318482,2023-08-01
2360,BAHAMAS,59062212,2023-08-01
2390,CUBA,620917,2023-08-01
2410,JAMAICA,27757680,2023-08-01
2430,TURKS AND CAICOS ISLANDS,754262,2023-08-01
2440,CAYMAN ISLANDS,1651178,2023-08-01
2450,HAITI,88296678,2023-08-01
2470,DOMINICAN REPUBLIC,568451681,2023-08-01
2481,ANGUILLA,96945,2023-08-01
2482,BRITISH VIRGIN ISLANDS,1775017,2023-08-01
2483,ST KITTS AND NEVIS,1124646,2023-08-01
2484,ANTIGUA AND BARBUDA,294961,2023-08-01
2488,ST VINCENT AND THE GRENADINES,247683,2023-08-01
2485,MONTSERRAT,361800,2023-08-01
2486,DOMINICA,162777,2023-08-01
2487,ST LUCIA,1501103,2023-08-01
2489,GRENADA,1926198,2023-08-01
2720,BARBADOS,2148651,2023-08-01
2740,TRINIDAD AND TOBAGO,268475228,2023-08-01
2774,SINT MAARTEN,1703900,2023-08-01
2777,CURACAO,3144326,2023-08-01
2779,ARUBA,2006735,2023-08-01
2831,GUADELOUPE,967316,2023-08-01
2839,MARTINIQUE,4948618,2023-08-01
2XXX,CENTRAL AMERICA,3443283514,2023-08-01
3010,COLOMBIA,1446684606,2023-08-01
3070,VENEZUELA,348737170,2023-08-01
3120,GUYANA,296284821,2023-08-01
3150,SURINAME,8164230,2023-08-01
3170,FRENCH GUIANA,79105,2023-08-01
3310,ECUADOR,941258975,2023-08-01
3330,PERU,688336701,2023-08-01
3350,BOLIVIA,46726979,2023-08-01
3370,CHILE,1124831733,2023-08-01
3510,BRAZIL,3166210194,2023-08-01
3530,PARAGUAY,20868835,2023-08-01
3550,URUGUAY,89167921,2023-08-01
3570,ARGENTINA,521763986,2023-08-01
3720,FALKLAND ISLANDS (ISLAS MALVINAS),2960093,2023-08-01
3XXX,SOUTH AMERICA,8702075349,2023-08-01
4000,ICELAND,56651765,2023-08-01
4010,SWEDEN,1139685882,2023-08-01
4091,FAROE ISLANDS,28043476,2023-08-01
4031,"SVALBARD, JAN MAYEN ISLAND",0,2023-08-01
4039,NORWAY,539797834,2023-08-01
4050,FINLAND,646195632,2023-08-01
4099,DENMARK,1094011866,2023-08-01
4120,UNITED KINGDOM,5209425450,2023-08-01
4190,IRELAND,7138415347,2023-08-01
4210,NETHERLANDS,3565812346,2023-08-01
4231,BELGIUM,1763455793,2023-08-01
4239,LUXEMBOURG,73503367,2023-08-01
4271,ANDORRA,70889,2023-08-01
4272,MONACO,6364825,2023-08-01
4279,FRANCE,5317040472,2023-08-01
4280,GERMANY,13876878539,2023-08-01
4330,AUSTRIA,1545829270,2023-08-01
4351,CZECH REPUBLIC,603824486,2023-08-01
4359,SLOVAKIA,793586198,2023-08-01
4370,HUNGARY,760976261,2023-08-01
4411,LIECHTENSTEIN,23479753,2023-08-01
4419,SWITZERLAND,3886938846,2023-08-01
4470,ESTONIA,61797356,2023-08-01
4490,LATVIA,51547549,2023-08-01
4510,LITHUANIA,292550080,2023-08-01
4550,POLAND,1138365459,2023-08-01
4621,RUSSIA,297682548,2023-08-01
4622,BELARUS,2306265,2023-08-01
4623,UKRAINE,68967449,2023-08-01
4631,ARMENIA,17460934,2023-08-01
4635,KYRGYZSTAN,327203,2023-08-01
4632,AZERBAIJAN,4462006,2023-08-01
4633,GEORGIA,26400374,2023-08-01
4634,KAZAKHSTAN,88129630,2023-08-01
4641,MOLDOVA,6669519,2023-08-01
4642,TAJIKISTAN,9988,2023-08-01
4643,TURKMENISTAN,173029,2023-08-01
4644,UZBEKISTAN,1648583,2023-08-01
4700,SPAIN,1941372449,2023-08-01
4710,PORTUGAL,560057006,2023-08-01
4720,GIBRALTAR,43000,2023-08-01
4730,MALTA,16728893,2023-08-01
4751,SAN MARINO,1454776,2023-08-01
4752,VATICAN CITY,10105,2023-08-01
4759,ITALY,6586380585,2023-08-01
4791,CROATIA,60211024,2023-08-01
4792,SLOVENIA,292885703,2023-08-01
4793,BOSNIA AND HERZEGOVINA,12665838,2023-08-01
4794,MACEDONIA,29770270,2023-08-01
4801,SERBIA,59840381,2023-08-01
4803,KOSOVO,4355611,2023-08-01
4804,MONTENEGRO,653301,2023-08-01
4810,ALBANIA,7319492,2023-08-01
4840,GREECE,180698079,2023-08-01
4850,ROMANIA,356310145,2023-08-01
4870,BULGARIA,130157351,2023-08-01
4890,TURKEY,1272112264,2023-08-01
4910,CYPRUS,10679442,2023-08-01
4XXX,EUROPE,61652191984,2023-08-01
5020,SYRIA,538316,2023-08-01
5081,ISRAEL,1685413659,2023-08-01
5040,LEBANON,19607895,2023-08-01
5050,IRAQ,738037998,2023-08-01
5070,IRAN,5962,2023-08-01
5082,GAZA STRIP ADMINISTERED BY ISRAEL,0,2023-08-01
5083,WEST BANK ADMINISTERED BY ISRAEL,176819,2023-08-01
5110,JORDAN,289167515,2023-08-01
5130,KUWAIT,163331045,2023-08-01
5170,SAUDI ARABIA,1375163285,2023-08-01
5180,QATAR,72436423,2023-08-01
5200,UNITED ARAB EMIRATES,496280407,2023-08-01
5210,YEMEN,367248,2023-08-01
5230,OMAN,151517013,2023-08-01
5250,BAHRAIN,90873689,2023-08-01
5310,AFGHANISTAN,2301989,2023-08-01
5330,INDIA,6750363411,2023-08-01
5350,PAKISTAN,429977362,2023-08-01
5360,NEPAL,15202137,2023-08-01
5380,BANGLADESH,700860471,2023-08-01
5420,SRI LANKA,251296075,2023-08-01
5460,BURMA,86959012,2023-08-01
5490,THAILAND,4683674774,2023-08-01
5520,VIETNAM,10189602347,2023-08-01
5530,LAOS,23081875,2023-08-01
5550,CAMBODIA,1400441934,2023-08-01
5570,MALAYSIA,3586873758,2023-08-01
5590,SINGAPORE,4751342768,2023-08-01
5600,INDONESIA,2298703004,2023-08-01
5660,MACAU,16789368,2023-08-01
5601,TIMOR-LESTE,151085,2023-08-01
5610,BRUNEI,10029880,2023-08-01
5650,PHILIPPINES,1087637549,2023-08-01
5682,BHUTAN,17316,2023-08-01
5683,MALDIVES,570880,2023-08-01
5700,CHINA,36828481231,2023-08-01
5740,MONGOLIA,2073124,2023-08-01
5800,"KOREA, SOUTH",9821564040,2023-08-01
5820,HONG KONG,341376614,2023-08-01
5830,TAIWAN,8317125063,2023-08-01
5880,JAPAN,12188483085,2023-08-01
5XXX,ASIA,108867897426,2023-08-01
6021,AUSTRALIA,1278374762,2023-08-01
6022,NORFOLK ISLAND,67286,2023-08-01
6023,COCOS (KEELING) ISLANDS,152383,2023-08-01
6024,CHRISTMAS ISLAND,17295,2023-08-01
6029,HEARD AND MCDONALD ISLANDS,0,2023-08-01
6040,PAPUA NEW GUINEA,6184642,2023-08-01
6141,NEW ZEALAND,478795506,2023-08-01
6142,COOK ISLANDS,4380,2023-08-01
6143,TOKELAU,7683,2023-08-01
6144,NIUE,540948,2023-08-01
6150,SAMOA,85214,2023-08-01
6223,SOLOMON ISLANDS,307791,2023-08-01
6224,VANUATU,2091765,2023-08-01
6225,PITCAIRN ISLANDS,732,2023-08-01
6226,KIRIBATI,7837,2023-08-01
6227,TUVALU,51797,2023-08-01
6412,NEW CALEDONIA,733856,2023-08-01
6413,WALLIS AND FUTUNA,0,2023-08-01
6414,FRENCH POLYNESIA,5691309,2023-08-01
6810,MARSHALL ISLANDS,2512364,2023-08-01
6863,FIJI,19038195,2023-08-01
6820,MICRONESIA,100047,2023-08-01
6830,PALAU,29382,2023-08-01
6862,NAURU,10078,2023-08-01
6864,TONGA,112405,2023-08-01
6XXX,AUSTRALIA AND OCEANIA,1794917657,2023-08-01
7140,MOROCCO,143350174,2023-08-01
7210,ALGERIA,307499258,2023-08-01
7230,TUNISIA,70748675,2023-08-01
7250,LIBYA,163704407,2023-08-01
7290,EGYPT,211009947,2023-08-01
7321,SUDAN,217851,2023-08-01
7323,SOUTH SUDAN,29839,2023-08-01
7380,EQUATORIAL GUINEA,10528144,2023-08-01
7410,MAURITANIA,591636,2023-08-01
7420,CAMEROON,8616761,2023-08-01
7440,SENEGAL,9560328,2023-08-01
7450,MALI,91169,2023-08-01
7460,GUINEA,835940,2023-08-01
7470,SIERRA LEONE,873988,2023-08-01
7480,COTE D'IVOIRE,35329564,2023-08-01
7490,GHANA,238052708,2023-08-01
7500,GAMBIA,653945,2023-08-01
7510,NIGER,207746,2023-08-01
7520,TOGO,6442752,2023-08-01
7530,NIGERIA,416520387,2023-08-01
7540,CENTRAL AFRICAN REPUBLIC,584035,2023-08-01
7550,GABON,5845085,2023-08-01
7560,CHAD,912689,2023-08-01
7580,ST HELENA,691139,2023-08-01
7600,BURKINA FASO,448946,2023-08-01
7610,BENIN,1132154,2023-08-01
7643,CABO VERDE,865078,2023-08-01
7620,ANGOLA,142333527,2023-08-01
7630,CONGO,2233518,2023-08-01
7642,GUINEA-BISSAU,5908,2023-08-01
7644,SAO TOME AND PRINCIPE,52544,2023-08-01
7650,LIBERIA,6320498,2023-08-01
7660,DEMOCRATIC REPUBLIC OF THE CONGO,2973012,2023-08-01
7670,BURUNDI,6155,2023-08-01
7690,RWANDA,2221632,2023-08-01
7700,SOMALIA,23275,2023-08-01
7741,ERITREA,2470,2023-08-01
7749,ETHIOPIA,47594619,2023-08-01
7770,DJIBOUTI,6585480,2023-08-01
7780,UGANDA,6850478,2023-08-01
7790,KENYA,55662815,2023-08-01
7800,SEYCHELLES,1534053,2023-08-01
7810,BRITISH INDIAN OCEAN TERRITORIES,3633,2023-08-01
7830,TANZANIA,10035717,2023-08-01
7850,MAURITIUS,29040481,2023-08-01
7870,MOZAMBIQUE,7746738,2023-08-01
7880,MADAGASCAR,45451813,2023-08-01
7881,MAYOTTE,90186,2023-08-01
7890,COMOROS,67907,2023-08-01
7904,REUNION,1241867,2023-08-01
7905,FRENCH SOUTHERN AND ANTARCTIC LANDS,17,2023-08-01
7910,SOUTH AFRICA,1275906125,2023-08-01
7920,NAMIBIA,12922837,2023-08-01
7930,BOTSWANA,50213520,2023-08-01
7940,ZAMBIA,6085852,2023-08-01
7950,ESWATINI,533088,2023-08-01
7960,ZIMBABWE,2444233,2023-08-01
7970,MALAWI,2100943,2023-08-01
7990,LESOTHO,20629704,2023-08-01
7XXX,AFRICA,3374258990,2023-08-01
-,TOTAL FOR ALL COUNTRIES,260862544466,2023-09-01
0003,EUROPEAN UNION,44469061894,2023-09-01
0014,PACIFIC RIM COUNTRIES,83850501955,2023-09-01
0017,CAFTA-DR,2860291227,2023-09-01
0020,USMCA (NAFTA),74184070635,2023-09-01
0021,TWENTY LATIN AMERICAN REPUBLICS,51269730393,2023-09-01
0022,OECD,156310186843,2023-09-01
0023,NATO,77570110677,2023-09-01
0024,LAFTA,48296556698,2023-09-01
0025,EURO AREA,39395682827,2023-09-01
0026,APEC,175501342985,2023-09-01
0027,ASEAN,27239569499,2023-09-01
0028,CACM,2282783853,2023-09-01
1010,GREENLAND,1320357,2023-09-01
1220,CANADA,34898936127,2023-09-01
1610,ST PIERRE AND MIQUELON,0,2023-09-01
1XXX,NORTH AMERICA,74185390992,2023-09-01
2010,MEXICO,39285134508,2023-09-01
2050,GUATEMALA,375390791,2023-09-01
2080,BELIZE,7121579,2023-09-01
2110,EL SALVADOR,198468595,2023-09-01
2150,HONDURAS,442506049,2023-09-01
2190,NICARAGUA,368220139,2023-09-01
2230,COSTA RICA,898198279,2023-09-01
2250,PANAMA,48517590,2023-09-01
2320,BERMUDA,3884124,2023-09-01
2360,BAHAMAS,88900794,2023-09-01
2390,CUBA,675000,2023-09-01
2410,JAMAICA,32364695,2023-09-01
2430,TURKS AND CAICOS ISLANDS,1650941,2023-09-01
2440,CAYMAN ISLANDS,4270109,2023-09-01
2450,HAITI,63689878,2023-09-01
2470,DOMINICAN REPUBLIC,577507374,2023-09-01
2481,ANGUILLA,80598,2023-09-01
2482,BRITISH VIRGIN ISLANDS,4610820,2023-09-01
2483,ST KITTS AND NEVIS,1846964,2023-09-01
2484,ANTIGUA AND BARBUDA,583180,2023-09-01
2488,ST VINCENT AND THE GRENADINES,282460,2023-09-01
2485,MONTSERRAT,57851,2023-09-01
2486,DOMINICA,73321,2023-09-01
2487,ST LUCIA,526250,2023-09-01
2489,GRENADA,965309,2023-09-01
2720,BARBADOS,4870197,2023-09-01
2740,TRINIDAD AND TOBAGO,242959628,2023-09-01
2774,SINT MAARTEN,3262582,2023-09-01
2777,CURACAO,3134408,2023-09-01
2779,ARUBA,280043,2023-09-01
2831,GUADELOUPE,4185809,2023-09-01
2839,MARTINIQUE,160277,2023-09-01
2XXX,CENTRAL AMERICA,3379245634,2023-09-01
3010,COLOMBIA,1389573994,2023-09-01
3070,VENEZUELA,365907604,2023-09-01
3120,GUYANA,264154211,2023-09-01
3150,SURINAME,7497546,2023-09-01
3170,FRENCH GUIANA,412,2023-09-01
3310,ECUADOR,631308270,2023-09-01
3330,PERU,665974292,2023-09-01
3350,BOLIVIA,37470682,2023-09-01
3370,CHILE,1237792775,2023-09-01
3510,BRAZIL,3944020729,2023-09-01
3530,PARAGUAY,17181921,2023-09-01
3550,URUGUAY,74694226,2023-09-01
3570,ARGENTINA,647497697,2023-09-01
3720,FALKLAND ISLANDS (ISLAS MALVINAS),1389309,2023-09-01
3XXX,SOUTH AMERICA,9284463668,2023-09-01
4000,ICELAND,62306111,2023-09-01
4010,SWEDEN,1558030427,2023-09-01
4091,FAROE ISLANDS,24079136,2023-09-01
4031,"SVALBARD, JAN MAYEN ISLAND",74712,2023-09-01
4039,NORWAY,470473424,2023-09-01
4050,FINLAND,608012324,2023-09-01
4099,DENMARK,771364574,2023-09-01
4120,UNITED KINGDOM,5086736310,2023-09-01
4190,IRELAND,7331009774,2023-09-01
4210,NETHERLANDS,3045592871,2023-09-01
4231,BELGIUM,1669285643,2023-09-01
4239,LUXEMBOURG,36320605,2023-09-01
4271,ANDORRA,264183,2023-09-01
4272,MONACO,8869088,2023-09-01
4279,FRANCE,4093680218,2023-09-01
4280,GERMANY,12507528586,2023-09-01
4330,AUSTRIA,1311129682,2023-09-01
4351,CZECH REPUBLIC,582677662,2023-09-01
4359,SLOVAKIA,664488099,2023-09-01
4370,HUNGARY,756789309,2023-09-01
4411,LIECHTENSTEIN,22802783,2023-09-01
4419,SWITZERLAND,4005448276,2023-09-01
4470,ESTONIA,74116138,2023-09-01
4490,LATVIA,47090252,2023-09-01
4510,LITHUANIA,147140697,2023-09-01
4550,POLAND,974557614,2023-09-01
4621,RUSSIA,252229987,2023-09-01
4622,BELARUS,2083045,2023-09-01
4623,UKRAINE,66285755,2023-09-01
4631,ARMENIA,7202359,2023-09-01
4635,KYRGYZSTAN,1361667,2023-09-01
4632,AZERBAIJAN,22524108,2023-09-01
4633,GEORGIA,3187066,2023-09-01
4634,KAZAKHSTAN,215570009,2023-09-01
4641,MOLDOVA,6686622,2023-09-01
4642,TAJIKISTAN,30845,2023-09-01
4643,TURKMENISTAN,31598,2023-09-01
4644,UZBEKISTAN,3194150,2023-09-01
4700,SPAIN,1646731839,2023-09-01
4710,PORTUGAL,549075855,2023-09-01
4720,GIBRALTAR,18949,2023-09-01
4730,MALTA,13057460,2023-09-01
4751,SAN MARINO,722160,2023-09-01
4752,VATICAN CITY,349,2023-09-01
4759,ITALY,5086408690,2023-09-01
4791,CROATIA,61995205,2023-09-01
4792,SLOVENIA,346567260,2023-09-01
4793,BOSNIA AND HERZEGOVINA,8142551,2023-09-01
4794,MACEDONIA,20581462,2023-09-01
4801,SERBIA,60627494,2023-09-01
4803,KOSOVO,5237978,2023-09-01
4804,MONTENEGRO,2810752,2023-09-01
4810,ALBANIA,5096311,2023-09-01
4840,GREECE,148853100,2023-09-01
4850,ROMANIA,316877060,2023-09-01
4870,BULGARIA,113082421,2023-09-01
4890,TURKEY,1307387461,2023-09-01
4910,CYPRUS,7598529,2023-09-01
4XXX,EUROPE,56141128595,2023-09-01
5020,SYRIA,1073970,2023-09-01
5081,ISRAEL,1642559908,2023-09-01
5040,LEBANON,14075342,2023-09-01
5050,IRAQ,721903208,2023-09-01
5070,IRAN,895021,2023-09-01
5082,GAZA STRIP ADMINISTERED BY ISRAEL,0,2023-09-01
5083,WEST BANK ADMINISTERED BY ISRAEL,279219,2023-09-01
5110,JORDAN,299440509,2023-09-01
5130,KUWAIT,136663970,2023-09-01
5170,SAUDI ARABIA,1469508549,2023-09-01
5180,QATAR,184048495,2023-09-01
5200,UNITED ARAB EMIRATES,567467088,2023-09-01
5210,YEMEN,257474,2023-09-01
5230,OMAN,150590637,2023-09-01
5250,BAHRAIN,110832919,2023-09-01
5310,AFGHANISTAN,1356716,2023-09-01
5330,INDIA,7350687004,2023-09-01
5350,PAKISTAN,410336425,2023-09-01
5360,NEPAL,15086894,2023-09-01
5380,BANGLADESH,672565893,2023-09-01
5420,SRI LANKA,233469282,2023-09-01
5460,BURMA,81317054,2023-09-01
5490,THAILAND,4661592910,2023-09-01
5520,VIETNAM,10665005173,2023-09-01
5530,LAOS,29107351,2023-09-01
5550,CAMBODIA,1199324102,2023-09-01
5570,MALAYSIA,3829313746,2023-09-01
5590,SINGAPORE,3244158318,2023-09-01
5600,INDONESIA,2350859364,2023-09-01
5660,MACAU,15824742,2023-09-01
5601,TIMOR-LESTE,458680,2023-09-01
5610,BRUNEI,53484032,2023-09-01
5650,PHILIPPINES,1125407449,2023-09-01
5682,BHUTAN,416016,2023-09-01
5683,MALDIVES,597231,2023-09-01
5700,CHINA,40247941237,2023-09-01
5740,MONGOLIA,2431662,2023-09-01
5800,"KOREA, SOUTH",10118840488,2023-09-01
5820,HONG KONG,418495389,2023-09-01
5830,TAIWAN,8004996225,2023-09-01
5880,JAPAN,12728722543,2023-09-01
5XXX,ASIA,112761392235,2023-09-01
6021,AUSTRALIA,1227732886,2023-09-01
6022,NORFOLK ISLAND,2651,2023-09-01
6023,COCOS (KEELING) ISLANDS,12627,2023-09-01
6024,CHRISTMAS ISLAND,32824,2023-09-01
6029,HEARD AND MCDONALD ISLANDS,0,2023-09-01
6040,PAPUA NEW GUINEA,8829780,2023-09-01
6141,NEW ZEALAND,475895756,2023-09-01
6142,COOK ISLANDS,89986,2023-09-01
6143,TOKELAU,11557,2023-09-01
6144,NIUE,787917,2023-09-01
6150,SAMOA,362280,2023-09-01
6223,SOLOMON ISLANDS,23640,2023-09-01
6224,VANUATU,309041,2023-09-01
6225,PITCAIRN ISLANDS,1225,2023-09-01
6226,KIRIBATI,935,2023-09-01
6227,TUVALU,38915,2023-09-01
6412,NEW CALEDONIA,1530709,2023-09-01
6413,WALLIS AND FUTUNA,804,2023-09-01
6414,FRENCH POLYNESIA,3765039,2023-09-01
6810,MARSHALL ISLANDS,1703060,2023-09-01
6863,FIJI,19020534,2023-09-01
6820,MICRONESIA,38050,2023-09-01
6830,PALAU,49321,2023-09-01
6862,NAURU,48848,2023-09-01
6864,TONGA,79475,2023-09-01
6XXX,AUSTRALIA AND OCEANIA,1740367860,2023-09-01
7140,MOROCCO,145094436,2023-09-01
7210,ALGERIA,365721327,2023-09-01
7230,TUNISIA,76199510,2023-09-01
7250,LIBYA,138277458,2023-09-01
7290,EGYPT,231683922,2023-09-01
7321,SUDAN,3816950,2023-09-01
7323,SOUTH SUDAN,12882,2023-09-01
7380,EQUATORIAL GUINEA,12710579,2023-09-01
7410,MAURITANIA,78097,2023-09-01
7420,CAMEROON,5306967,2023-09-01
7440,SENEGAL,6701244,2023-09-01
7450,MALI,510255,2023-09-01
7460,GUINEA,505074,2023-09-01
7470,SIERRA LEONE,924978,2023-09-01
7480,COTE D'IVOIRE,74959398,2023-09-01
7490,GHANA,46917538,2023-09-01
7500,GAMBIA,36233,2023-09-01
7510,NIGER,1328274,2023-09-01
7520,TOGO,8605970,2023-09-01
7530,NIGERIA,311591989,2023-09-01
7540,CENTRAL AFRICAN REPUBLIC,620939,2023-09-01
7550,GABON,9256649,2023-09-01
7560,CHAD,430949,2023-09-01
7580,ST HELENA,37133,2023-09-01
7600,BURKINA FASO,471537,2023-09-01
7610,BENIN,3338169,2023-09-01
7643,CABO VERDE,199726,2023-09-01
7620,ANGOLA,151311888,2023-09-01
7630,CONGO,125995732,2023-09-01
7642,GUINEA-BISSAU,77,2023-09-01
7644,SAO TOME AND PRINCIPE,55262,2023-09-01
7650,LIBERIA,4073543,2023-09-01
7660,DEMOCRATIC REPUBLIC OF THE CONGO,7373610,2023-09-01
7670,BURUNDI,17437,2023-09-01
7690,RWANDA,2874903,2023-09-01
7700,SOMALIA,7337,2023-09-01
7741,ERITREA,73285,2023-09-01
7749,ETHIOPIA,41658884,2023-09-01
7770,DJIBOUTI,2690628,2023-09-01
7780,UGANDA,7507466,2023-09-01
7790,KENYA,73304708,2023-09-01
7800,SEYCHELLES,770647,2023-09-01
7810,BRITISH INDIAN OCEAN TERRITORIES,1023,2023-09-01
7830,TANZANIA,11935503,2023-09-01
7850,MAURITIUS,33823730,2023-09-01
7870,MOZAMBIQUE,21852916,2023-09-01
7880,MADAGASCAR,78653435,2023-09-01
7881,MAYOTTE,387865,2023-09-01
7890,COMOROS,497359,2023-09-01
7904,REUNION,733470,2023-09-01
7905,FRENCH SOUTHERN AND ANTARCTIC LANDS,411836,2023-09-01
7910,SOUTH AFRICA,1254320142,2023-09-01
7920,NAMIBIA,8264154,2023-09-01
7930,BOTSWANA,37971718,2023-09-01
7940,ZAMBIA,18472925,2023-09-01
7950,ESWATINI,525482,2023-09-01
7960,ZIMBABWE,12756433,2023-09-01
7970,MALAWI,7452865,2023-09-01
7990,LESOTHO,19441036,2023-09-01
7XXX,AFRICA,3370555482,2023-09-01
-,TOTAL FOR ALL COUNTRIES,276178527276,2023-10-01
0003,EUROPEAN UNION,51097688411,2023-10-01
0014,PACIFIC RIM COUNTRIES,87589923966,2023-10-01
0017,CAFTA-DR,2919900635,2023-10-01
0020,USMCA (NAFTA),79077621069,2023-10-01
0021,TWENTY LATIN AMERICAN REPUBLICS,53808342878,2023-10-01
0022,OECD,170047916652,2023-10-01
0023,NATO,86232141896,2023-10-01
0024,LAFTA,50787390408,2023-10-01
0025,EURO AREA,45136163953,2023-10-01
0026,APEC,184821566045,2023-10-01
0027,ASEAN,28326606827,2023-10-01
0028,CACM,2292378255,2023-10-01
1010,GREENLAND,3034501,2023-10-01
1220,CANADA,36341144651,2023-10-01
1610,ST PIERRE AND MIQUELON,0,2023-10-01
1XXX,NORTH AMERICA,79080655570,2023-10-01
2010,MEXICO,42736476418,2023-10-01
2050,GUATEMALA,324429403,2023-10-01
2080,BELIZE,4752589,2023-10-01
2110,EL SALVADOR,175215005,2023-10-01
2150,HONDURAS,447676181,2023-10-01
2190,NICARAGUA,364022798,2023-10-01
2230,COSTA RICA,981034868,2023-10-01
2250,PANAMA,43327379,2023-10-01
2320,BERMUDA,1505362,2023-10-01
2360,BAHAMAS,69929601,2023-10-01
2390,CUBA,585000,2023-10-01
2410,JAMAICA,37685251,2023-10-01
2430,TURKS AND CAICOS ISLANDS,681818,2023-10-01
2440,CAYMAN ISLANDS,2845983,2023-10-01
2450,HAITI,57139456,2023-10-01
2470,DOMINICAN REPUBLIC,627522380,2023-10-01
2481,ANGUILLA,175232,2023-10-01
2482,BRITISH VIRGIN ISLANDS,932701,2023-10-01
2483,ST KITTS AND NEVIS,1455984,2023-10-01
2484,ANTIGUA AND BARBUDA,102420,2023-10-01
2488,ST VINCENT AND THE GRENADINES,579342,2023-10-01
2485,MONTSERRAT,183361,2023-10-01
2486,DOMINICA,109477,2023-10-01
2487,ST LUCIA,1172217,2023-10-01
2489,GRENADA,1021327,2023-10-01
2720,BARBADOS,3897537,2023-10-01
2740,TRINIDAD AND TOBAGO,210119187,2023-10-01
2774,SINT MAARTEN,3757827,2023-10-01
2777,CURACAO,2135500,2023-10-01
2779,ARUBA,571491,2023-10-01
2831,GUADELOUPE,377863,2023-10-01
2839,MARTINIQUE,140256,2023-10-01
2XXX,CENTRAL AMERICA,3365084796,2023-10-01
3010,COLOMBIA,1341945743,2023-10-01
3070,VENEZUELA,396867933,2023-10-01
3120,GUYANA,202115335,2023-10-01
3150,SURINAME,5787319,2023-10-01
3170,FRENCH GUIANA,241,2023-10-01
3310,ECUADOR,606050968,2023-10-01
3330,PERU,847641952,2023-10-01
3350,BOLIVIA,33561042,2023-10-01
3370,CHILE,1080463189,2023-10-01
3510,BRAZIL,3127155251,2023-10-01
3530,PARAGUAY,43241155,2023-10-01
3550,URUGUAY,83664796,2023-10-01
3570,ARGENTINA,490321961,2023-10-01
3720,FALKLAND ISLANDS (ISLAS MALVINAS),357888,2023-10-01
3XXX,SOUTH AMERICA,8259174773,2023-10-01
4000,ICELAND,60082773,2023-10-01
4010,SWEDEN,1664618085,2023-10-01
4091,FAROE ISLANDS,22047551,2023-10-01
4031,"SVALBARD, JAN MAYEN ISLAND",831,2023-10-01
4039,NORWAY,469919273,2023-10-01
4050,FINLAND,555390556,2023-10-01
4099,DENMARK,978350365,2023-10-01
4120,UNITED KINGDOM,5809620736,2023-10-01
4190,IRELAND,7185056802,2023-10-01
4210,NETHERLANDS,3732111058,2023-10-01
4231,BELGIUM,2109033560,2023-10-01
4239,LUXEMBOURG,71490420,2023-10-01
4271,ANDORRA,204802,2023-10-01
4272,MONACO,12404184,2023-10-01
4279,FRANCE,5652282937,2023-10-01
4280,GERMANY,13955940169,2023-10-01
4330,AUSTRIA,1615701403,2023-10-01
4351,CZECH REPUBLIC,667271214,2023-10-01
4359,SLOVAKIA,629492894,2023-10-01
4370,HUNGARY,1082081570,2023-10-01
4411,LIECHTENSTEIN,21140826,2023-10-01
4419,SWITZERLAND,4407489020,2023-10-01
4470,ESTONIA,49083298,2023-10-01
4490,LATVIA,43825602,2023-10-01
4510,LITHUANIA,167426380,2023-10-01
4550,POLAND,1103631404,2023-10-01
4621,RUSSIA,274404990,2023-10-01
4622,BELARUS,2096779,2023-10-01
4623,UKRAINE,56665903,2023-10-01
4631,ARMENIA,10355672,2023-10-01
4635,KYRGYZSTAN,1004436,2023-10-01
4632,AZERBAIJAN,6829934,2023-10-01
4633,GEORGIA,25342151,2023-10-01
4634,KAZAKHSTAN,97915939,2023-10-01
4641,MOLDOVA,7904204,2023-10-01
4642,TAJIKISTAN,183408,2023-10-01
4643,TURKMENISTAN,53731,2023-10-01
4644,UZBEKISTAN,2416122,2023-10-01
4700,SPAIN,1984691709,2023-10-01
4710,PORTUGAL,499408666,2023-10-01
4720,GIBRALTAR,2779,2023-10-01
4730,MALTA,16128597,2023-10-01
4751,SAN MARINO,935373,2023-10-01
4752,VATICAN CITY,13557,2023-10-01
4759,ITALY,6469543584,2023-10-01
4791,CROATIA,75792745,2023-10-01
4792,SLOVENIA,163256958,2023-10-01
4793,BOSNIA AND HERZEGOVINA,13419369,2023-10-01
4794,MACEDONIA,25343311,2023-10-01
4801,SERBIA,71383230,2023-10-01
4803,KOSOVO,12747803,2023-10-01
4804,MONTENEGRO,1596636,2023-10-01
4810,ALBANIA,6798432,2023-10-01
4840,GREECE,155897828,2023-10-01
4850,ROMANIA,345277461,2023-10-01
4870,BULGARIA,120294359,2023-10-01
4890,TURKEY,1350974386,2023-10-01
4910,CYPRUS,4608787,2023-10-01
4XXX,EUROPE,63868986552,2023-10-01
5020,SYRIA,1195281,2023-10-01
5081,ISRAEL,1711551449,2023-10-01
5040,LEBANON,25644257,2023-10-01
5050,IRAQ,738622119,2023-10-01
5070,IRAN,67396,2023-10-01
5082,GAZA STRIP ADMINISTERED BY ISRAEL,0,2023-10-01
5083,WEST BANK ADMINISTERED BY ISRAEL,210812,2023-10-01
5110,JORDAN,234876939,2023-10-01
5130,KUWAIT,56958177,2023-10-01
5170,SAUDI ARABIA,1179481040,2023-10-01
5180,QATAR,171907537,2023-10-01
5200,UNITED ARAB EMIRATES,651553293,2023-10-01
5210,YEMEN,804573,2023-10-01
5230,OMAN,153983366,2023-10-01
5250,BAHRAIN,112616933,2023-10-01
5310,AFGHANISTAN,1099836,2023-10-01
5330,INDIA,7588414386,2023-10-01
5350,PAKISTAN,422290899,2023-10-01
5360,NEPAL,13394251,2023-10-01
5380,BANGLADESH,653752947,2023-10-01
5420,SRI LANKA,235521951,2023-10-01
5460,BURMA,78555041,2023-10-01
5490,THAILAND,5137827698,2023-10-01
5520,VIETNAM,10825649223,2023-10-01
5530,LAOS,23026980,2023-10-01
5550,CAMBODIA,1047157617,2023-10-01
5570,MALAYSIA,4012315335,2023-10-01
5590,SINGAPORE,3787859268,2023-10-01
5600,INDONESIA,2216180126,2023-10-01
5660,MACAU,11966042,2023-10-01
5601,TIMOR-LESTE,389757,2023-10-01
5610,BRUNEI,10964954,2023-10-01
5650,PHILIPPINES,1187070585,2023-10-01
5682,BHUTAN,335402,2023-10-01
5683,MALDIVES,462998,2023-10-01
5700,CHINA,41548452853,2023-10-01
5740,MONGOLIA,5680970,2023-10-01
5800,"KOREA, SOUTH",10375798666,2023-10-01
5820,HONG KONG,360051322,2023-10-01
5830,TAIWAN,8688603309,2023-10-01
5880,JAPAN,13551586130,2023-10-01
5XXX,ASIA,116823881718,2023-10-01
6021,AUSTRALIA,1393977397,2023-10-01
6022,NORFOLK ISLAND,724,2023-10-01
6023,COCOS (KEELING) ISLANDS,71514,2023-10-01
6024,CHRISTMAS ISLAND,44095,2023-10-01
6029,HEARD AND MCDONALD ISLANDS,0,2023-10-01
6040,PAPUA NEW GUINEA,10599895,2023-10-01
6141,NEW ZEALAND,434498084,2023-10-01
6142,COOK ISLANDS,8862,2023-10-01
6143,TOKELAU,14915,2023-10-01
6144,NIUE,897986,2023-10-01
6150,SAMOA,565336,2023-10-01
6223,SOLOMON ISLANDS,118130,2023-10-01
6224,VANUATU,209836,2023-10-01
6225,PITCAIRN ISLANDS,686,2023-10-01
6226,KIRIBATI,176045,2023-10-01
6227,TUVALU,27938,2023-10-01
6412,NEW CALEDONIA,1981555,2023-10-01
6413,WALLIS AND FUTUNA,3837,2023-10-01
6414,FRENCH POLYNESIA,3110876,2023-10-01
6862,NAURU,129165,2023-10-01
6810,MARSHALL ISLANDS,1799244,2023-10-01
6820,MICRONESIA,137113,2023-10-01
6830,PALAU,39415,2023-10-01
6863,FIJI,31857859,2023-10-01
6864,TONGA,247619,2023-10-01
6XXX,AUSTRALIA AND OCEANIA,1880518126,2023-10-01
7140,MOROCCO,166102996,2023-10-01
7210,ALGERIA,248119152,2023-10-01
7230,TUNISIA,82187211,2023-10-01
7250,LIBYA,200216749,2023-10-01
7290,EGYPT,265147957,2023-10-01
7321,SUDAN,2484285,2023-10-01
7323,SOUTH SUDAN,3157,2023-10-01
7380,EQUATORIAL GUINEA,11561624,2023-10-01
7410,MAURITANIA,77061,2023-10-01
7420,CAMEROON,6364894,2023-10-01
7440,SENEGAL,11485885,2023-10-01
7450,MALI,326667,2023-10-01
7460,GUINEA,481833,2023-10-01
7470,SIERRA LEONE,7933570,2023-10-01
7480,COTE D'IVOIRE,43677720,2023-10-01
7490,GHANA,42994666,2023-10-01
7500,GAMBIA,142439,2023-10-01
7510,NIGER,1612575,2023-10-01
7520,TOGO,7144733,2023-10-01
7530,NIGERIA,200488801,2023-10-01
7540,CENTRAL AFRICAN REPUBLIC,68589,2023-10-01
7550,GABON,10739951,2023-10-01
7560,CHAD,379312,2023-10-01
7580,ST HELENA,16205,2023-10-01
7600,BURKINA FASO,595585,2023-10-01
7642,GUINEA-BISSAU,74257,2023-10-01
7610,BENIN,1483824,2023-10-01
7620,ANGOLA,123298943,2023-10-01
7630,CONGO,75906978,2023-10-01
7643,CABO VERDE,372912,2023-10-01
7644,SAO TOME AND PRINCIPE,63666,2023-10-01
7650,LIBERIA,6729822,2023-10-01
7660,DEMOCRATIC REPUBLIC OF THE CONGO,1729411,2023-10-01
7670,BURUNDI,179186,2023-10-01
7690,RWANDA,2722891,2023-10-01
7700,SOMALIA,397511,2023-10-01
7741,ERITREA,973,2023-10-01
7749,ETHIOPIA,46455341,2023-10-01
7770,DJIBOUTI,4070725,2023-10-01
7780,UGANDA,5715052,2023-10-01
7790,KENYA,49357877,2023-10-01
7800,SEYCHELLES,969737,2023-10-01
7810,BRITISH INDIAN OCEAN TERRITORIES,38961,2023-10-01
7830,TANZANIA,10367979,2023-10-01
7850,MAURITIUS,17737606,2023-10-01
7870,MOZAMBIQUE,9008974,2023-10-01
7880,MADAGASCAR,58158845,2023-10-01
7881,MAYOTTE,22216,2023-10-01
7890,COMOROS,9781,2023-10-01
7904,REUNION,3322051,2023-10-01
7905,FRENCH SOUTHERN AND ANTARCTIC LANDS,1586,2023-10-01
7910,SOUTH AFRICA,1019322949,2023-10-01
7920,NAMIBIA,12754608,2023-10-01
7930,BOTSWANA,54829919,2023-10-01
7940,ZAMBIA,6770519,2023-10-01
7950,ESWATINI,25882720,2023-10-01
7960,ZIMBABWE,15791904,2023-10-01
7XXX,AFRICA,2900225741,2023-10-01
7970,MALAWI,2105124,2023-10-01
7990,LESOTHO,34217276,2023-10-01
-,TOTAL FOR ALL COUNTRIES,255461303753,2023-11-01
0003,EUROPEAN UNION,46526363601,2023-11-01
0014,PACIFIC RIM COUNTRIES,77824474050,2023-11-01
0017,CAFTA-DR,2749558845,2023-11-01
0020,USMCA (NAFTA),75793865209,2023-11-01
0021,TWENTY LATIN AMERICAN REPUBLICS,50744999061,2023-11-01
0022,OECD,159648842496,2023-11-01
0023,NATO,82608238261,2023-11-01
0024,LAFTA,47887624557,2023-11-01
0025,EURO AREA,40970092839,2023-11-01
0026,APEC,170638015743,2023-11-01
0027,ASEAN,25669215121,2023-11-01
0028,CACM,2165898699,2023-11-01
1010,GREENLAND,2928127,2023-11-01
1220,CANADA,36179293393,2023-11-01
1610,ST PIERRE AND MIQUELON,0,2023-11-01
1XXX,NORTH AMERICA,75796793336,2023-11-01
2010,MEXICO,39614571816,2023-11-01
2050,GUATEMALA,357625159,2023-11-01
2080,BELIZE,2659162,2023-11-01
2110,EL SALVADOR,197206355,2023-11-01
2150,HONDURAS,408988041,2023-11-01
2190,NICARAGUA,318349109,2023-11-01
2230,COSTA RICA,883730035,2023-11-01
2250,PANAMA,35621406,2023-11-01
2320,BERMUDA,2545630,2023-11-01
2360,BAHAMAS,219941953,2023-11-01
2390,CUBA,21000,2023-11-01
2410,JAMAICA,29884184,2023-11-01
2430,TURKS AND CAICOS ISLANDS,602021,2023-11-01
2440,CAYMAN ISLANDS,2903729,2023-11-01
2450,HAITI,72173253,2023-11-01
2470,DOMINICAN REPUBLIC,583660146,2023-11-01
2481,ANGUILLA,106820,2023-11-01
2482,BRITISH VIRGIN ISLANDS,225969,2023-11-01
2483,ST KITTS AND NEVIS,1776263,2023-11-01
2484,ANTIGUA AND BARBUDA,1087608,2023-11-01
2488,ST VINCENT AND THE GRENADINES,246174,2023-11-01
2485,MONTSERRAT,98702,2023-11-01
2486,DOMINICA,95331,2023-11-01
2487,ST LUCIA,1546747,2023-11-01
2489,GRENADA,754369,2023-11-01
2720,BARBADOS,2803521,2023-11-01
2740,TRINIDAD AND TOBAGO,145170516,2023-11-01
2774,SINT MAARTEN,13764125,2023-11-01
2777,CURACAO,1175186,2023-11-01
2779,ARUBA,1329498,2023-11-01
2831,GUADELOUPE,233950,2023-11-01
2839,MARTINIQUE,36901,2023-11-01
2XXX,CENTRAL AMERICA,3286362863,2023-11-01
3010,COLOMBIA,1371980915,2023-11-01
3070,VENEZUELA,387159285,2023-11-01
3120,GUYANA,336190981,2023-11-01
3150,SURINAME,5397761,2023-11-01
3170,FRENCH GUIANA,15937,2023-11-01
3310,ECUADOR,607540496,2023-11-01
3330,PERU,809635205,2023-11-01
3350,BOLIVIA,37058441,2023-11-01
3370,CHILE,827065867,2023-11-01
3510,BRAZIL,3568344519,2023-11-01
3530,PARAGUAY,19886708,2023-11-01
3550,URUGUAY,64502722,2023-11-01
3570,ARGENTINA,579878583,2023-11-01
3720,FALKLAND ISLANDS (ISLAS MALVINAS),29279,2023-11-01
3XXX,SOUTH AMERICA,8614686699,2023-11-01
4000,ICELAND,61266177,2023-11-01
4010,SWEDEN,1385407072,2023-11-01
4091,FAROE ISLANDS,25583103,2023-11-01
4031,"SVALBARD, JAN MAYEN ISLAND",396,2023-11-01
4039,NORWAY,509606682,2023-11-01
4050,FINLAND,670027889,2023-11-01
4099,DENMARK,873297456,2023-11-01
4120,UNITED KINGDOM,5434376014,2023-11-01
4190,IRELAND,5868312680,2023-11-01
4210,NETHERLANDS,3788278598,2023-11-01
4231,BELGIUM,2433379093,2023-11-01
4239,LUXEMBOURG,48062329,2023-11-01
4271,ANDORRA,287501,2023-11-01
4272,MONACO,8791064,2023-11-01
4279,FRANCE,4582832314,2023-11-01
4280,GERMANY,12120131772,2023-11-01
4330,AUSTRIA,1390049563,2023-11-01
4351,CZECH REPUBLIC,629081680,2023-11-01
4359,SLOVAKIA,536244940,2023-11-01
4370,HUNGARY,1119728625,2023-11-01
4411,LIECHTENSTEIN,20479556,2023-11-01
4419,SWITZERLAND,3858506006,2023-11-01
4470,ESTONIA,76266700,2023-11-01
4490,LATVIA,48238735,2023-11-01
4510,LITHUANIA,142409602,2023-11-01
4550,POLAND,1109488079,2023-11-01
4621,RUSSIA,362473970,2023-11-01
4622,BELARUS,3553846,2023-11-01
4623,UKRAINE,78857735,2023-11-01
4631,ARMENIA,8952116,2023-11-01
4635,KYRGYZSTAN,1633469,2023-11-01
4632,AZERBAIJAN,5079096,2023-11-01
4633,GEORGIA,4273045,2023-11-01
4634,KAZAKHSTAN,162655810,2023-11-01
4641,MOLDOVA,7312131,2023-11-01
4642,TAJIKISTAN,113404,2023-11-01
4643,TURKMENISTAN,42268,2023-11-01
4644,UZBEKISTAN,1338137,2023-11-01
4700,SPAIN,1840492204,2023-11-01
4710,PORTUGAL,410645927,2023-11-01
4720,GIBRALTAR,186614,2023-11-01
4730,MALTA,13432088,2023-11-01
4751,SAN MARINO,1091306,2023-11-01
4752,VATICAN CITY,258,2023-11-01
4759,ITALY,6199996946,2023-11-01
4791,CROATIA,94724904,2023-11-01
4792,SLOVENIA,540682751,2023-11-01
4793,BOSNIA AND HERZEGOVINA,15406288,2023-11-01
4794,MACEDONIA,23597782,2023-11-01
4801,SERBIA,59381957,2023-11-01
4803,KOSOVO,9227508,2023-11-01
4804,MONTENEGRO,2549755,2023-11-01
4810,ALBANIA,4212988,2023-11-01
4840,GREECE,163234451,2023-11-01
4850,ROMANIA,327090547,2023-11-01
4870,BULGARIA,112177303,2023-11-01
4890,TURKEY,1266500982,2023-11-01
4910,CYPRUS,2649353,2023-11-01
4XXX,EUROPE,58463700565,2023-11-01
5020,SYRIA,2300429,2023-11-01
5081,ISRAEL,1702854702,2023-11-01
5040,LEBANON,15331998,2023-11-01
5050,IRAQ,473516711,2023-11-01
5070,IRAN,0,2023-11-01
5082,GAZA STRIP ADMINISTERED BY ISRAEL,0,2023-11-01
5083,WEST BANK ADMINISTERED BY ISRAEL,296809,2023-11-01
5110,JORDAN,191215092,2023-11-01
5130,KUWAIT,99517885,2023-11-01
5170,SAUDI ARABIA,1096703691,2023-11-01
5180,QATAR,174901395,2023-11-01
5200,UNITED ARAB EMIRATES,571876953,2023-11-01
5210,YEMEN,181524,2023-11-01
5230,OMAN,244658294,2023-11-01
5250,BAHRAIN,106188260,2023-11-01
5310,AFGHANISTAN,1398175,2023-11-01
5330,INDIA,6668576815,2023-11-01
5350,PAKISTAN,386992068,2023-11-01
5360,NEPAL,7016477,2023-11-01
5380,BANGLADESH,504945976,2023-11-01
5420,SRI LANKA,197889154,2023-11-01
5460,BURMA,72490388,2023-11-01
5490,THAILAND,4746178757,2023-11-01
5520,VIETNAM,10287872037,2023-11-01
5530,LAOS,17776077,2023-11-01
5550,CAMBODIA,825387597,2023-11-01
5570,MALAYSIA,3598065148,2023-11-01
5590,SINGAPORE,3087642915,2023-11-01
5600,INDONESIA,1905157923,2023-11-01
5601,TIMOR-LESTE,75020,2023-11-01
5682,BHUTAN,2876,2023-11-01
5610,BRUNEI,22553058,2023-11-01
5650,PHILIPPINES,1106091221,2023-11-01
5660,MACAU,13549352,2023-11-01
5683,MALDIVES,259865,2023-11-01
5700,CHINA,35537369400,2023-11-01
5740,MONGOLIA,2784191,2023-11-01
5800,"KOREA, SOUTH",9262786130,2023-11-01
5820,HONG KONG,282638288,2023-11-01
5830,TAIWAN,7856204008,2023-11-01
5880,JAPAN,13360895333,2023-11-01
5XXX,ASIA,104432141992,2023-11-01
6021,AUSTRALIA,1396066479,2023-11-01
6022,NORFOLK ISLAND,148,2023-11-01
6023,COCOS (KEELING) ISLANDS,98145,2023-11-01
6024,CHRISTMAS ISLAND,168801,2023-11-01
6029,HEARD AND MCDONALD ISLANDS,2777,2023-11-01
6040,PAPUA NEW GUINEA,6042949,2023-11-01
6141,NEW ZEALAND,389411846,2023-11-01
6142,COOK ISLANDS,66055,2023-11-01
6143,TOKELAU,8460,2023-11-01
6144,NIUE,277764,2023-11-01
6150,SAMOA,137699,2023-11-01
6223,SOLOMON ISLANDS,115843,2023-11-01
6224,VANUATU,363048,2023-11-01
6225,PITCAIRN ISLANDS,3360,2023-11-01
6226,KIRIBATI,6593,2023-11-01
6227,TUVALU,51439,2023-11-01
6412,NEW CALEDONIA,811807,2023-11-01
6413,WALLIS AND FUTUNA,28125,2023-11-01
6414,FRENCH POLYNESIA,3506142,2023-11-01
6810,MARSHALL ISLANDS,1504615,2023-11-01
6863,FIJI,24654398,2023-11-01
6820,MICRONESIA,35401,2023-11-01
6830,PALAU,40138,2023-11-01
6862,NAURU,139664,2023-11-01
6864,TONGA,93663,2023-11-01
6XXX,AUSTRALIA AND OCEANIA,1823635359,2023-11-01
7140,MOROCCO,131402878,2023-11-01
7210,ALGERIA,167572010,2023-11-01
7230,TUNISIA,61078107,2023-11-01
7250,LIBYA,171947430,2023-11-01
7290,EGYPT,127277426,2023-11-01
7321,SUDAN,1117,2023-11-01
7323,SOUTH SUDAN,21340,2023-11-01
7380,EQUATORIAL GUINEA,14183195,2023-11-01
7410,MAURITANIA,104668,2023-11-01
7420,CAMEROON,5199615,2023-11-01
7440,SENEGAL,11250027,2023-11-01
7450,MALI,413401,2023-11-01
7460,GUINEA,1813156,2023-11-01
7470,SIERRA LEONE,1045544,2023-11-01
7480,COTE D'IVOIRE,36768249,2023-11-01
7490,GHANA,90405005,2023-11-01
7500,GAMBIA,7617,2023-11-01
7510,NIGER,2123420,2023-11-01
7520,TOGO,13396665,2023-11-01
7530,NIGERIA,552894359,2023-11-01
7540,CENTRAL AFRICAN REPUBLIC,62763,2023-11-01
7550,GABON,14026785,2023-11-01
7560,CHAD,46865180,2023-11-01
7580,ST HELENA,4401,2023-11-01
7600,BURKINA FASO,619649,2023-11-01
7610,BENIN,2826115,2023-11-01
7643,CABO VERDE,276782,2023-11-01
7620,ANGOLA,50947648,2023-11-01
7630,CONGO,26114605,2023-11-01
7642,GUINEA-BISSAU,36,2023-11-01
7644,SAO TOME AND PRINCIPE,50341,2023-11-01
7650,LIBERIA,2507467,2023-11-01
7660,DEMOCRATIC REPUBLIC OF THE CONGO,2550635,2023-11-01
7670,BURUNDI,446416,2023-11-01
7690,RWANDA,4810165,2023-11-01
7700,SOMALIA,133141,2023-11-01
7741,ERITREA,39220,2023-11-01
7749,ETHIOPIA,28030895,2023-11-01
7770,DJIBOUTI,4257986,2023-11-01
7780,UGANDA,5933609,2023-11-01
7790,KENYA,44850093,2023-11-01
7800,SEYCHELLES,461423,2023-11-01
7810,BRITISH INDIAN OCEAN TERRITORIES,163,2023-11-01
7830,TANZANIA,16410965,2023-11-01
7850,MAURITIUS,21934888,2023-11-01
7870,MOZAMBIQUE,20845868,2023-11-01
7880,MADAGASCAR,45889044,2023-11-01
7881,MAYOTTE,409424,2023-11-01
7890,COMOROS,532719,2023-11-01
7904,REUNION,6185538,2023-11-01
7905,FRENCH SOUTHERN AND ANTARCTIC LANDS,83115,2023-11-01
7910,SOUTH AFRICA,1230229936,2023-11-01
7920,NAMIBIA,10184169,2023-11-01
7930,BOTSWANA,36235710,2023-11-01
7940,ZAMBIA,12022646,2023-11-01
7950,ESWATINI,179995,2023-11-01
7960,ZIMBABWE,5578442,2023-11-01
7970,MALAWI,1051914,2023-11-01
7XXX,AFRICA,3043982939,2023-11-01
7990,LESOTHO,11487819,2023-11-01
-,TOTAL FOR ALL COUNTRIES,247041265823,2023-12-01
0003,EUROPEAN UNION,48507639743,2023-12-01
0014,PACIFIC RIM COUNTRIES,74314292998,2023-12-01
0017,CAFTA-DR,2682319719,2023-12-01
0020,USMCA (NAFTA),69484067388,2023-12-01
0021,TWENTY LATIN AMERICAN REPUBLICS,47852528361,2023-12-01
0022,OECD,154166045777,2023-12-01
0023,NATO,80202938919,2023-12-01
0024,LAFTA,45080168180,2023-12-01
0025,EURO AREA,43229321870,2023-12-01
0026,APEC,160021784405,2023-12-01
0027,ASEAN,24747881634,2023-12-01
0028,CACM,2099530685,2023-12-01
1010,GREENLAND,1457802,2023-12-01
1220,CANADA,33061079341,2023-12-01
1610,ST PIERRE AND MIQUELON,0,2023-12-01
1XXX,NORTH AMERICA,69485525190,2023-12-01
2010,MEXICO,36422988047,2023-12-01
2050,GUATEMALA,359128347,2023-12-01
2080,BELIZE,2622103,2023-12-01
2110,EL SALVADOR,167884236,2023-12-01
2150,HONDURAS,406439915,2023-12-01
2190,NICARAGUA,316201746,2023-12-01
2230,COSTA RICA,849876441,2023-12-01
2250,PANAMA,39888637,2023-12-01
2320,BERMUDA,1232056,2023-12-01
2360,BAHAMAS,381383478,2023-12-01
2390,CUBA,17000,2023-12-01
2410,JAMAICA,29479139,2023-12-01
2430,TURKS AND CAICOS ISLANDS,803492,2023-12-01
2440,CAYMAN ISLANDS,2276322,2023-12-01
2450,HAITI,50134825,2023-12-01
2470,DOMINICAN REPUBLIC,582789034,2023-12-01
2481,ANGUILLA,139575,2023-12-01
2482,BRITISH VIRGIN ISLANDS,5540796,2023-12-01
2483,ST KITTS AND NEVIS,2072423,2023-12-01
2484,ANTIGUA AND BARBUDA,396421,2023-12-01
2488,ST VINCENT AND THE GRENADINES,76065,2023-12-01
2485,MONTSERRAT,159435,2023-12-01
2486,DOMINICA,32508,2023-12-01
2487,ST LUCIA,502766,2023-12-01
2489,GRENADA,810760,2023-12-01
2720,BARBADOS,3824789,2023-12-01
2740,TRINIDAD AND TOBAGO,274784066,2023-12-01
2774,SINT MAARTEN,21420366,2023-12-01
2777,CURACAO,3787943,2023-12-01
2779,ARUBA,695076,2023-12-01
2831,GUADELOUPE,331658,2023-12-01
2839,MARTINIQUE,16274,2023-12-01
2XXX,CENTRAL AMERICA,3504747692,2023-12-01
3010,COLOMBIA,1327282569,2023-12-01
3070,VENEZUELA,368680816,2023-12-01
3120,GUYANA,424033963,2023-12-01
3150,SURINAME,4578629,2023-12-01
3170,FRENCH GUIANA,198446,2023-12-01
3310,ECUADOR,682035129,2023-12-01
3330,PERU,868007274,2023-12-01
3350,BOLIVIA,38677359,2023-12-01
3370,CHILE,845033819,2023-12-01
3510,BRAZIL,3828127431,2023-12-01
3530,PARAGUAY,31124423,2023-12-01
3550,URUGUAY,57176834,2023-12-01
3570,ARGENTINA,611034479,2023-12-01
3720,FALKLAND ISLANDS (ISLAS MALVINAS),14645,2023-12-01
3XXX,SOUTH AMERICA,9086005816,2023-12-01
4000,ICELAND,55984624,2023-12-01
4010,SWEDEN,1597266488,2023-12-01
4091,FAROE ISLANDS,22825355,2023-12-01
4031,"SVALBARD, JAN MAYEN ISLAND",0,2023-12-01
4039,NORWAY,481711034,2023-12-01
4050,FINLAND,548102600,2023-12-01
4099,DENMARK,703551620,2023-12-01
4120,UNITED KINGDOM,5575717704,2023-12-01
4190,IRELAND,6985398085,2023-12-01
4210,NETHERLANDS,3203716531,2023-12-01
4231,BELGIUM,1981520339,2023-12-01
4239,LUXEMBOURG,49400833,2023-12-01
4271,ANDORRA,319893,2023-12-01
4272,MONACO,3309862,2023-12-01
4279,FRANCE,4811194069,2023-12-01
4280,GERMANY,13703446932,2023-12-01
4330,AUSTRIA,1577884294,2023-12-01
4351,CZECH REPUBLIC,637580221,2023-12-01
4359,SLOVAKIA,753229973,2023-12-01
4370,HUNGARY,823912297,2023-12-01
4411,LIECHTENSTEIN,17610622,2023-12-01
4419,SWITZERLAND,3573836718,2023-12-01
4470,ESTONIA,56830044,2023-12-01
4490,LATVIA,48504176,2023-12-01
4510,LITHUANIA,125602090,2023-12-01
4550,POLAND,1110844421,2023-12-01
4621,RUSSIA,292121841,2023-12-01
4622,BELARUS,2489313,2023-12-01
4623,UKRAINE,95463009,2023-12-01
4631,ARMENIA,14227722,2023-12-01
4635,KYRGYZSTAN,1281696,2023-12-01
4632,AZERBAIJAN,10203673,2023-12-01
4633,GEORGIA,8120436,2023-12-01
4634,KAZAKHSTAN,147359957,2023-12-01
4641,MOLDOVA,9583948,2023-12-01
4642,TAJIKISTAN,349480,2023-12-01
4643,TURKMENISTAN,355760,2023-12-01
4644,UZBEKISTAN,28923294,2023-12-01
4700,SPAIN,1851794067,2023-12-01
4710,PORTUGAL,786706302,2023-12-01
4720,GIBRALTAR,11373,2023-12-01
4730,MALTA,11736585,2023-12-01
4751,SAN MARINO,1240043,2023-12-01
4752,VATICAN CITY,1023,2023-12-01
4759,ITALY,6056027576,2023-12-01
4791,CROATIA,102456559,2023-12-01
4792,SLOVENIA,395939198,2023-12-01
4793,BOSNIA AND HERZEGOVINA,17887049,2023-12-01
4794,MACEDONIA,31016734,2023-12-01
4801,SERBIA,59277305,2023-12-01
4803,KOSOVO,8576934,2023-12-01
4804,MONTENEGRO,1373922,2023-12-01
4810,ALBANIA,5426248,2023-12-01
4840,GREECE,176801261,2023-12-01
4850,ROMANIA,295891185,2023-12-01
4870,BULGARIA,109271641,2023-12-01
4890,TURKEY,1201312352,2023-12-01
4910,CYPRUS,3030356,2023-12-01
4XXX,EUROPE,60175558667,2023-12-01
5020,SYRIA,603321,2023-12-01
5081,ISRAEL,1671020063,2023-12-01
5040,LEBANON,15214921,2023-12-01
5050,IRAQ,480720237,2023-12-01
5070,IRAN,615353,2023-12-01
5082,GAZA STRIP ADMINISTERED BY ISRAEL,8695,2023-12-01
5083,WEST BANK ADMINISTERED BY ISRAEL,950209,2023-12-01
5110,JORDAN,205730630,2023-12-01
5130,KUWAIT,276373144,2023-12-01
5170,SAUDI ARABIA,992418729,2023-12-01
5180,QATAR,223152470,2023-12-01
5200,UNITED ARAB EMIRATES,457579595,2023-12-01
5210,YEMEN,652626,2023-12-01
5230,OMAN,93666407,2023-12-01
5250,BAHRAIN,83525804,2023-12-01
5310,AFGHANISTAN,1942189,2023-12-01
5330,INDIA,6460236863,2023-12-01
5350,PAKISTAN,407662491,2023-12-01
5360,NEPAL,8123627,2023-12-01
5380,BANGLADESH,563910283,2023-12-01
5420,SRI LANKA,207592185,2023-12-01
5460,BURMA,62921144,2023-12-01
5490,THAILAND,4587580306,2023-12-01
5520,VIETNAM,9640051863,2023-12-01
5530,LAOS,23530745,2023-12-01
5550,CAMBODIA,841390007,2023-12-01
5570,MALAYSIA,4100435472,2023-12-01
5590,SINGAPORE,2299972778,2023-12-01
5600,INDONESIA,2107398978,2023-12-01
5660,MACAU,9371084,2023-12-01
5601,TIMOR-LESTE,1096642,2023-12-01
5610,BRUNEI,4635468,2023-12-01
5650,PHILIPPINES,1079964873,2023-12-01
5682,BHUTAN,45770,2023-12-01
5683,MALDIVES,334958,2023-12-01
5700,CHINA,34183629889,2023-12-01
5740,MONGOLIA,2886136,2023-12-01
5800,"KOREA, SOUTH",10399747647,2023-12-01
5820,HONG KONG,338630571,2023-12-01
5830,TAIWAN,6718757482,2023-12-01
5880,JAPAN,11639581825,2023-12-01
5XXX,ASIA,100193663480,2023-12-01
6021,AUSTRALIA,1058890700,2023-12-01
6022,NORFOLK ISLAND,277,2023-12-01
6023,COCOS (KEELING) ISLANDS,226083,2023-12-01
6024,CHRISTMAS ISLAND,19995,2023-12-01
6029,HEARD AND MCDONALD ISLANDS,48254,2023-12-01
6040,PAPUA NEW GUINEA,5281479,2023-12-01
6141,NEW ZEALAND,367994752,2023-12-01
6142,COOK ISLANDS,4613,2023-12-01
6143,TOKELAU,9053,2023-12-01
6144,NIUE,361441,2023-12-01
6150,SAMOA,595478,2023-12-01
6223,SOLOMON ISLANDS,69936,2023-12-01
6224,VANUATU,625436,2023-12-01
6225,PITCAIRN ISLANDS,510,2023-12-01
6226,KIRIBATI,10888,2023-12-01
6227,TUVALU,615,2023-12-01
6412,NEW CALEDONIA,112501,2023-12-01
6413,WALLIS AND FUTUNA,0,2023-12-01
6414,FRENCH POLYNESIA,2954390,2023-12-01
6862,NAURU,95624,2023-12-01
6810,MARSHALL ISLANDS,1613319,2023-12-01
6820,MICRONESIA,192639,2023-12-01
6830,PALAU,35224,2023-12-01
6863,FIJI,18322876,2023-12-01
6864,TONGA,102444,2023-12-01
6XXX,AUSTRALIA AND OCEANIA,1457568527,2023-12-01
7140,MOROCCO,122499699,2023-12-01
7210,ALGERIA,173894578,2023-12-01
7230,TUNISIA,57145500,2023-12-01
7250,LIBYA,234403367,2023-12-01
7290,EGYPT,159352441,2023-12-01
7321,SUDAN,305566,2023-12-01
7323,SOUTH SUDAN,327,2023-12-01
7380,EQUATORIAL GUINEA,6227571,2023-12-01
7410,MAURITANIA,8343415,2023-12-01
7420,CAMEROON,6236517,2023-12-01
7440,SENEGAL,15838405,2023-12-01
7450,MALI,2372829,2023-12-01
7460,GUINEA,776467,2023-12-01
7470,SIERRA LEONE,1125503,2023-12-01
7480,COTE D'IVOIRE,41689371,2023-12-01
7490,GHANA,236568889,2023-12-01
7500,GAMBIA,3425,2023-12-01
7510,NIGER,424995,2023-12-01
7520,TOGO,8694604,2023-12-01
7530,NIGERIA,398940273,2023-12-01
7540,CENTRAL AFRICAN REPUBLIC,116297,2023-12-01
7550,GABON,1615631,2023-12-01
7560,CHAD,35083493,2023-12-01
7580,ST HELENA,2098356,2023-12-01
7600,BURKINA FASO,223135,2023-12-01
7642,GUINEA-BISSAU,0,2023-12-01
7610,BENIN,906811,2023-12-01
7620,ANGOLA,88703987,2023-12-01
7630,CONGO,53771726,2023-12-01
7643,CABO VERDE,726941,2023-12-01
7644,SAO TOME AND PRINCIPE,87609,2023-12-01
7650,LIBERIA,3566846,2023-12-01
7660,DEMOCRATIC REPUBLIC OF THE CONGO,3597612,2023-12-01
7670,BURUNDI,809070,2023-12-01
7690,RWANDA,2029797,2023-12-01
7700,SOMALIA,22418,2023-12-01
7741,ERITREA,91288,2023-12-01
7749,ETHIOPIA,39568237,2023-12-01
7770,DJIBOUTI,2709076,2023-12-01
7780,UGANDA,7006433,2023-12-01
7790,KENYA,39154121,2023-12-01
7800,SEYCHELLES,892664,2023-12-01
7810,BRITISH INDIAN OCEAN TERRITORIES,24100,2023-12-01
7830,TANZANIA,12628964,2023-12-01
7850,MAURITIUS,33111239,2023-12-01
7870,MOZAMBIQUE,5082365,2023-12-01
7880,MADAGASCAR,30473274,2023-12-01
7881,MAYOTTE,320849,2023-12-01
7890,COMOROS,7906,2023-12-01
7904,REUNION,1397370,2023-12-01
7905,FRENCH SOUTHERN AND ANTARCTIC LANDS,2930,2023-12-01
7910,SOUTH AFRICA,1226210864,2023-12-01
7920,NAMIBIA,8085514,2023-12-01
7930,BOTSWANA,29355663,2023-12-01
7940,ZAMBIA,9143674,2023-12-01
7950,ESWATINI,571468,2023-12-01
7960,ZIMBABWE,10165732,2023-12-01
7970,MALAWI,2090567,2023-12-01
7XXX,AFRICA,3138196451,2023-12-01
7990,LESOTHO,11898682,2023-12-01
-,TOTAL FOR ALL COUNTRIES,253692671061,2024-01-01
0003,EUROPEAN UNION,46462552767,2024-01-01
0014,PACIFIC RIM COUNTRIES,79475175773,2024-01-01
0017,CAFTA-DR,2476381523,2024-01-01
0020,USMCA (NAFTA),71358714212,2024-01-01
0021,TWENTY LATIN AMERICAN REPUBLICS,50033637626,2024-01-01
0022,OECD,157123490134,2024-01-01
0023,NATO,78314756606,2024-01-01
0024,LAFTA,47479015654,2024-01-01
0025,EURO AREA,41331333083,2024-01-01
0026,APEC,167915151917,2024-01-01
0027,ASEAN,25134168367,2024-01-01
0028,CACM,2021977070,2024-01-01
1010,GREENLAND,2069260,2024-01-01
1220,CANADA,33398588229,2024-01-01
1610,ST PIERRE AND MIQUELON,63,2024-01-01
1XXX,NORTH AMERICA,71360783535,2024-01-01
2010,MEXICO,37960125983,2024-01-01
2050,GUATEMALA,388509512,2024-01-01
2080,BELIZE,2354374,2024-01-01
2110,EL SALVADOR,165425468,2024-01-01
2150,HONDURAS,391100237,2024-01-01
2190,NICARAGUA,318357490,2024-01-01
2230,COSTA RICA,758584363,2024-01-01
2250,PANAMA,36388586,2024-01-01
2320,BERMUDA,1187521,2024-01-01
2360,BAHAMAS,228272225,2024-01-01
2390,CUBA,940500,2024-01-01
2410,JAMAICA,22008335,2024-01-01
2430,TURKS AND CAICOS ISLANDS,962377,2024-01-01
2440,CAYMAN ISLANDS,1806861,2024-01-01
2450,HAITI,40911363,2024-01-01
2470,DOMINICAN REPUBLIC,454404453,2024-01-01
2481,ANGUILLA,122185,2024-01-01
2482,BRITISH VIRGIN ISLANDS,418744,2024-01-01
2483,ST KITTS AND NEVIS,1248267,2024-01-01
2484,ANTIGUA AND BARBUDA,2839253,2024-01-01
2485,MONTSERRAT,1183402,2024-01-01
2486,DOMINICA,128677,2024-01-01
2487,ST LUCIA,230463,2024-01-01
2488,ST VINCENT AND THE GRENADINES,411787,2024-01-01
2489,GRENADA,1152967,2024-01-01
2720,BARBADOS,3345053,2024-01-01
2740,TRINIDAD AND TOBAGO,285908308,2024-01-01
2774,SINT MAARTEN,13777027,2024-01-01
2777,CURACAO,1122112,2024-01-01
2779,ARUBA,635706,2024-01-01
2831,GUADELOUPE,337799,2024-01-01
2839,MARTINIQUE,165334,2024-01-01
2XXX,CENTRAL AMERICA,3124240749,2024-01-01
3010,COLOMBIA,1550641178,2024-01-01
3070,VENEZUELA,322805055,2024-01-01
3120,GUYANA,455422473,2024-01-01
3150,SURINAME,5602875,2024-01-01
3170,FRENCH GUIANA,371058,2024-01-01
3310,ECUADOR,634891326,2024-01-01
3330,PERU,1030660305,2024-01-01
3350,BOLIVIA,25542380,2024-01-01
3370,CHILE,1494871253,2024-01-01
3510,BRAZIL,3756240944,2024-01-01
3530,PARAGUAY,27483393,2024-01-01
3550,URUGUAY,115620520,2024-01-01
3570,ARGENTINA,560133317,2024-01-01
3720,FALKLAND ISLANDS (ISLAS MALVINAS),1962292,2024-01-01
3XXX,SOUTH AMERICA,9982248369,2024-01-01
4000,ICELAND,61139841,2024-01-01
4010,SWEDEN,1481265970,2024-01-01
4031,"SVALBARD, JAN MAYEN ISLAND",8806,2024-01-01
4039,NORWAY,486151717,2024-01-01
4050,FINLAND,728698726,2024-01-01
4091,FAROE ISLANDS,24030608,2024-01-01
4099,DENMARK,587832957,2024-01-01
4120,UNITED KINGDOM,5236470714,2024-01-01
4190,IRELAND,7260028319,2024-01-01
4210,NETHERLANDS,2877894158,2024-01-01
4231,BELGIUM,1697991536,2024-01-01
4239,LUXEMBOURG,49226742,2024-01-01
4271,ANDORRA,89531,2024-01-01
4272,MONACO,3387475,2024-01-01
4279,FRANCE,4818834503,2024-01-01
4280,GERMANY,12431911787,2024-01-01
4330,AUSTRIA,1390582075,2024-01-01
4351,CZECH REPUBLIC,610230268,2024-01-01
4359,SLOVAKIA,449604522,2024-01-01
4370,HUNGARY,840852691,2024-01-01
4411,LIECHTENSTEIN,22119346,2024-01-01
4419,SWITZERLAND,4207403934,2024-01-01
4470,ESTONIA,59432605,2024-01-01
4490,LATVIA,62439805,2024-01-01
4510,LITHUANIA,127164345,2024-01-01
4550,POLAND,1189745638,2024-01-01
4621,RUSSIA,244003920,2024-01-01
4622,BELARUS,1683456,2024-01-01
4623,UKRAINE,132804840,2024-01-01
4631,ARMENIA,11904349,2024-01-01
4632,AZERBAIJAN,13808844,2024-01-01
4633,GEORGIA,22123352,2024-01-01
4634,KAZAKHSTAN,167097040,2024-01-01
4635,KYRGYZSTAN,923510,2024-01-01
4641,MOLDOVA,12235956,2024-01-01
4642,TAJIKISTAN,260122,2024-01-01
4643,TURKMENISTAN,17124,2024-01-01
4644,UZBEKISTAN,1344821,2024-01-01
4700,SPAIN,1716520430,2024-01-01
4710,PORTUGAL,410904539,2024-01-01
4720,GIBRALTAR,10140,2024-01-01
4730,MALTA,15350614,2024-01-01
4751,SAN MARINO,1896327,2024-01-01
4752,VATICAN CITY,2322,2024-01-01
4759,ITALY,6421306384,2024-01-01
4791,CROATIA,52055338,2024-01-01
4792,SLOVENIA,531691944,2024-01-01
4793,BOSNIA AND HERZEGOVINA,16332056,2024-01-01
4794,MACEDONIA,27006166,2024-01-01
4801,SERBIA,61158855,2024-01-01
4803,KOSOVO,8144757,2024-01-01
4804,MONTENEGRO,2382795,2024-01-01
4810,ALBANIA,34830339,2024-01-01
4840,GREECE,226855528,2024-01-01
4850,ROMANIA,309928439,2024-01-01
4870,BULGARIA,111363721,2024-01-01
4890,TURKEY,1390708867,2024-01-01
4910,CYPRUS,2839183,2024-01-01
4XXX,EUROPE,58654034697,2024-01-01
5020,SYRIA,1924492,2024-01-01
5040,LEBANON,30155108,2024-01-01
5050,IRAQ,547542355,2024-01-01
5070,IRAN,3424625,2024-01-01
5081,ISRAEL,1827339505,2024-01-01
5083,WEST BANK ADMINISTERED BY ISRAEL,733348,2024-01-01
5110,JORDAN,216532824,2024-01-01
5130,KUWAIT,62936908,2024-01-01
5170,SAUDI ARABIA,1061759972,2024-01-01
5180,QATAR,137296798,2024-01-01
5200,UNITED ARAB EMIRATES,472985062,2024-01-01
5210,YEMEN,494287,2024-01-01
5230,OMAN,86026207,2024-01-01
5250,BAHRAIN,100993307,2024-01-01
5310,AFGHANISTAN,2641230,2024-01-01
5330,INDIA,6895350934,2024-01-01
5350,PAKISTAN,367316103,2024-01-01
5360,NEPAL,7315330,2024-01-01
5380,BANGLADESH,614993803,2024-01-01
5420,SRI LANKA,260163071,2024-01-01
5460,BURMA,47870137,2024-01-01
5490,THAILAND,4800725019,2024-01-01
5520,VIETNAM,9522127460,2024-01-01
5530,LAOS,27906618,2024-01-01
5550,CAMBODIA,835519381,2024-01-01
5570,MALAYSIA,3541072851,2024-01-01
5590,SINGAPORE,3270119691,2024-01-01
5600,INDONESIA,2079209642,2024-01-01
5601,TIMOR-LESTE,444741,2024-01-01
5610,BRUNEI,1523089,2024-01-01
5650,PHILIPPINES,1008094479,2024-01-01
5660,MACAU,11126025,2024-01-01
5682,BHUTAN,67808,2024-01-01
5683,MALDIVES,1293274,2024-01-01
5700,CHINA,35782600942,2024-01-01
5740,MONGOLIA,2315423,2024-01-01
5800,"KOREA, SOUTH",10962869313,2024-01-01
5820,HONG KONG,300723708,2024-01-01
5830,TAIWAN,8195654030,2024-01-01
5880,JAPAN,12576234409,2024-01-01
5XXX,ASIA,105665423309,2024-01-01
6021,AUSTRALIA,1228791497,2024-01-01
6022,NORFOLK ISLAND,1562,2024-01-01
6023,COCOS (KEELING) ISLANDS,167903,2024-01-01
6024,CHRISTMAS ISLAND,126142,2024-01-01
6040,PAPUA NEW GUINEA,5772547,2024-01-01
6141,NEW ZEALAND,511383550,2024-01-01
6142,COOK ISLANDS,25858,2024-01-01
6143,TOKELAU,7483,2024-01-01
6144,NIUE,351262,2024-01-01
6150,SAMOA,50295,2024-01-01
6223,SOLOMON ISLANDS,53799,2024-01-01
6224,VANUATU,165048,2024-01-01
6225,PITCAIRN ISLANDS,545,2024-01-01
6226,KIRIBATI,37430,2024-01-01
6227,TUVALU,11519,2024-01-01
6412,NEW CALEDONIA,2044041,2024-01-01
6414,FRENCH POLYNESIA,2928705,2024-01-01
6810,MARSHALL ISLANDS,1511098,2024-01-01
6820,MICRONESIA,28996,2024-01-01
6830,PALAU,120785,2024-01-01
6862,NAURU,118853,2024-01-01
6863,FIJI,16669343,2024-01-01
6864,TONGA,105069,2024-01-01
6XXX,AUSTRALIA AND OCEANIA,1770473330,2024-01-01
7140,MOROCCO,148071354,2024-01-01
7210,ALGERIA,242656121,2024-01-01
7230,TUNISIA,107838682,2024-01-01
7250,LIBYA,66502301,2024-01-01
7290,EGYPT,135354975,2024-01-01
7321,SUDAN,20191,2024-01-01
7323,SOUTH SUDAN,2624,2024-01-01
7380,EQUATORIAL GUINEA,10326471,2024-01-01
7410,MAURITANIA,112902,2024-01-01
7420,CAMEROON,53015477,2024-01-01
7440,SENEGAL,21699173,2024-01-01
7450,MALI,115048,2024-01-01
7460,GUINEA,398341,2024-01-01
7470,SIERRA LEONE,518465,2024-01-01
7480,COTE D'IVOIRE,150208796,2024-01-01
7490,GHANA,124780337,2024-01-01
7500,GAMBIA,506320,2024-01-01
7510,NIGER,1539923,2024-01-01
7520,TOGO,10228637,2024-01-01
7530,NIGERIA,527949259,2024-01-01
7540,CENTRAL AFRICAN REPUBLIC,314429,2024-01-01
7550,GABON,2882268,2024-01-01
7560,CHAD,45961659,2024-01-01
7580,ST HELENA,46146,2024-01-01
7600,BURKINA FASO,53866,2024-01-01
7610,BENIN,2286838,2024-01-01
7620,ANGOLA,42939119,2024-01-01
7630,CONGO,2670248,2024-01-01
7642,GUINEA-BISSAU,79597,2024-01-01
7643,CABO VERDE,443849,2024-01-01
7644,SAO TOME AND PRINCIPE,26889,2024-01-01
7650,LIBERIA,4091575,2024-01-01
7660,DEMOCRATIC REPUBLIC OF THE CONGO,798672,2024-01-01
7670,BURUNDI,308028,2024-01-01
7690,RWANDA,4005936,2024-01-01
7700,SOMALIA,136210,2024-01-01
7741,ERITREA,41626,2024-01-01
7749,ETHIOPIA,23103317,2024-01-01
7770,DJIBOUTI,690057,2024-01-01
7780,UGANDA,6626010,2024-01-01
7790,KENYA,37328451,2024-01-01
7800,SEYCHELLES,463137,2024-01-01
7830,TANZANIA,19905894,2024-01-01
7850,MAURITIUS,17118776,2024-01-01
7870,MOZAMBIQUE,30656869,2024-01-01
7880,MADAGASCAR,59840129,2024-01-01
7881,MAYOTTE,201741,2024-01-01
7890,COMOROS,37055,2024-01-01
7904,REUNION,641362,2024-01-01
7905,FRENCH SOUTHERN AND ANTARCTIC LANDS,204,2024-01-01
7910,SOUTH AFRICA,1159118825,2024-01-01
7920,NAMIBIA,5287649,2024-01-01
7930,BOTSWANA,17077215,2024-01-01
7940,ZAMBIA,23917099,2024-01-01
7950,ESWATINI,734298,2024-01-01
7960,ZIMBABWE,6331536,2024-01-01
7970,MALAWI,4169594,2024-01-01
7990,LESOTHO,13285502,2024-01-01
7XXX,AFRICA,3135467072,2024-01-01
-,TOTAL FOR ALL COUNTRIES,242229497763,2024-02-01
0003,EUROPEAN UNION,44435775366,2024-02-01
0014,PACIFIC RIM COUNTRIES,71823139540,2024-02-01
0017,CAFTA-DR,2882557627,2024-02-01
0020,USMCA (NAFTA),73331935310,2024-02-01
0021,TWENTY LATIN AMERICAN REPUBLICS,50976158433,2024-02-01
0022,OECD,152781156853,2024-02-01
0023,NATO,76487889574,2024-02-01
0024,LAFTA,48018986644,2024-02-01
0025,EURO AREA,39393994489,2024-02-01
0026,APEC,161157188641,2024-02-01
0027,ASEAN,24880176615,2024-02-01
0028,CACM,2290603430,2024-02-01
1010,GREENLAND,2768523,2024-02-01
1220,CANADA,33144865098,2024-02-01
1610,ST PIERRE AND MIQUELON,0,2024-02-01
1XXX,NORTH AMERICA,73334703833,2024-02-01
2010,MEXICO,40187070212,2024-02-01
2050,GUATEMALA,428190608,2024-02-01
2080,BELIZE,2587126,2024-02-01
2110,EL SALVADOR,207760578,2024-02-01
2150,HONDURAS,480894006,2024-02-01
2190,NICARAGUA,373223663,2024-02-01
2230,COSTA RICA,800534575,2024-02-01
2250,PANAMA,35409429,2024-02-01
2320,BERMUDA,572557,2024-02-01
2360,BAHAMAS,135587274,2024-02-01
2390,CUBA,6603,2024-02-01
2410,JAMAICA,28924784,2024-02-01
2430,TURKS AND CAICOS ISLANDS,484315,2024-02-01
2440,CAYMAN ISLANDS,2425490,2024-02-01
2450,HAITI,39198130,2024-02-01
2470,DOMINICAN REPUBLIC,591954197,2024-02-01
2481,ANGUILLA,86730,2024-02-01
2482,BRITISH VIRGIN ISLANDS,836720,2024-02-01
2483,ST KITTS AND NEVIS,1645065,2024-02-01
2484,ANTIGUA AND BARBUDA,1339548,2024-02-01
2485,MONTSERRAT,178988,2024-02-01
2486,DOMINICA,128079,2024-02-01
2487,ST LUCIA,398824,2024-02-01
2488,ST VINCENT AND THE GRENADINES,176207,2024-02-01
2774,SINT MAARTEN,13743963,2024-02-01
2489,GRENADA,1151428,2024-02-01
2720,BARBADOS,2952083,2024-02-01
2740,TRINIDAD AND TOBAGO,322723223,2024-02-01
2777,CURACAO,2583501,2024-02-01
2779,ARUBA,978701,2024-02-01
2831,GUADELOUPE,210094,2024-02-01
2839,MARTINIQUE,233971,2024-02-01
2XXX,CENTRAL AMERICA,3477120460,2024-02-01
3010,COLOMBIA,1257574277,2024-02-01
3070,VENEZUELA,343731986,2024-02-01
3120,GUYANA,459244388,2024-02-01
3150,SURINAME,3822913,2024-02-01
3170,FRENCH GUIANA,20342,2024-02-01
3310,ECUADOR,696204407,2024-02-01
3330,PERU,640129592,2024-02-01
3350,BOLIVIA,40806994,2024-02-01
3370,CHILE,1185362994,2024-02-01
3510,BRAZIL,3152787715,2024-02-01
3530,PARAGUAY,22445818,2024-02-01
3550,URUGUAY,78102395,2024-02-01
3570,ARGENTINA,414770254,2024-02-01
3720,FALKLAND ISLANDS (ISLAS MALVINAS),3321027,2024-02-01
3XXX,SOUTH AMERICA,8298325102,2024-02-01
4000,ICELAND,55958128,2024-02-01
4010,SWEDEN,1428715882,2024-02-01
4031,"SVALBARD, JAN MAYEN ISLAND",5,2024-02-01
4039,NORWAY,407501731,2024-02-01
4050,FINLAND,553463168,2024-02-01
4091,FAROE ISLANDS,21647050,2024-02-01
4210,NETHERLANDS,2957963652,2024-02-01
4099,DENMARK,653375093,2024-02-01
4120,UNITED KINGDOM,5214270033,2024-02-01
4190,IRELAND,6497287071,2024-02-01
4231,BELGIUM,1926415948,2024-02-01
4239,LUXEMBOURG,55886367,2024-02-01
4271,ANDORRA,574672,2024-02-01
4272,MONACO,2679505,2024-02-01
4279,FRANCE,4691455192,2024-02-01
4280,GERMANY,12318225780,2024-02-01
4330,AUSTRIA,1425685864,2024-02-01
4351,CZECH REPUBLIC,574673776,2024-02-01
4359,SLOVAKIA,564340452,2024-02-01
4370,HUNGARY,895374490,2024-02-01
4411,LIECHTENSTEIN,15956053,2024-02-01
4419,SWITZERLAND,3150497893,2024-02-01
4470,ESTONIA,65056820,2024-02-01
4490,LATVIA,45923044,2024-02-01
4510,LITHUANIA,175878907,2024-02-01
4550,POLAND,1077398344,2024-02-01
4621,RUSSIA,287858037,2024-02-01
4622,BELARUS,2246471,2024-02-01
4623,UKRAINE,65144209,2024-02-01
4631,ARMENIA,18072291,2024-02-01
4632,AZERBAIJAN,7972771,2024-02-01
4633,GEORGIA,4005019,2024-02-01
4634,KAZAKHSTAN,171890332,2024-02-01
4635,KYRGYZSTAN,345156,2024-02-01
4641,MOLDOVA,8452185,2024-02-01
4700,SPAIN,1573643677,2024-02-01
4642,TAJIKISTAN,32930,2024-02-01
4643,TURKMENISTAN,228447,2024-02-01
4644,UZBEKISTAN,3107276,2024-02-01
4710,PORTUGAL,502262044,2024-02-01
4720,GIBRALTAR,126,2024-02-01
4730,MALTA,13908749,2024-02-01
4751,SAN MARINO,1491034,2024-02-01
4752,VATICAN CITY,1782,2024-02-01
4759,ITALY,5556656916,2024-02-01
4791,CROATIA,66769714,2024-02-01
4792,SLOVENIA,216494858,2024-02-01
4793,BOSNIA AND HERZEGOVINA,14876517,2024-02-01
4794,MACEDONIA,16577957,2024-02-01
4801,SERBIA,58486956,2024-02-01
4803,KOSOVO,5759268,2024-02-01
4804,MONTENEGRO,1313469,2024-02-01
4810,ALBANIA,6959752,2024-02-01
4840,GREECE,181811405,2024-02-01
4850,ROMANIA,314590442,2024-02-01
4870,BULGARIA,97652850,2024-02-01
4890,TURKEY,1238035477,2024-02-01
4910,CYPRUS,4864861,2024-02-01
4XXX,EUROPE,55217717898,2024-02-01
5020,SYRIA,861781,2024-02-01
5040,LEBANON,15220207,2024-02-01
5050,IRAQ,350121451,2024-02-01
5070,IRAN,371242,2024-02-01
5081,ISRAEL,1590141807,2024-02-01
5082,GAZA STRIP ADMINISTERED BY ISRAEL,8043,2024-02-01
5083,WEST BANK ADMINISTERED BY ISRAEL,575512,2024-02-01
5180,QATAR,274980057,2024-02-01
5110,JORDAN,264414174,2024-02-01
5130,KUWAIT,85309298,2024-02-01
5170,SAUDI ARABIA,1079189817,2024-02-01
5200,UNITED ARAB EMIRATES,413531647,2024-02-01
5210,YEMEN,124604,2024-02-01
5230,OMAN,152081518,2024-02-01
5250,BAHRAIN,106719469,2024-02-01
5310,AFGHANISTAN,1374758,2024-02-01
5330,INDIA,6801339843,2024-02-01
5350,PAKISTAN,370590243,2024-02-01
5360,NEPAL,7849013,2024-02-01
5380,BANGLADESH,720228750,2024-02-01
5420,SRI LANKA,213969344,2024-02-01
5460,BURMA,46116466,2024-02-01
5490,THAILAND,4348460906,2024-02-01
5520,VIETNAM,9549211747,2024-02-01
5530,LAOS,25299899,2024-02-01
5550,CAMBODIA,876249023,2024-02-01
5570,MALAYSIA,3534434368,2024-02-01
5590,SINGAPORE,3386098581,2024-02-01
5600,INDONESIA,2137850639,2024-02-01
5601,TIMOR-LESTE,210874,2024-02-01
5610,BRUNEI,61510743,2024-02-01
5650,PHILIPPINES,914944243,2024-02-01
5660,MACAU,8909485,2024-02-01
5682,BHUTAN,13,2024-02-01
5683,MALDIVES,178452,2024-02-01
5700,CHINA,31863625771,2024-02-01
5830,TAIWAN,6795869681,2024-02-01
5740,MONGOLIA,3886284,2024-02-01
5800,"KOREA, SOUTH",9632896603,2024-02-01
5820,HONG KONG,216177081,2024-02-01
5880,JAPAN,11744552042,2024-02-01
5XXX,ASIA,97595485479,2024-02-01
6021,AUSTRALIA,1137585769,2024-02-01
6022,NORFOLK ISLAND,0,2024-02-01
6023,COCOS (KEELING) ISLANDS,398853,2024-02-01
6024,CHRISTMAS ISLAND,182459,2024-02-01
6040,PAPUA NEW GUINEA,12452267,2024-02-01
6141,NEW ZEALAND,376232267,2024-02-01
6142,COOK ISLANDS,166906,2024-02-01
6143,TOKELAU,16155,2024-02-01
6144,NIUE,155333,2024-02-01
6150,SAMOA,332640,2024-02-01
6223,SOLOMON ISLANDS,94363,2024-02-01
6224,VANUATU,724741,2024-02-01
6225,PITCAIRN ISLANDS,188,2024-02-01
6226,KIRIBATI,17036,2024-02-01
6227,TUVALU,21414,2024-02-01
6412,NEW CALEDONIA,137086,2024-02-01
6413,WALLIS AND FUTUNA,10519,2024-02-01
6414,FRENCH POLYNESIA,2025748,2024-02-01
6810,MARSHALL ISLANDS,1521353,2024-02-01
6820,MICRONESIA,101222,2024-02-01
6830,PALAU,696260,2024-02-01
6862,NAURU,371325,2024-02-01
6863,FIJI,15912817,2024-02-01
6864,TONGA,59104,2024-02-01
6XXX,AUSTRALIA AND OCEANIA,1549215825,2024-02-01
7140,MOROCCO,151543164,2024-02-01
7210,ALGERIA,172293577,2024-02-01
7230,TUNISIA,90161680,2024-02-01
7323,SOUTH SUDAN,3727,2024-02-01
7250,LIBYA,82317760,2024-02-01
7290,EGYPT,207492264,2024-02-01
7321,SUDAN,374,2024-02-01
7380,EQUATORIAL GUINEA,9014966,2024-02-01
7410,MAURITANIA,118949,2024-02-01
7420,CAMEROON,30377618,2024-02-01
7440,SENEGAL,28565928,2024-02-01
7450,MALI,680713,2024-02-01
7460,GUINEA,444606,2024-02-01
7470,SIERRA LEONE,949720,2024-02-01
7480,COTE D'IVOIRE,123769103,2024-02-01
7490,GHANA,181587224,2024-02-01
7500,GAMBIA,339784,2024-02-01
7510,NIGER,742161,2024-02-01
7520,TOGO,8594729,2024-02-01
7530,NIGERIA,369215318,2024-02-01
7540,CENTRAL AFRICAN REPUBLIC,283493,2024-02-01
7550,GABON,2181086,2024-02-01
7560,CHAD,23521,2024-02-01
7580,ST HELENA,2793632,2024-02-01
7600,BURKINA FASO,152138,2024-02-01
7610,BENIN,3691413,2024-02-01
7620,ANGOLA,59403057,2024-02-01
7630,CONGO,2237337,2024-02-01
7642,GUINEA-BISSAU,1639,2024-02-01
7643,CABO VERDE,19342,2024-02-01
7644,SAO TOME AND PRINCIPE,24471,2024-02-01
7650,LIBERIA,2229851,2024-02-01
7660,DEMOCRATIC REPUBLIC OF THE CONGO,2217316,2024-02-01
7670,BURUNDI,140517,2024-02-01
7690,RWANDA,2573984,2024-02-01
7700,SOMALIA,152861,2024-02-01
7741,ERITREA,24570,2024-02-01
7749,ETHIOPIA,22825492,2024-02-01
7800,SEYCHELLES,744310,2024-02-01
7770,DJIBOUTI,1682562,2024-02-01
7780,UGANDA,5946543,2024-02-01
7790,KENYA,42510519,2024-02-01
7810,BRITISH INDIAN OCEAN TERRITORIES,1344,2024-02-01
7830,TANZANIA,17819433,2024-02-01
7850,MAURITIUS,21012526,2024-02-01
7870,MOZAMBIQUE,2970964,2024-02-01
7880,MADAGASCAR,54056628,2024-02-01
7881,MAYOTTE,9477,2024-02-01
7890,COMOROS,31856,2024-02-01
7904,REUNION,4007085,2024-02-01
7905,FRENCH SOUTHERN AND ANTARCTIC LANDS,189,2024-02-01
7910,SOUTH AFRICA,976361578,2024-02-01
7920,NAMIBIA,9087295,2024-02-01
7930,BOTSWANA,21471415,2024-02-01
7940,ZAMBIA,4753247,2024-02-01
7950,ESWATINI,221677,2024-02-01
7960,ZIMBABWE,3056928,2024-02-01
7970,MALAWI,2410145,2024-02-01
7990,LESOTHO,29584360,2024-02-01
7XXX,AFRICA,2756929166,2024-02-01
-,TOTAL FOR ALL COUNTRIES,259086624839,2024-03-01
0003,EUROPEAN UNION,50598835765,2024-03-01
0014,PACIFIC RIM COUNTRIES,74764249577,2024-03-01
0017,CAFTA-DR,3127891096,2024-03-01
0020,USMCA (NAFTA),75564317593,2024-03-01
0021,TWENTY LATIN AMERICAN REPUBLICS,53282572286,2024-03-01
0022,OECD,165487668425,2024-03-01
0023,NATO,82660805134,2024-03-01
0024,LAFTA,50054958666,2024-03-01
0025,EURO AREA,44920779612,2024-03-01
0026,APEC,167690998945,2024-03-01
0027,ASEAN,26955985960,2024-03-01
0028,CACM,2489726220,2024-03-01
1010,GREENLAND,3220874,2024-03-01
1220,CANADA,34033740130,2024-03-01
1610,ST PIERRE AND MIQUELON,0,2024-03-01
1XXX,NORTH AMERICA,75567538467,2024-03-01
2010,MEXICO,41530577463,2024-03-01
2050,GUATEMALA,429606514,2024-03-01
2080,BELIZE,5075242,2024-03-01
2110,EL SALVADOR,214899421,2024-03-01
2150,HONDURAS,487191345,2024-03-01
2190,NICARAGUA,386179188,2024-03-01
2230,COSTA RICA,971849752,2024-03-01
2250,PANAMA,41580180,2024-03-01
2320,BERMUDA,600389,2024-03-01
2360,BAHAMAS,59177780,2024-03-01
2390,CUBA,6500,2024-03-01
2410,JAMAICA,39807069,2024-03-01
2430,TURKS AND CAICOS ISLANDS,840357,2024-03-01
2440,CAYMAN ISLANDS,2231869,2024-03-01
2450,HAITI,58135844,2024-03-01
2470,DOMINICAN REPUBLIC,638164876,2024-03-01
2481,ANGUILLA,161145,2024-03-01
2482,BRITISH VIRGIN ISLANDS,2094721,2024-03-01
2483,ST KITTS AND NEVIS,1509543,2024-03-01
2484,ANTIGUA AND BARBUDA,275411,2024-03-01
2485,MONTSERRAT,2043298,2024-03-01
2486,DOMINICA,100797,2024-03-01
2720,BARBADOS,4320091,2024-03-01
2487,ST LUCIA,764490,2024-03-01
2488,ST VINCENT AND THE GRENADINES,166439,2024-03-01
2489,GRENADA,1418642,2024-03-01
2740,TRINIDAD AND TOBAGO,316584255,2024-03-01
2774,SINT MAARTEN,7999232,2024-03-01
2777,CURACAO,3389736,2024-03-01
2779,ARUBA,693737,2024-03-01
2831,GUADELOUPE,304589,2024-03-01
2839,MARTINIQUE,153491,2024-03-01
2XXX,CENTRAL AMERICA,3677325943,2024-03-01
3010,COLOMBIA,1351869849,2024-03-01
3070,VENEZUELA,389689758,2024-03-01
3120,GUYANA,366574798,2024-03-01
3150,SURINAME,5232909,2024-03-01
3170,FRENCH GUIANA,181072,2024-03-01
3310,ECUADOR,737310126,2024-03-01
3330,PERU,563394511,2024-03-01
3350,BOLIVIA,36894382,2024-03-01
3370,CHILE,1380342343,2024-03-01
3510,BRAZIL,3181865895,2024-03-01
3530,PARAGUAY,19535729,2024-03-01
3550,URUGUAY,79507381,2024-03-01
3570,ARGENTINA,783971229,2024-03-01
3720,FALKLAND ISLANDS (ISLAS MALVINAS),7084,2024-03-01
3XXX,SOUTH AMERICA,8896377066,2024-03-01
4000,ICELAND,76615302,2024-03-01
4010,SWEDEN,1768461292,2024-03-01
4031,"SVALBARD, JAN MAYEN ISLAND",0,2024-03-01
4039,NORWAY,435675128,2024-03-01
4120,UNITED KINGDOM,5768134291,2024-03-01
4050,FINLAND,584952963,2024-03-01
4091,FAROE ISLANDS,23226877,2024-03-01
4099,DENMARK,809993493,2024-03-01
4190,IRELAND,7977665851,2024-03-01
4210,NETHERLANDS,2363745964,2024-03-01
4231,BELGIUM,2318336903,2024-03-01
4239,LUXEMBOURG,41220150,2024-03-01
4271,ANDORRA,501309,2024-03-01
4272,MONACO,1308511,2024-03-01
4279,FRANCE,4956468594,2024-03-01
4280,GERMANY,14278864198,2024-03-01
4330,AUSTRIA,1588523195,2024-03-01
4351,CZECH REPUBLIC,702215958,2024-03-01
4359,SLOVAKIA,571417415,2024-03-01
4370,HUNGARY,825611345,2024-03-01
4411,LIECHTENSTEIN,17832386,2024-03-01
4419,SWITZERLAND,3667622788,2024-03-01
4470,ESTONIA,93494226,2024-03-01
4490,LATVIA,65109547,2024-03-01
4510,LITHUANIA,179838577,2024-03-01
4550,POLAND,1127050784,2024-03-01
4621,RUSSIA,426928120,2024-03-01
4622,BELARUS,1907871,2024-03-01
4623,UKRAINE,101315281,2024-03-01
4631,ARMENIA,7794855,2024-03-01
4632,AZERBAIJAN,9665626,2024-03-01
4633,GEORGIA,3596497,2024-03-01
4642,TAJIKISTAN,58216,2024-03-01
4634,KAZAKHSTAN,136120059,2024-03-01
4635,KYRGYZSTAN,638389,2024-03-01
4641,MOLDOVA,12963870,2024-03-01
4643,TURKMENISTAN,43935,2024-03-01
4644,UZBEKISTAN,1250204,2024-03-01
4700,SPAIN,1960776169,2024-03-01
4710,PORTUGAL,764854206,2024-03-01
4720,GIBRALTAR,197961,2024-03-01
4730,MALTA,10460375,2024-03-01
4751,SAN MARINO,1935837,2024-03-01
4752,VATICAN CITY,125600,2024-03-01
4759,ITALY,6384080169,2024-03-01
4791,CROATIA,93763401,2024-03-01
4792,SLOVENIA,469803661,2024-03-01
4793,BOSNIA AND HERZEGOVINA,13101039,2024-03-01
4794,MACEDONIA,16087122,2024-03-01
4801,SERBIA,63965653,2024-03-01
4803,KOSOVO,2913062,2024-03-01
4804,MONTENEGRO,894168,2024-03-01
4810,ALBANIA,5924550,2024-03-01
4840,GREECE,211809120,2024-03-01
4850,ROMANIA,310147225,2024-03-01
4870,BULGARIA,134576056,2024-03-01
4890,TURKEY,1423812268,2024-03-01
4910,CYPRUS,5594928,2024-03-01
4XXX,EUROPE,62820992540,2024-03-01
5020,SYRIA,235260,2024-03-01
5040,LEBANON,15087567,2024-03-01
5050,IRAQ,489835012,2024-03-01
5070,IRAN,141341,2024-03-01
5110,JORDAN,293677392,2024-03-01
5081,ISRAEL,1973415502,2024-03-01
5082,GAZA STRIP ADMINISTERED BY ISRAEL,13178,2024-03-01
5083,WEST BANK ADMINISTERED BY ISRAEL,950573,2024-03-01
5130,KUWAIT,97496318,2024-03-01
5170,SAUDI ARABIA,1260756378,2024-03-01
5180,QATAR,233681143,2024-03-01
5200,UNITED ARAB EMIRATES,501440437,2024-03-01
5210,YEMEN,457966,2024-03-01
5230,OMAN,139701980,2024-03-01
5250,BAHRAIN,86956039,2024-03-01
5310,AFGHANISTAN,2921148,2024-03-01
5330,INDIA,7567931188,2024-03-01
5350,PAKISTAN,427036938,2024-03-01
5360,NEPAL,10069509,2024-03-01
5380,BANGLADESH,657876396,2024-03-01
5420,SRI LANKA,264531009,2024-03-01
5460,BURMA,49479858,2024-03-01
5490,THAILAND,5038589811,2024-03-01
5520,VIETNAM,9960676194,2024-03-01
5530,LAOS,26959477,2024-03-01
5550,CAMBODIA,951369289,2024-03-01
5570,MALAYSIA,4119412999,2024-03-01
5590,SINGAPORE,3388463615,2024-03-01
5600,INDONESIA,2256710741,2024-03-01
5601,TIMOR-LESTE,247490,2024-03-01
5610,BRUNEI,10681461,2024-03-01
5650,PHILIPPINES,1153642515,2024-03-01
5660,MACAU,7499204,2024-03-01
5740,MONGOLIA,3363811,2024-03-01
5682,BHUTAN,19698,2024-03-01
5683,MALDIVES,508020,2024-03-01
5700,CHINA,29924780142,2024-03-01
5800,"KOREA, SOUTH",11639779295,2024-03-01
5820,HONG KONG,560986513,2024-03-01
5830,TAIWAN,7940317047,2024-03-01
5880,JAPAN,12193317836,2024-03-01
5XXX,ASIA,103251017290,2024-03-01
6021,AUSTRALIA,1104112262,2024-03-01
6022,NORFOLK ISLAND,10707,2024-03-01
6023,COCOS (KEELING) ISLANDS,71057,2024-03-01
6024,CHRISTMAS ISLAND,95749,2024-03-01
6040,PAPUA NEW GUINEA,3367786,2024-03-01
6141,NEW ZEALAND,461178161,2024-03-01
6142,COOK ISLANDS,9357,2024-03-01
6143,TOKELAU,27272,2024-03-01
6144,NIUE,278164,2024-03-01
6150,SAMOA,781970,2024-03-01
6223,SOLOMON ISLANDS,169302,2024-03-01
6224,VANUATU,1630516,2024-03-01
6225,PITCAIRN ISLANDS,744,2024-03-01
6226,KIRIBATI,22098,2024-03-01
6227,TUVALU,5253,2024-03-01
6412,NEW CALEDONIA,2595661,2024-03-01
6413,WALLIS AND FUTUNA,176,2024-03-01
6414,FRENCH POLYNESIA,3514009,2024-03-01
6810,MARSHALL ISLANDS,1396848,2024-03-01
6820,MICRONESIA,92344,2024-03-01
6830,PALAU,54973,2024-03-01
6862,NAURU,391413,2024-03-01
6863,FIJI,18047367,2024-03-01
6864,TONGA,212027,2024-03-01
6XXX,AUSTRALIA AND OCEANIA,1598065216,2024-03-01
7250,LIBYA,169639921,2024-03-01
7140,MOROCCO,157789743,2024-03-01
7210,ALGERIA,198989843,2024-03-01
7230,TUNISIA,92124349,2024-03-01
7290,EGYPT,245487212,2024-03-01
7321,SUDAN,518703,2024-03-01
7323,SOUTH SUDAN,491,2024-03-01
7380,EQUATORIAL GUINEA,5130831,2024-03-01
7410,MAURITANIA,856763,2024-03-01
7420,CAMEROON,6830548,2024-03-01
7440,SENEGAL,18451273,2024-03-01
7450,MALI,304969,2024-03-01
7460,GUINEA,920804,2024-03-01
7470,SIERRA LEONE,1548535,2024-03-01
7480,COTE D'IVOIRE,120082962,2024-03-01
7490,GHANA,225584204,2024-03-01
7500,GAMBIA,400316,2024-03-01
7510,NIGER,904385,2024-03-01
7520,TOGO,9859485,2024-03-01
7530,NIGERIA,503324008,2024-03-01
7540,CENTRAL AFRICAN REPUBLIC,79794,2024-03-01
7550,GABON,5897594,2024-03-01
7560,CHAD,14683165,2024-03-01
7580,ST HELENA,1421253,2024-03-01
7600,BURKINA FASO,233963,2024-03-01
7610,BENIN,3033473,2024-03-01
7620,ANGOLA,132668896,2024-03-01
7630,CONGO,2115880,2024-03-01
7642,GUINEA-BISSAU,1647,2024-03-01
7643,CABO VERDE,356507,2024-03-01
7644,SAO TOME AND PRINCIPE,21044,2024-03-01
7650,LIBERIA,7750097,2024-03-01
7660,DEMOCRATIC REPUBLIC OF THE CONGO,2870811,2024-03-01
7741,ERITREA,84139,2024-03-01
7670,BURUNDI,1507669,2024-03-01
7690,RWANDA,1332518,2024-03-01
7700,SOMALIA,222979,2024-03-01
7749,ETHIOPIA,30905517,2024-03-01
7770,DJIBOUTI,4633946,2024-03-01
7780,UGANDA,11815085,2024-03-01
7790,KENYA,72959742,2024-03-01
7800,SEYCHELLES,526056,2024-03-01
7810,BRITISH INDIAN OCEAN TERRITORIES,110802,2024-03-01
7830,TANZANIA,16680396,2024-03-01
7850,MAURITIUS,14354993,2024-03-01
7870,MOZAMBIQUE,23484792,2024-03-01
7880,MADAGASCAR,66218165,2024-03-01
7881,MAYOTTE,37919,2024-03-01
7890,COMOROS,173907,2024-03-01
7904,REUNION,6653526,2024-03-01
7905,FRENCH SOUTHERN AND ANTARCTIC LANDS,979,2024-03-01
7910,SOUTH AFRICA,972658517,2024-03-01
7920,NAMIBIA,16909046,2024-03-01
7930,BOTSWANA,69241155,2024-03-01
7940,ZAMBIA,18532355,2024-03-01
7950,ESWATINI,1281922,2024-03-01
7960,ZIMBABWE,2336102,2024-03-01
7970,MALAWI,748054,2024-03-01
7990,LESOTHO,12014567,2024-03-01
7XXX,AFRICA,3275308317,2024-03-01
-,TOTAL FOR ALL COUNTRIES,270974184351,2024-04-01
0003,EUROPEAN UNION,54508329816,2024-04-01
0014,PACIFIC RIM COUNTRIES,79204178443,2024-04-01
0017,CAFTA-DR,3012152782,2024-04-01
0020,USMCA (NAFTA),77418584047,2024-04-01
0021,TWENTY LATIN AMERICAN REPUBLICS,54707208279,2024-04-01
0022,OECD,172387150293,2024-04-01
0023,NATO,84997995879,2024-04-01
0024,LAFTA,51600314125,2024-04-01
0025,EURO AREA,48798542928,2024-04-01
0026,APEC,174054221900,2024-04-01
0027,ASEAN,27982455243,2024-04-01
0028,CACM,2369398976,2024-04-01
1010,GREENLAND,1730103,2024-04-01
1220,CANADA,34385460652,2024-04-01
1610,ST PIERRE AND MIQUELON,0,2024-04-01
1XXX,NORTH AMERICA,77420314150,2024-04-01
2010,MEXICO,43033123395,2024-04-01
2050,GUATEMALA,472233298,2024-04-01
2080,BELIZE,13695812,2024-04-01
2110,EL SALVADOR,175820749,2024-04-01
2150,HONDURAS,482380871,2024-04-01
2190,NICARAGUA,402591904,2024-04-01
2230,COSTA RICA,836372154,2024-04-01
2250,PANAMA,46057851,2024-04-01
2320,BERMUDA,1585573,2024-04-01
2360,BAHAMAS,97806083,2024-04-01
2390,CUBA,1937352,2024-04-01
2410,JAMAICA,22304270,2024-04-01
2430,TURKS AND CAICOS ISLANDS,743927,2024-04-01
2440,CAYMAN ISLANDS,2076882,2024-04-01
2450,HAITI,46746169,2024-04-01
2470,DOMINICAN REPUBLIC,642753806,2024-04-01
2481,ANGUILLA,82106,2024-04-01
2482,BRITISH VIRGIN ISLANDS,1128714,2024-04-01
2483,ST KITTS AND NEVIS,3692756,2024-04-01
2484,ANTIGUA AND BARBUDA,8834268,2024-04-01
2485,MONTSERRAT,118790,2024-04-01
2486,DOMINICA,89954,2024-04-01
2720,BARBADOS,4018097,2024-04-01
2487,ST LUCIA,732571,2024-04-01
2488,ST VINCENT AND THE GRENADINES,715582,2024-04-01
2489,GRENADA,1796209,2024-04-01
2740,TRINIDAD AND TOBAGO,285777884,2024-04-01
2774,SINT MAARTEN,6192100,2024-04-01
2777,CURACAO,2122427,2024-04-01
2779,ARUBA,479747,2024-04-01
2831,GUADELOUPE,240072,2024-04-01
2839,MARTINIQUE,421207,2024-04-01
2XXX,CENTRAL AMERICA,3561549185,2024-04-01
3010,COLOMBIA,1676584792,2024-04-01
3070,VENEZUELA,495727437,2024-04-01
3120,GUYANA,478953655,2024-04-01
3150,SURINAME,5627461,2024-04-01
3170,FRENCH GUIANA,36848,2024-04-01
3310,ECUADOR,688063258,2024-04-01
3330,PERU,557345811,2024-04-01
3350,BOLIVIA,39764594,2024-04-01
3370,CHILE,1260861896,2024-04-01
3510,BRAZIL,3247186510,2024-04-01
3530,PARAGUAY,25304329,2024-04-01
3550,URUGUAY,100211677,2024-04-01
3570,ARGENTINA,476140426,2024-04-01
3720,FALKLAND ISLANDS (ISLAS MALVINAS),6095676,2024-04-01
3XXX,SOUTH AMERICA,9057904370,2024-04-01
4000,ICELAND,57327680,2024-04-01
4010,SWEDEN,1631428739,2024-04-01
4031,"SVALBARD, JAN MAYEN ISLAND",2307,2024-04-01
4039,NORWAY,577734079,2024-04-01
4120,UNITED KINGDOM,5677962571,2024-04-01
4050,FINLAND,455595115,2024-04-01
4091,FAROE ISLANDS,22116864,2024-04-01
4099,DENMARK,720029710,2024-04-01
4190,IRELAND,10189642509,2024-04-01
4210,NETHERLANDS,2908656454,2024-04-01
4231,BELGIUM,2684959448,2024-04-01
4239,LUXEMBOURG,73092990,2024-04-01
4271,ANDORRA,287825,2024-04-01
4272,MONACO,4822467,2024-04-01
4279,FRANCE,5407672553,2024-04-01
4280,GERMANY,14351303758,2024-04-01
4330,AUSTRIA,1377590474,2024-04-01
4351,CZECH REPUBLIC,698883143,2024-04-01
4359,SLOVAKIA,894178726,2024-04-01
4370,HUNGARY,977342642,2024-04-01
4411,LIECHTENSTEIN,20861780,2024-04-01
4419,SWITZERLAND,4376646989,2024-04-01
4470,ESTONIA,89068494,2024-04-01
4490,LATVIA,57726464,2024-04-01
4510,LITHUANIA,155594549,2024-04-01
4550,POLAND,1109398002,2024-04-01
4621,RUSSIA,297471100,2024-04-01
4622,BELARUS,1331326,2024-04-01
4623,UKRAINE,88166248,2024-04-01
4631,ARMENIA,3836077,2024-04-01
4632,AZERBAIJAN,15147219,2024-04-01
4633,GEORGIA,24914051,2024-04-01
4642,TAJIKISTAN,37505,2024-04-01
4634,KAZAKHSTAN,223719217,2024-04-01
4635,KYRGYZSTAN,1266538,2024-04-01
4641,MOLDOVA,12212261,2024-04-01
4643,TURKMENISTAN,9447988,2024-04-01
4644,UZBEKISTAN,2105550,2024-04-01
4700,SPAIN,1928487982,2024-04-01
4710,PORTUGAL,592487311,2024-04-01
4720,GIBRALTAR,5025,2024-04-01
4730,MALTA,9969486,2024-04-01
4751,SAN MARINO,2833490,2024-04-01
4752,VATICAN CITY,10078,2024-04-01
4759,ITALY,6786661288,2024-04-01
4791,CROATIA,91778556,2024-04-01
4792,SLOVENIA,545208052,2024-04-01
4793,BOSNIA AND HERZEGOVINA,14875864,2024-04-01
4794,MACEDONIA,10313532,2024-04-01
4801,SERBIA,63313255,2024-04-01
4803,KOSOVO,5858782,2024-04-01
4804,MONTENEGRO,661260,2024-04-01
4810,ALBANIA,5584388,2024-04-01
4840,GREECE,194465329,2024-04-01
4850,ROMANIA,392283258,2024-04-01
4870,BULGARIA,180421394,2024-04-01
4890,TURKEY,1464565496,2024-04-01
4910,CYPRUS,4403390,2024-04-01
4XXX,EUROPE,67493768628,2024-04-01
5020,SYRIA,416969,2024-04-01
5040,LEBANON,16503425,2024-04-01
5050,IRAQ,820206611,2024-04-01
5083,WEST BANK ADMINISTERED BY ISRAEL,155239,2024-04-01
5070,IRAN,159061,2024-04-01
5081,ISRAEL,1738403804,2024-04-01
5082,GAZA STRIP ADMINISTERED BY ISRAEL,0,2024-04-01
5110,JORDAN,281054366,2024-04-01
5130,KUWAIT,139401020,2024-04-01
5170,SAUDI ARABIA,1465705731,2024-04-01
5180,QATAR,234344575,2024-04-01
5200,UNITED ARAB EMIRATES,574548526,2024-04-01
5210,YEMEN,643590,2024-04-01
5230,OMAN,115841574,2024-04-01
5250,BAHRAIN,116722977,2024-04-01
5310,AFGHANISTAN,1548738,2024-04-01
5330,INDIA,7950091040,2024-04-01
5350,PAKISTAN,409406196,2024-04-01
5360,NEPAL,10650673,2024-04-01
5380,BANGLADESH,633748616,2024-04-01
5420,SRI LANKA,245998986,2024-04-01
5460,BURMA,43816903,2024-04-01
5490,THAILAND,5278374426,2024-04-01
5520,VIETNAM,10047287212,2024-04-01
5530,LAOS,28305555,2024-04-01
5550,CAMBODIA,848053403,2024-04-01
5570,MALAYSIA,4072078987,2024-04-01
5590,SINGAPORE,4112511881,2024-04-01
5600,INDONESIA,2438651565,2024-04-01
5601,TIMOR-LESTE,1334715,2024-04-01
5610,BRUNEI,26082548,2024-04-01
5650,PHILIPPINES,1087292763,2024-04-01
5700,CHINA,31602676956,2024-04-01
5660,MACAU,9881035,2024-04-01
5682,BHUTAN,6802,2024-04-01
5683,MALDIVES,264041,2024-04-01
5740,MONGOLIA,1445758,2024-04-01
5800,"KOREA, SOUTH",11643114294,2024-04-01
5820,HONG KONG,553632657,2024-04-01
5830,TAIWAN,9094954119,2024-04-01
5880,JAPAN,12739640286,2024-04-01
5XXX,ASIA,108384957623,2024-04-01
6021,AUSTRALIA,1297188099,2024-04-01
6022,NORFOLK ISLAND,3682,2024-04-01
6023,COCOS (KEELING) ISLANDS,30235,2024-04-01
6024,CHRISTMAS ISLAND,54607,2024-04-01
6029,HEARD AND MCDONALD ISLANDS,4484,2024-04-01
6040,PAPUA NEW GUINEA,7504920,2024-04-01
6141,NEW ZEALAND,518968333,2024-04-01
6142,COOK ISLANDS,3453,2024-04-01
6143,TOKELAU,9768,2024-04-01
6144,NIUE,453702,2024-04-01
6150,SAMOA,121859,2024-04-01
6223,SOLOMON ISLANDS,29045,2024-04-01
6224,VANUATU,451510,2024-04-01
6225,PITCAIRN ISLANDS,250,2024-04-01
6226,KIRIBATI,27756,2024-04-01
6227,TUVALU,26850,2024-04-01
6412,NEW CALEDONIA,5537938,2024-04-01
6413,WALLIS AND FUTUNA,340,2024-04-01
6414,FRENCH POLYNESIA,2708599,2024-04-01
6810,MARSHALL ISLANDS,1779005,2024-04-01
6820,MICRONESIA,36482,2024-04-01
6830,PALAU,60051,2024-04-01
6862,NAURU,362737,2024-04-01
6863,FIJI,18792198,2024-04-01
7210,ALGERIA,178522270,2024-04-01
6864,TONGA,171652,2024-04-01
6XXX,AUSTRALIA AND OCEANIA,1854327555,2024-04-01
7140,MOROCCO,163621425,2024-04-01
7230,TUNISIA,99955329,2024-04-01
7250,LIBYA,132891366,2024-04-01
7290,EGYPT,234163950,2024-04-01
7321,SUDAN,2546292,2024-04-01
7323,SOUTH SUDAN,7300,2024-04-01
7380,EQUATORIAL GUINEA,15813815,2024-04-01
7410,MAURITANIA,179089,2024-04-01
7420,CAMEROON,47283281,2024-04-01
7440,SENEGAL,15330740,2024-04-01
7450,MALI,727324,2024-04-01
7460,GUINEA,1454901,2024-04-01
7470,SIERRA LEONE,1436363,2024-04-01
7480,COTE D'IVOIRE,66662168,2024-04-01
7490,GHANA,41099509,2024-04-01
7500,GAMBIA,104567,2024-04-01
7510,NIGER,1401497,2024-04-01
7520,TOGO,6284521,2024-04-01
7530,NIGERIA,732203115,2024-04-01
7540,CENTRAL AFRICAN REPUBLIC,20741,2024-04-01
7550,GABON,11973633,2024-04-01
7560,CHAD,69543,2024-04-01
7580,ST HELENA,1847048,2024-04-01
7600,BURKINA FASO,101292,2024-04-01
7610,BENIN,3888108,2024-04-01
7620,ANGOLA,212492590,2024-04-01
7630,CONGO,2380750,2024-04-01
7642,GUINEA-BISSAU,4804,2024-04-01
7643,CABO VERDE,348689,2024-04-01
7644,SAO TOME AND PRINCIPE,23258,2024-04-01
7690,RWANDA,1645118,2024-04-01
7650,LIBERIA,5804994,2024-04-01
7660,DEMOCRATIC REPUBLIC OF THE CONGO,7871012,2024-04-01
7670,BURUNDI,398210,2024-04-01
7700,SOMALIA,376349,2024-04-01
7741,ERITREA,64544,2024-04-01
7749,ETHIOPIA,30140004,2024-04-01
7770,DJIBOUTI,2473233,2024-04-01
7780,UGANDA,6742072,2024-04-01
7790,KENYA,51357030,2024-04-01
7800,SEYCHELLES,683445,2024-04-01
7810,BRITISH INDIAN OCEAN TERRITORIES,476,2024-04-01
7830,TANZANIA,25236434,2024-04-01
7850,MAURITIUS,12879347,2024-04-01
7870,MOZAMBIQUE,11557215,2024-04-01
7880,MADAGASCAR,55569359,2024-04-01
7881,MAYOTTE,225040,2024-04-01
7890,COMOROS,61327,2024-04-01
7904,REUNION,2790886,2024-04-01
7905,FRENCH SOUTHERN AND ANTARCTIC LANDS,13218,2024-04-01
7910,SOUTH AFRICA,919711956,2024-04-01
7920,NAMIBIA,14609937,2024-04-01
7930,BOTSWANA,26803595,2024-04-01
7940,ZAMBIA,15094538,2024-04-01
7950,ESWATINI,970210,2024-04-01
7960,ZIMBABWE,8495850,2024-04-01
7970,MALAWI,2453104,2024-04-01
7990,LESOTHO,22495059,2024-04-01
7XXX,AFRICA,3201362840,2024-04-01
-,TOTAL FOR ALL COUNTRIES,274906201328,2024-05-01
0003,EUROPEAN UNION,50305341526,2024-05-01
0014,PACIFIC RIM COUNTRIES,82101987156,2024-05-01
0017,CAFTA-DR,3290263166,2024-05-01
0020,USMCA (NAFTA),79527334915,2024-05-01
0021,TWENTY LATIN AMERICAN REPUBLICS,56668918115,2024-05-01
0022,OECD,170492926795,2024-05-01
0023,NATO,84783813908,2024-05-01
0024,LAFTA,53269340550,2024-05-01
0025,EURO AREA,44803417125,2024-05-01
0026,APEC,180387656627,2024-05-01
0027,ASEAN,28494969991,2024-05-01
0028,CACM,2581690893,2024-05-01
1010,GREENLAND,2443813,2024-05-01
1220,CANADA,35640449318,2024-05-01
1610,ST PIERRE AND MIQUELON,0,2024-05-01
1XXX,NORTH AMERICA,79529778728,2024-05-01
2010,MEXICO,43886885597,2024-05-01
2050,GUATEMALA,463961737,2024-05-01
2080,BELIZE,9336613,2024-05-01
2110,EL SALVADOR,216972319,2024-05-01
2150,HONDURAS,503216273,2024-05-01
2190,NICARAGUA,405990550,2024-05-01
2230,COSTA RICA,991550014,2024-05-01
2250,PANAMA,42137209,2024-05-01
2320,BERMUDA,5285733,2024-05-01
2360,BAHAMAS,163873460,2024-05-01
2390,CUBA,127916,2024-05-01
2410,JAMAICA,31204280,2024-05-01
2430,TURKS AND CAICOS ISLANDS,1112553,2024-05-01
2440,CAYMAN ISLANDS,2754265,2024-05-01
2450,HAITI,67049274,2024-05-01
2470,DOMINICAN REPUBLIC,708572273,2024-05-01
2481,ANGUILLA,123079,2024-05-01
2482,BRITISH VIRGIN ISLANDS,334278,2024-05-01
2483,ST KITTS AND NEVIS,1783348,2024-05-01
2484,ANTIGUA AND BARBUDA,2539822,2024-05-01
2485,MONTSERRAT,66612,2024-05-01
2486,DOMINICA,148620,2024-05-01
2720,BARBADOS,3459427,2024-05-01
2487,ST LUCIA,771282,2024-05-01
2488,ST VINCENT AND THE GRENADINES,1222882,2024-05-01
2489,GRENADA,2016600,2024-05-01
2740,TRINIDAD AND TOBAGO,186004921,2024-05-01
2774,SINT MAARTEN,9232420,2024-05-01
2777,CURACAO,5162417,2024-05-01
2779,ARUBA,759743,2024-05-01
2831,GUADELOUPE,244353,2024-05-01
2839,MARTINIQUE,100707,2024-05-01
2XXX,CENTRAL AMERICA,3827114980,2024-05-01
3010,COLOMBIA,1578626887,2024-05-01
3070,VENEZUELA,549502225,2024-05-01
3120,GUYANA,535087241,2024-05-01
3150,SURINAME,16828191,2024-05-01
3170,FRENCH GUIANA,199988,2024-05-01
3310,ECUADOR,917524802,2024-05-01
3330,PERU,535248394,2024-05-01
3350,BOLIVIA,45005738,2024-05-01
3370,CHILE,1386456150,2024-05-01
3510,BRAZIL,3702362432,2024-05-01
3530,PARAGUAY,15484634,2024-05-01
3550,URUGUAY,104236201,2024-05-01
3570,ARGENTINA,548007490,2024-05-01
3720,FALKLAND ISLANDS (ISLAS MALVINAS),3883987,2024-05-01
3XXX,SOUTH AMERICA,9938454360,2024-05-01
4000,ICELAND,69114811,2024-05-01
4010,SWEDEN,1625348742,2024-05-01
4031,"SVALBARD, JAN MAYEN ISLAND",3535,2024-05-01
4039,NORWAY,672869328,2024-05-01
4120,UNITED KINGDOM,5612623757,2024-05-01
4050,FINLAND,599456347,2024-05-01
4091,FAROE ISLANDS,18198130,2024-05-01
4099,DENMARK,812009033,2024-05-01
4190,IRELAND,7302668949,2024-05-01
4210,NETHERLANDS,2824377055,2024-05-01
4231,BELGIUM,2509666959,2024-05-01
4239,LUXEMBOURG,82495160,2024-05-01
4271,ANDORRA,162456,2024-05-01
4272,MONACO,1265225,2024-05-01
4279,FRANCE,4920482021,2024-05-01
4280,GERMANY,13829281957,2024-05-01
4330,AUSTRIA,1475281456,2024-05-01
4351,CZECH REPUBLIC,685441018,2024-05-01
4359,SLOVAKIA,628903359,2024-05-01
4370,HUNGARY,839299930,2024-05-01
4411,LIECHTENSTEIN,21073568,2024-05-01
4419,SWITZERLAND,4180917665,2024-05-01
4470,ESTONIA,77655401,2024-05-01
4490,LATVIA,52050980,2024-05-01
4510,LITHUANIA,211823831,2024-05-01
4550,POLAND,1043973014,2024-05-01
4621,RUSSIA,438457304,2024-05-01
4622,BELARUS,1363420,2024-05-01
4623,UKRAINE,107981004,2024-05-01
4631,ARMENIA,8331209,2024-05-01
4632,AZERBAIJAN,55769968,2024-05-01
4633,GEORGIA,8187260,2024-05-01
4642,TAJIKISTAN,44728,2024-05-01
4634,KAZAKHSTAN,187924921,2024-05-01
4635,KYRGYZSTAN,835245,2024-05-01
4641,MOLDOVA,14797150,2024-05-01
4643,TURKMENISTAN,148604,2024-05-01
4644,UZBEKISTAN,3579073,2024-05-01
4700,SPAIN,1910635851,2024-05-01
4710,PORTUGAL,489979850,2024-05-01
4720,GIBRALTAR,163895,2024-05-01
4730,MALTA,17147000,2024-05-01
4751,SAN MARINO,2995746,2024-05-01
4752,VATICAN CITY,26889,2024-05-01
4759,ITALY,7034290754,2024-05-01
4791,CROATIA,95626814,2024-05-01
4792,SLOVENIA,551534498,2024-05-01
4793,BOSNIA AND HERZEGOVINA,16569526,2024-05-01
4794,MACEDONIA,12880160,2024-05-01
4801,SERBIA,59833115,2024-05-01
4803,KOSOVO,1437289,2024-05-01
4804,MONTENEGRO,549632,2024-05-01
4810,ALBANIA,5040417,2024-05-01
4840,GREECE,186053621,2024-05-01
4850,ROMANIA,383344834,2024-05-01
4870,BULGARIA,112507830,2024-05-01
4890,TURKEY,1378144649,2024-05-01
4910,CYPRUS,4005262,2024-05-01
4XXX,EUROPE,63186631205,2024-05-01
5020,SYRIA,630378,2024-05-01
5040,LEBANON,22546117,2024-05-01
5050,IRAQ,681571200,2024-05-01
5083,WEST BANK ADMINISTERED BY ISRAEL,339646,2024-05-01
5070,IRAN,756515,2024-05-01
5081,ISRAEL,2033687303,2024-05-01
5082,GAZA STRIP ADMINISTERED BY ISRAEL,0,2024-05-01
5110,JORDAN,261995238,2024-05-01
5130,KUWAIT,305451820,2024-05-01
5170,SAUDI ARABIA,1525399600,2024-05-01
5180,QATAR,121744606,2024-05-01
5200,UNITED ARAB EMIRATES,572524382,2024-05-01
5210,YEMEN,1471547,2024-05-01
5230,OMAN,132336565,2024-05-01
5250,BAHRAIN,103299186,2024-05-01
5310,AFGHANISTAN,1446195,2024-05-01
5330,INDIA,8312918075,2024-05-01
5350,PAKISTAN,398695756,2024-05-01
5360,NEPAL,10748709,2024-05-01
5380,BANGLADESH,690206900,2024-05-01
5420,SRI LANKA,277427601,2024-05-01
5460,BURMA,45595718,2024-05-01
5490,THAILAND,5075016993,2024-05-01
5520,VIETNAM,11332236633,2024-05-01
5530,LAOS,27829600,2024-05-01
5550,CAMBODIA,896652932,2024-05-01
5570,MALAYSIA,4286100632,2024-05-01
5590,SINGAPORE,3521567340,2024-05-01
5600,INDONESIA,2196181954,2024-05-01
5601,TIMOR-LESTE,353754,2024-05-01
5610,BRUNEI,23553994,2024-05-01
5650,PHILIPPINES,1090234195,2024-05-01
5700,CHINA,34995265867,2024-05-01
5660,MACAU,9080918,2024-05-01
5682,BHUTAN,126034,2024-05-01
5683,MALDIVES,352638,2024-05-01
5740,MONGOLIA,1083116,2024-05-01
5790,"KOREA, NORTH",57465,2024-05-01
5800,"KOREA, SOUTH",12282228505,2024-05-01
5820,HONG KONG,792561416,2024-05-01
5830,TAIWAN,8980007560,2024-05-01
5880,JAPAN,12246768382,2024-05-01
5XXX,ASIA,113258052985,2024-05-01
6021,AUSTRALIA,1175804342,2024-05-01
6022,NORFOLK ISLAND,20547,2024-05-01
6023,COCOS (KEELING) ISLANDS,47683,2024-05-01
6024,CHRISTMAS ISLAND,861,2024-05-01
6029,HEARD AND MCDONALD ISLANDS,0,2024-05-01
6040,PAPUA NEW GUINEA,4490038,2024-05-01
6141,NEW ZEALAND,498142013,2024-05-01
6142,COOK ISLANDS,331381,2024-05-01
6143,TOKELAU,23313,2024-05-01
6144,NIUE,456953,2024-05-01
6150,SAMOA,624550,2024-05-01
6223,SOLOMON ISLANDS,325738,2024-05-01
6224,VANUATU,306307,2024-05-01
6225,PITCAIRN ISLANDS,2,2024-05-01
6226,KIRIBATI,51585,2024-05-01
6227,TUVALU,44079,2024-05-01
6412,NEW CALEDONIA,3114685,2024-05-01
6413,WALLIS AND FUTUNA,0,2024-05-01
6414,FRENCH POLYNESIA,3015040,2024-05-01
6810,MARSHALL ISLANDS,1197566,2024-05-01
6820,MICRONESIA,90411,2024-05-01
6830,PALAU,42082,2024-05-01
6862,NAURU,55708,2024-05-01
7140,MOROCCO,136540210,2024-05-01
6863,FIJI,16640929,2024-05-01
6864,TONGA,209980,2024-05-01
6XXX,AUSTRALIA AND OCEANIA,1705035793,2024-05-01
7210,ALGERIA,306945173,2024-05-01
7230,TUNISIA,142192239,2024-05-01
7250,LIBYA,232192138,2024-05-01
7290,EGYPT,193231803,2024-05-01
7321,SUDAN,1513,2024-05-01
7323,SOUTH SUDAN,38161,2024-05-01
7380,EQUATORIAL GUINEA,8770208,2024-05-01
7410,MAURITANIA,127033,2024-05-01
7420,CAMEROON,42049832,2024-05-01
7440,SENEGAL,6342590,2024-05-01
7450,MALI,886571,2024-05-01
7460,GUINEA,359021,2024-05-01
7470,SIERRA LEONE,1427908,2024-05-01
7480,COTE D'IVOIRE,88325363,2024-05-01
7490,GHANA,106390128,2024-05-01
7500,GAMBIA,8107,2024-05-01
7510,NIGER,126293,2024-05-01
7520,TOGO,10846396,2024-05-01
7530,NIGERIA,516744971,2024-05-01
7540,CENTRAL AFRICAN REPUBLIC,24162,2024-05-01
7550,GABON,33054172,2024-05-01
7560,CHAD,158735,2024-05-01
7580,ST HELENA,1986425,2024-05-01
7600,BURKINA FASO,313969,2024-05-01
7610,BENIN,3607735,2024-05-01
7620,ANGOLA,123684070,2024-05-01
7630,CONGO,2197471,2024-05-01
7642,GUINEA-BISSAU,1618,2024-05-01
7660,DEMOCRATIC REPUBLIC OF THE CONGO,22028374,2024-05-01
7643,CABO VERDE,438159,2024-05-01
7644,SAO TOME AND PRINCIPE,10480,2024-05-01
7650,LIBERIA,2996829,2024-05-01
7670,BURUNDI,302485,2024-05-01
7690,RWANDA,382861,2024-05-01
7700,SOMALIA,126730,2024-05-01
7741,ERITREA,7470,2024-05-01
7749,ETHIOPIA,34498532,2024-05-01
7770,DJIBOUTI,4458137,2024-05-01
7780,UGANDA,13570857,2024-05-01
7790,KENYA,69747144,2024-05-01
7800,SEYCHELLES,785693,2024-05-01
7810,BRITISH INDIAN OCEAN TERRITORIES,283460,2024-05-01
7830,TANZANIA,31401402,2024-05-01
7850,MAURITIUS,26298378,2024-05-01
7870,MOZAMBIQUE,26292307,2024-05-01
7880,MADAGASCAR,77343793,2024-05-01
7881,MAYOTTE,62007,2024-05-01
7890,COMOROS,86524,2024-05-01
7904,REUNION,20830,2024-05-01
7905,FRENCH SOUTHERN AND ANTARCTIC LANDS,2426,2024-05-01
7910,SOUTH AFRICA,1014762019,2024-05-01
7920,NAMIBIA,18955610,2024-05-01
7930,BOTSWANA,86897713,2024-05-01
7940,ZAMBIA,24032289,2024-05-01
7950,ESWATINI,1003949,2024-05-01
7960,ZIMBABWE,10170907,2024-05-01
7970,MALAWI,13607310,2024-05-01
7990,LESOTHO,21984587,2024-05-01
7XXX,AFRICA,3461133277,2024-05-01
-,TOTAL FOR ALL COUNTRIES,266056635255,2024-06-01
0003,EUROPEAN UNION,48798414569,2024-06-01
0014,PACIFIC RIM COUNTRIES,80542365465,2024-06-01
0017,CAFTA-DR,3154151121,2024-06-01
0020,USMCA (NAFTA),76624958305,2024-06-01
0021,TWENTY LATIN AMERICAN REPUBLICS,54042846603,2024-06-01
0022,OECD,164656084316,2024-06-01
0023,NATO,81941014105,2024-06-01
0024,LAFTA,50759313305,2024-06-01
0025,EURO AREA,43243762186,2024-06-01
0026,APEC,175665630359,2024-06-01
0027,ASEAN,28933223349,2024-06-01
0028,CACM,2474741529,2024-06-01
1010,GREENLAND,2567388,2024-06-01
1220,CANADA,34411909387,2024-06-01
1610,ST PIERRE AND MIQUELON,0,2024-06-01
1XXX,NORTH AMERICA,76627525693,2024-06-01
2010,MEXICO,42213048918,2024-06-01
2050,GUATEMALA,396560425,2024-06-01
2080,BELIZE,5079524,2024-06-01
2110,EL SALVADOR,179254836,2024-06-01
2150,HONDURAS,506089813,2024-06-01
2190,NICARAGUA,363195104,2024-06-01
2230,COSTA RICA,1029641351,2024-06-01
2250,PANAMA,70314266,2024-06-01
2320,BERMUDA,911610,2024-06-01
2360,BAHAMAS,153783764,2024-06-01
2390,CUBA,1449037,2024-06-01
2410,JAMAICA,26061542,2024-06-01
2430,TURKS AND CAICOS ISLANDS,1359552,2024-06-01
2440,CAYMAN ISLANDS,3259298,2024-06-01
2450,HAITI,57618874,2024-06-01
2470,DOMINICAN REPUBLIC,679409592,2024-06-01
2481,ANGUILLA,80332,2024-06-01
2482,BRITISH VIRGIN ISLANDS,472971,2024-06-01
2483,ST KITTS AND NEVIS,1417067,2024-06-01
2484,ANTIGUA AND BARBUDA,982472,2024-06-01
2485,MONTSERRAT,224919,2024-06-01
2486,DOMINICA,39832,2024-06-01
2720,BARBADOS,4453374,2024-06-01
2487,ST LUCIA,729798,2024-06-01
2488,ST VINCENT AND THE GRENADINES,2205889,2024-06-01
2489,GRENADA,2123415,2024-06-01
2740,TRINIDAD AND TOBAGO,302292965,2024-06-01
2774,SINT MAARTEN,3890414,2024-06-01
2777,CURACAO,2502730,2024-06-01
2779,ARUBA,724684,2024-06-01
2831,GUADELOUPE,186398,2024-06-01
2839,MARTINIQUE,19936,2024-06-01
2XXX,CENTRAL AMERICA,3796335784,2024-06-01
3010,COLOMBIA,1467046640,2024-06-01
3070,VENEZUELA,509753723,2024-06-01
3120,GUYANA,720796195,2024-06-01
3150,SURINAME,6361475,2024-06-01
3170,FRENCH GUIANA,1,2024-06-01
3310,ECUADOR,758460812,2024-06-01
3330,PERU,591995051,2024-06-01
3350,BOLIVIA,38399650,2024-06-01
3370,CHILE,1146451843,2024-06-01
3510,BRAZIL,3383453665,2024-06-01
3530,PARAGUAY,25732582,2024-06-01
3550,URUGUAY,81893535,2024-06-01
3570,ARGENTINA,543076886,2024-06-01
3720,FALKLAND ISLANDS (ISLAS MALVINAS),3255,2024-06-01
3XXX,SOUTH AMERICA,9273425313,2024-06-01
4000,ICELAND,64396769,2024-06-01
4010,SWEDEN,1451679835,2024-06-01
4031,"SVALBARD, JAN MAYEN ISLAND",9652,2024-06-01
4039,NORWAY,506145367,2024-06-01
4120,UNITED KINGDOM,5702289657,2024-06-01
4050,FINLAND,779872846,2024-06-01
4091,FAROE ISLANDS,10835726,2024-06-01
4099,DENMARK,967211631,2024-06-01
4190,IRELAND,7475595728,2024-06-01
4210,NETHERLANDS,2881144913,2024-06-01
4231,BELGIUM,2325378777,2024-06-01
4239,LUXEMBOURG,52199602,2024-06-01
4271,ANDORRA,334370,2024-06-01
4272,MONACO,3064065,2024-06-01
4279,FRANCE,4650494776,2024-06-01
4280,GERMANY,12960873676,2024-06-01
4330,AUSTRIA,1462412894,2024-06-01
4351,CZECH REPUBLIC,713698078,2024-06-01
4359,SLOVAKIA,724470453,2024-06-01
4370,HUNGARY,913472811,2024-06-01
4411,LIECHTENSTEIN,17027457,2024-06-01
4419,SWITZERLAND,4457733394,2024-06-01
4470,ESTONIA,89724050,2024-06-01
4490,LATVIA,49411641,2024-06-01
4510,LITHUANIA,148493587,2024-06-01
4550,POLAND,1070016030,2024-06-01
4621,RUSSIA,187022771,2024-06-01
4622,BELARUS,2752991,2024-06-01
4623,UKRAINE,99563166,2024-06-01
4631,ARMENIA,11999279,2024-06-01
4632,AZERBAIJAN,8495152,2024-06-01
4633,GEORGIA,5181725,2024-06-01
4642,TAJIKISTAN,67097,2024-06-01
4634,KAZAKHSTAN,320804613,2024-06-01
4635,KYRGYZSTAN,1160776,2024-06-01
4641,MOLDOVA,11447628,2024-06-01
4643,TURKMENISTAN,23741,2024-06-01
4644,UZBEKISTAN,3045717,2024-06-01
4700,SPAIN,1884145442,2024-06-01
4710,PORTUGAL,534851348,2024-06-01
4720,GIBRALTAR,7943,2024-06-01
4730,MALTA,26903021,2024-06-01
4751,SAN MARINO,1559636,2024-06-01
4752,VATICAN CITY,828,2024-06-01
4759,ITALY,6391605896,2024-06-01
4791,CROATIA,63465140,2024-06-01
4792,SLOVENIA,552331043,2024-06-01
4793,BOSNIA AND HERZEGOVINA,16011397,2024-06-01
4794,MACEDONIA,11132143,2024-06-01
4801,SERBIA,56623471,2024-06-01
4803,KOSOVO,1290344,2024-06-01
4804,MONTENEGRO,4732640,2024-06-01
4810,ALBANIA,6754955,2024-06-01
4840,GREECE,185677121,2024-06-01
4850,ROMANIA,326295317,2024-06-01
4870,BULGARIA,112278681,2024-06-01
4890,TURKEY,1490945371,2024-06-01
4910,CYPRUS,4710232,2024-06-01
4XXX,EUROPE,61800874410,2024-06-01
5020,SYRIA,277294,2024-06-01
5040,LEBANON,15685409,2024-06-01
5050,IRAQ,764218943,2024-06-01
5083,WEST BANK ADMINISTERED BY ISRAEL,393174,2024-06-01
5070,IRAN,81084,2024-06-01
5081,ISRAEL,1868907732,2024-06-01
5082,GAZA STRIP ADMINISTERED BY ISRAEL,0,2024-06-01
5110,JORDAN,258394170,2024-06-01
5130,KUWAIT,236699250,2024-06-01
5170,SAUDI ARABIA,968475164,2024-06-01
5180,QATAR,161515674,2024-06-01
5200,UNITED ARAB EMIRATES,669011861,2024-06-01
5210,YEMEN,438965,2024-06-01
5230,OMAN,76820339,2024-06-01
5250,BAHRAIN,92537215,2024-06-01
5310,AFGHANISTAN,1927319,2024-06-01
5330,INDIA,7124891446,2024-06-01
5350,PAKISTAN,441565956,2024-06-01
5360,NEPAL,10336804,2024-06-01
5380,BANGLADESH,571650411,2024-06-01
5420,SRI LANKA,192410762,2024-06-01
5460,BURMA,43413476,2024-06-01
5490,THAILAND,5106112026,2024-06-01
5520,VIETNAM,11475289195,2024-06-01
5530,LAOS,25649331,2024-06-01
5550,CAMBODIA,845303009,2024-06-01
5570,MALAYSIA,4069942325,2024-06-01
5590,SINGAPORE,4294480777,2024-06-01
5600,INDONESIA,1996291055,2024-06-01
5601,TIMOR-LESTE,132153,2024-06-01
5610,BRUNEI,17533807,2024-06-01
5650,PHILIPPINES,1059208348,2024-06-01
5700,CHINA,34169113741,2024-06-01
5660,MACAU,8564297,2024-06-01
5682,BHUTAN,107862,2024-06-01
5683,MALDIVES,210144,2024-06-01
5740,MONGOLIA,802993,2024-06-01
5790,"KOREA, NORTH",0,2024-06-01
5800,"KOREA, SOUTH",11347705347,2024-06-01
5820,HONG KONG,331475012,2024-06-01
5830,TAIWAN,9863071118,2024-06-01
5880,JAPAN,11700486984,2024-06-01
5XXX,ASIA,109811131972,2024-06-01
6021,AUSTRALIA,1154115127,2024-06-01
6022,NORFOLK ISLAND,0,2024-06-01
6023,COCOS (KEELING) ISLANDS,4106,2024-06-01
6024,CHRISTMAS ISLAND,45644,2024-06-01
6029,HEARD AND MCDONALD ISLANDS,5489,2024-06-01
6040,PAPUA NEW GUINEA,5286057,2024-06-01
6141,NEW ZEALAND,525091470,2024-06-01
6142,COOK ISLANDS,144089,2024-06-01
6143,TOKELAU,19296,2024-06-01
6144,NIUE,306350,2024-06-01
6150,SAMOA,551215,2024-06-01
6223,SOLOMON ISLANDS,33004,2024-06-01
6224,VANUATU,340084,2024-06-01
6225,PITCAIRN ISLANDS,448,2024-06-01
6226,KIRIBATI,64068,2024-06-01
6227,TUVALU,33834,2024-06-01
6412,NEW CALEDONIA,3844930,2024-06-01
6413,WALLIS AND FUTUNA,1048,2024-06-01
6414,FRENCH POLYNESIA,3380871,2024-06-01
6810,MARSHALL ISLANDS,1419514,2024-06-01
6820,MICRONESIA,135129,2024-06-01
6830,PALAU,165522,2024-06-01
6862,NAURU,99086,2024-06-01
7140,MOROCCO,220121442,2024-06-01
6863,FIJI,26591055,2024-06-01
6864,TONGA,129750,2024-06-01
6XXX,AUSTRALIA AND OCEANIA,1721807186,2024-06-01
7210,ALGERIA,198735623,2024-06-01
7230,TUNISIA,124465470,2024-06-01
7250,LIBYA,107999843,2024-06-01
7290,EGYPT,228577576,2024-06-01
7321,SUDAN,779765,2024-06-01
7323,SOUTH SUDAN,380,2024-06-01
7380,EQUATORIAL GUINEA,3643005,2024-06-01
7410,MAURITANIA,252597,2024-06-01
7420,CAMEROON,11121234,2024-06-01
7440,SENEGAL,13048126,2024-06-01
7450,MALI,580005,2024-06-01
7460,GUINEA,561722,2024-06-01
7470,SIERRA LEONE,743291,2024-06-01
7480,COTE D'IVOIRE,50742991,2024-06-01
7490,GHANA,23871452,2024-06-01
7500,GAMBIA,43745,2024-06-01
7510,NIGER,552485,2024-06-01
7520,TOGO,6067831,2024-06-01
7530,NIGERIA,492519106,2024-06-01
7540,CENTRAL AFRICAN REPUBLIC,7532,2024-06-01
7550,GABON,4768849,2024-06-01
7560,CHAD,16578172,2024-06-01
7580,ST HELENA,34365,2024-06-01
7600,BURKINA FASO,134511,2024-06-01
7610,BENIN,2660580,2024-06-01
7620,ANGOLA,55657837,2024-06-01
7630,CONGO,1835646,2024-06-01
7642,GUINEA-BISSAU,39,2024-06-01
7660,DEMOCRATIC REPUBLIC OF THE CONGO,14182538,2024-06-01
7643,CABO VERDE,225925,2024-06-01
7644,SAO TOME AND PRINCIPE,65284,2024-06-01
7650,LIBERIA,4750326,2024-06-01
7670,BURUNDI,99388,2024-06-01
7690,RWANDA,1089390,2024-06-01
7700,SOMALIA,88432,2024-06-01
7741,ERITREA,66380,2024-06-01
7749,ETHIOPIA,25445925,2024-06-01
7770,DJIBOUTI,684852,2024-06-01
7780,UGANDA,8741935,2024-06-01
7790,KENYA,44687198,2024-06-01
7800,SEYCHELLES,454845,2024-06-01
7810,BRITISH INDIAN OCEAN TERRITORIES,706,2024-06-01
7830,TANZANIA,14454714,2024-06-01
7850,MAURITIUS,18222670,2024-06-01
7870,MOZAMBIQUE,7767429,2024-06-01
7880,MADAGASCAR,46565051,2024-06-01
7881,MAYOTTE,131896,2024-06-01
7890,COMOROS,202572,2024-06-01
7904,REUNION,2240202,2024-06-01
7905,FRENCH SOUTHERN AND ANTARCTIC LANDS,1409,2024-06-01
7910,SOUTH AFRICA,1195104086,2024-06-01
7920,NAMIBIA,18366351,2024-06-01
7930,BOTSWANA,19637416,2024-06-01
7940,ZAMBIA,13830628,2024-06-01
7950,ESWATINI,849359,2024-06-01
7960,ZIMBABWE,3242101,2024-06-01
7970,MALAWI,2753526,2024-06-01
7990,LESOTHO,15477143,2024-06-01
7XXX,AFRICA,3025534897,2024-06-01
-,TOTAL FOR ALL COUNTRIES,288127318076,2024-07-01
0003,EUROPEAN UNION,52799998561,2024-07-01
0014,PACIFIC RIM COUNTRIES,93448258808,2024-07-01
0017,CAFTA-DR,3127444652,2024-07-01
0020,USMCA (NAFTA),77827717754,2024-07-01
0021,TWENTY LATIN AMERICAN REPUBLICS,54430587525,2024-07-01
0022,OECD,172552275330,2024-07-01
0023,NATO,87178414890,2024-07-01
0024,LAFTA,51194420713,2024-07-01
0025,EURO AREA,46718436043,2024-07-01
0026,APEC,191248728886,2024-07-01
0027,ASEAN,31690592737,2024-07-01
0028,CACM,2440194026,2024-07-01
1010,GREENLAND,1825103,2024-07-01
1220,CANADA,35918844645,2024-07-01
1610,ST PIERRE AND MIQUELON,3432696,2024-07-01
1XXX,NORTH AMERICA,77832975553,2024-07-01
2010,MEXICO,41908873109,2024-07-01
2050,GUATEMALA,435246803,2024-07-01
2080,BELIZE,17122033,2024-07-01
2110,EL SALVADOR,208051145,2024-07-01
2150,HONDURAS,459800380,2024-07-01
2190,NICARAGUA,400683429,2024-07-01
2230,COSTA RICA,936412269,2024-07-01
2250,PANAMA,51977099,2024-07-01
2320,BERMUDA,4221949,2024-07-01
2360,BAHAMAS,154552828,2024-07-01
2390,CUBA,105697,2024-07-01
2410,JAMAICA,28961518,2024-07-01
2430,TURKS AND CAICOS ISLANDS,1006289,2024-07-01
2440,CAYMAN ISLANDS,2001885,2024-07-01
2450,HAITI,56639364,2024-07-01
2470,DOMINICAN REPUBLIC,687250626,2024-07-01
2481,ANGUILLA,214090,2024-07-01
2482,BRITISH VIRGIN ISLANDS,951141,2024-07-01
2483,ST KITTS AND NEVIS,1538784,2024-07-01
2484,ANTIGUA AND BARBUDA,261120,2024-07-01
2485,MONTSERRAT,11885,2024-07-01
2489,GRENADA,801425,2024-07-01
2486,DOMINICA,80158,2024-07-01
2487,ST LUCIA,450033,2024-07-01
2488,ST VINCENT AND THE GRENADINES,758536,2024-07-01
2720,BARBADOS,4161095,2024-07-01
2740,TRINIDAD AND TOBAGO,259976133,2024-07-01
2774,SINT MAARTEN,3777162,2024-07-01
2777,CURACAO,3822265,2024-07-01
2779,ARUBA,1128295,2024-07-01
2831,GUADELOUPE,416209,2024-07-01
2839,MARTINIQUE,1322711,2024-07-01
2XXX,CENTRAL AMERICA,3723704356,2024-07-01
3010,COLOMBIA,1486232726,2024-07-01
3070,VENEZUELA,669408099,2024-07-01
3120,GUYANA,757215232,2024-07-01
3150,SURINAME,7376899,2024-07-01
3170,FRENCH GUIANA,100290,2024-07-01
3310,ECUADOR,786527976,2024-07-01
3330,PERU,662885743,2024-07-01
3350,BOLIVIA,29872684,2024-07-01
3370,CHILE,1481774522,2024-07-01
3510,BRAZIL,3537769412,2024-07-01
3530,PARAGUAY,24491348,2024-07-01
3550,URUGUAY,122126784,2024-07-01
3570,ARGENTINA,484458310,2024-07-01
3720,FALKLAND ISLANDS (ISLAS MALVINAS),5241862,2024-07-01
3XXX,SOUTH AMERICA,10055481887,2024-07-01
4000,ICELAND,115086718,2024-07-01
4010,SWEDEN,1436448069,2024-07-01
4031,"SVALBARD, JAN MAYEN ISLAND",0,2024-07-01
4099,DENMARK,809490268,2024-07-01
4039,NORWAY,616265351,2024-07-01
4050,FINLAND,809486405,2024-07-01
4091,FAROE ISLANDS,20880324,2024-07-01
4120,UNITED KINGDOM,5738988238,2024-07-01
4190,IRELAND,8043899194,2024-07-01
4210,NETHERLANDS,2858067687,2024-07-01
4231,BELGIUM,2186509340,2024-07-01
4239,LUXEMBOURG,69495570,2024-07-01
4271,ANDORRA,457677,2024-07-01
4272,MONACO,79529052,2024-07-01
4279,FRANCE,5440843660,2024-07-01
4280,GERMANY,14333387358,2024-07-01
4330,AUSTRIA,1362428018,2024-07-01
4351,CZECH REPUBLIC,757523513,2024-07-01
4359,SLOVAKIA,735925614,2024-07-01
4370,HUNGARY,1387170278,2024-07-01
4411,LIECHTENSTEIN,21962764,2024-07-01
4419,SWITZERLAND,5058342731,2024-07-01
4470,ESTONIA,85302039,2024-07-01
4490,LATVIA,51030219,2024-07-01
4510,LITHUANIA,194302320,2024-07-01
4550,POLAND,1248600824,2024-07-01
4621,RUSSIA,295267097,2024-07-01
4622,BELARUS,1333547,2024-07-01
4623,UKRAINE,87681963,2024-07-01
4631,ARMENIA,9062086,2024-07-01
4632,AZERBAIJAN,10548360,2024-07-01
4641,MOLDOVA,12731840,2024-07-01
4633,GEORGIA,6978636,2024-07-01
4634,KAZAKHSTAN,197221521,2024-07-01
4635,KYRGYZSTAN,1403973,2024-07-01
4642,TAJIKISTAN,3087,2024-07-01
4643,TURKMENISTAN,112440,2024-07-01
4644,UZBEKISTAN,9232544,2024-07-01
4700,SPAIN,1989918411,2024-07-01
4710,PORTUGAL,892458443,2024-07-01
4720,GIBRALTAR,974,2024-07-01
4730,MALTA,23218692,2024-07-01
4751,SAN MARINO,1513667,2024-07-01
4752,VATICAN CITY,481,2024-07-01
4759,ITALY,6761637657,2024-07-01
4791,CROATIA,80095282,2024-07-01
4792,SLOVENIA,631666601,2024-07-01
4793,BOSNIA AND HERZEGOVINA,14812859,2024-07-01
4794,MACEDONIA,15664987,2024-07-01
4801,SERBIA,62985387,2024-07-01
4803,KOSOVO,1487436,2024-07-01
4804,MONTENEGRO,722031,2024-07-01
4810,ALBANIA,5389509,2024-07-01
4840,GREECE,163713066,2024-07-01
4850,ROMANIA,337168368,2024-07-01
4870,BULGARIA,105161198,2024-07-01
4890,TURKEY,1503923030,2024-07-01
4910,CYPRUS,5050467,2024-07-01
4XXX,EUROPE,66689588871,2024-07-01
5020,SYRIA,674993,2024-07-01
5040,LEBANON,32081161,2024-07-01
5082,GAZA STRIP ADMINISTERED BY ISRAEL,0,2024-07-01
5050,IRAQ,706860265,2024-07-01
5070,IRAN,33060,2024-07-01
5081,ISRAEL,1698467022,2024-07-01
5083,WEST BANK ADMINISTERED BY ISRAEL,467308,2024-07-01
5110,JORDAN,324665097,2024-07-01
5130,KUWAIT,166212003,2024-07-01
5170,SAUDI ARABIA,1045050542,2024-07-01
5180,QATAR,73661750,2024-07-01
5200,UNITED ARAB EMIRATES,624578841,2024-07-01
5210,YEMEN,836041,2024-07-01
5230,OMAN,125496897,2024-07-01
5250,BAHRAIN,98367275,2024-07-01
5310,AFGHANISTAN,1053053,2024-07-01
5330,INDIA,6995843937,2024-07-01
5350,PAKISTAN,482196161,2024-07-01
5360,NEPAL,10336902,2024-07-01
5380,BANGLADESH,786114122,2024-07-01
5420,SRI LANKA,267738999,2024-07-01
5460,BURMA,46065429,2024-07-01
5490,THAILAND,5533911701,2024-07-01
5520,VIETNAM,12011485584,2024-07-01
5530,LAOS,65570476,2024-07-01
5550,CAMBODIA,1207340634,2024-07-01
5570,MALAYSIA,4483941571,2024-07-01
5590,SINGAPORE,4917960555,2024-07-01
5600,INDONESIA,2246205917,2024-07-01
5601,TIMOR-LESTE,167324,2024-07-01
5610,BRUNEI,5157310,2024-07-01
5683,MALDIVES,426043,2024-07-01
5650,PHILIPPINES,1172953560,2024-07-01
5660,MACAU,12572323,2024-07-01
5682,BHUTAN,524436,2024-07-01
5700,CHINA,40801068990,2024-07-01
5740,MONGOLIA,2540489,2024-07-01
5790,"KOREA, NORTH",0,2024-07-01
5800,"KOREA, SOUTH",11200459581,2024-07-01
5820,HONG KONG,305149960,2024-07-01
5830,TAIWAN,12988461190,2024-07-01
5880,JAPAN,13324853579,2024-07-01
5XXX,ASIA,123767552081,2024-07-01
6021,AUSTRALIA,1451272953,2024-07-01
6022,NORFOLK ISLAND,350,2024-07-01
6023,COCOS (KEELING) ISLANDS,40222,2024-07-01
6024,CHRISTMAS ISLAND,209,2024-07-01
6029,HEARD AND MCDONALD ISLANDS,2,2024-07-01
6040,PAPUA NEW GUINEA,7049483,2024-07-01
6141,NEW ZEALAND,531151836,2024-07-01
6142,COOK ISLANDS,54263,2024-07-01
6143,TOKELAU,11697,2024-07-01
6144,NIUE,610455,2024-07-01
6150,SAMOA,297407,2024-07-01
6223,SOLOMON ISLANDS,291362,2024-07-01
6224,VANUATU,927772,2024-07-01
6225,PITCAIRN ISLANDS,695,2024-07-01
6226,KIRIBATI,79091,2024-07-01
6227,TUVALU,4048,2024-07-01
6412,NEW CALEDONIA,1602942,2024-07-01
6413,WALLIS AND FUTUNA,17998,2024-07-01
6414,FRENCH POLYNESIA,4154482,2024-07-01
6810,MARSHALL ISLANDS,2235450,2024-07-01
6820,MICRONESIA,149371,2024-07-01
6830,PALAU,52162,2024-07-01
6XXX,AUSTRALIA AND OCEANIA,2019816859,2024-07-01
6862,NAURU,44825,2024-07-01
6863,FIJI,19365884,2024-07-01
6864,TONGA,401900,2024-07-01
7140,MOROCCO,130665477,2024-07-01
7210,ALGERIA,239843888,2024-07-01
7230,TUNISIA,98579405,2024-07-01
7250,LIBYA,157485272,2024-07-01
7290,EGYPT,203126584,2024-07-01
7321,SUDAN,625919,2024-07-01
7323,SOUTH SUDAN,145000,2024-07-01
7380,EQUATORIAL GUINEA,5116785,2024-07-01
7410,MAURITANIA,291247,2024-07-01
7420,CAMEROON,8456779,2024-07-01
7440,SENEGAL,7229927,2024-07-01
7450,MALI,765159,2024-07-01
7460,GUINEA,353978,2024-07-01
7470,SIERRA LEONE,1563485,2024-07-01
7480,COTE D'IVOIRE,61079733,2024-07-01
7490,GHANA,94138517,2024-07-01
7500,GAMBIA,30314,2024-07-01
7510,NIGER,140307,2024-07-01
7520,TOGO,4844986,2024-07-01
7530,NIGERIA,673124640,2024-07-01
7540,CENTRAL AFRICAN REPUBLIC,251005,2024-07-01
7550,GABON,19323948,2024-07-01
7560,CHAD,837701,2024-07-01
7580,ST HELENA,30721,2024-07-01
7600,BURKINA FASO,120078,2024-07-01
7610,BENIN,2288914,2024-07-01
7620,ANGOLA,147881255,2024-07-01
7630,CONGO,2318162,2024-07-01
7650,LIBERIA,7718680,2024-07-01
7642,GUINEA-BISSAU,64,2024-07-01
7643,CABO VERDE,556870,2024-07-01
7644,SAO TOME AND PRINCIPE,95106,2024-07-01
7660,DEMOCRATIC REPUBLIC OF THE CONGO,74138065,2024-07-01
7670,BURUNDI,140120,2024-07-01
7690,RWANDA,1015997,2024-07-01
7700,SOMALIA,219631,2024-07-01
7741,ERITREA,5927,2024-07-01
7749,ETHIOPIA,57646983,2024-07-01
7770,DJIBOUTI,2526180,2024-07-01
7780,UGANDA,12233093,2024-07-01
7790,KENYA,64167187,2024-07-01
7800,SEYCHELLES,607656,2024-07-01
7810,BRITISH INDIAN OCEAN TERRITORIES,1039,2024-07-01
7830,TANZANIA,10864211,2024-07-01
7850,MAURITIUS,23242460,2024-07-01
7870,MOZAMBIQUE,13351576,2024-07-01
7880,MADAGASCAR,49281093,2024-07-01
7881,MAYOTTE,98686,2024-07-01
7890,COMOROS,43845,2024-07-01
7904,REUNION,2588814,2024-07-01
7905,FRENCH SOUTHERN AND ANTARCTIC LANDS,5133,2024-07-01
7910,SOUTH AFRICA,1691581028,2024-07-01
7920,NAMIBIA,105668371,2024-07-01
7930,BOTSWANA,27824872,2024-07-01
7940,ZAMBIA,5693132,2024-07-01
7950,ESWATINI,1564833,2024-07-01
7960,ZIMBABWE,3322027,2024-07-01
7970,MALAWI,1613050,2024-07-01
7990,LESOTHO,19723554,2024-07-01
7XXX,AFRICA,4038198469,2024-07-01
-,TOTAL FOR ALL COUNTRIES,277306286291,2024-08-01
0003,EUROPEAN UNION,52125302165,2024-08-01
0014,PACIFIC RIM COUNTRIES,86981471273,2024-08-01
0017,CAFTA-DR,3123929520,2024-08-01
0020,USMCA (NAFTA),76549648035,2024-08-01
0021,TWENTY LATIN AMERICAN REPUBLICS,56930437301,2024-08-01
0022,OECD,167551249274,2024-08-01
0023,NATO,81989069624,2024-08-01
0024,LAFTA,53699772916,2024-08-01
0025,EURO AREA,46243392818,2024-08-01
0026,APEC,183131345227,2024-08-01
0027,ASEAN,29858904884,2024-08-01
0028,CACM,2518148193,2024-08-01
1010,GREENLAND,1560998,2024-08-01
1220,CANADA,32864659556,2024-08-01
1610,ST PIERRE AND MIQUELON,0,2024-08-01
1XXX,NORTH AMERICA,76551209033,2024-08-01
2010,MEXICO,43684988479,2024-08-01
2050,GUATEMALA,434207799,2024-08-01
2080,BELIZE,11948285,2024-08-01
2110,EL SALVADOR,175240597,2024-08-01
2150,HONDURAS,493904550,2024-08-01
2190,NICARAGUA,429274777,2024-08-01
2230,COSTA RICA,985520470,2024-08-01
2250,PANAMA,54055197,2024-08-01
2320,BERMUDA,2845066,2024-08-01
2360,BAHAMAS,68020056,2024-08-01
2390,CUBA,153787,2024-08-01
2410,JAMAICA,23039510,2024-08-01
2430,TURKS AND CAICOS ISLANDS,971976,2024-08-01
2440,CAYMAN ISLANDS,2217676,2024-08-01
2450,HAITI,52525881,2024-08-01
2470,DOMINICAN REPUBLIC,605781327,2024-08-01
2481,ANGUILLA,133532,2024-08-01
2482,BRITISH VIRGIN ISLANDS,597535,2024-08-01
2483,ST KITTS AND NEVIS,1183101,2024-08-01
2484,ANTIGUA AND BARBUDA,425764,2024-08-01
2485,MONTSERRAT,54042,2024-08-01
2489,GRENADA,585402,2024-08-01
2486,DOMINICA,308953,2024-08-01
2487,ST LUCIA,482101,2024-08-01
2488,ST VINCENT AND THE GRENADINES,343614,2024-08-01
2720,BARBADOS,3484154,2024-08-01
2740,TRINIDAD AND TOBAGO,226340430,2024-08-01
2774,SINT MAARTEN,2826220,2024-08-01
2777,CURACAO,1972439,2024-08-01
2779,ARUBA,1223570,2024-08-01
2831,GUADELOUPE,668758,2024-08-01
2839,MARTINIQUE,252244,2024-08-01
2XXX,CENTRAL AMERICA,3580588813,2024-08-01
3010,COLOMBIA,1478003986,2024-08-01
3070,VENEZUELA,606820183,2024-08-01
3120,GUYANA,391340318,2024-08-01
3150,SURINAME,5568637,2024-08-01
3170,FRENCH GUIANA,20866,2024-08-01
3310,ECUADOR,695381453,2024-08-01
3330,PERU,791227862,2024-08-01
3350,BOLIVIA,56970994,2024-08-01
3370,CHILE,1698786213,2024-08-01
3510,BRAZIL,3940846806,2024-08-01
3530,PARAGUAY,30990463,2024-08-01
3550,URUGUAY,107493182,2024-08-01
3570,ARGENTINA,608263295,2024-08-01
3720,FALKLAND ISLANDS (ISLAS MALVINAS),1708480,2024-08-01
3XXX,SOUTH AMERICA,10413422738,2024-08-01
4000,ICELAND,60520666,2024-08-01
4010,SWEDEN,1463098986,2024-08-01
4031,"SVALBARD, JAN MAYEN ISLAND",18,2024-08-01
4099,DENMARK,915772782,2024-08-01
4039,NORWAY,669215057,2024-08-01
4050,FINLAND,802896591,2024-08-01
4091,FAROE ISLANDS,20279383,2024-08-01
4120,UNITED KINGDOM,5846987344,2024-08-01
4190,IRELAND,9455289034,2024-08-01
4210,NETHERLANDS,2651462162,2024-08-01
4231,BELGIUM,3094365495,2024-08-01
4239,LUXEMBOURG,53037773,2024-08-01
4271,ANDORRA,166375,2024-08-01
4272,MONACO,5839736,2024-08-01
4279,FRANCE,4749066575,2024-08-01
4280,GERMANY,13444576833,2024-08-01
4330,AUSTRIA,1501138841,2024-08-01
4351,CZECH REPUBLIC,699117743,2024-08-01
4359,SLOVAKIA,566155371,2024-08-01
4370,HUNGARY,1184697311,2024-08-01
4411,LIECHTENSTEIN,22459837,2024-08-01
4419,SWITZERLAND,4030252161,2024-08-01
4470,ESTONIA,100801322,2024-08-01
4490,LATVIA,45429480,2024-08-01
4510,LITHUANIA,115246101,2024-08-01
4550,POLAND,1147619801,2024-08-01
4621,RUSSIA,84384426,2024-08-01
4622,BELARUS,1219029,2024-08-01
4623,UKRAINE,66847700,2024-08-01
4631,ARMENIA,10643096,2024-08-01
4632,AZERBAIJAN,7267953,2024-08-01
4641,MOLDOVA,10513202,2024-08-01
4633,GEORGIA,38941715,2024-08-01
4634,KAZAKHSTAN,159248424,2024-08-01
4635,KYRGYZSTAN,2725815,2024-08-01
4642,TAJIKISTAN,18666,2024-08-01
4643,TURKMENISTAN,146420,2024-08-01
4644,UZBEKISTAN,2708019,2024-08-01
4700,SPAIN,1866481084,2024-08-01
4710,PORTUGAL,564549510,2024-08-01
4720,GIBRALTAR,20311,2024-08-01
4730,MALTA,26005763,2024-08-01
4751,SAN MARINO,2890285,2024-08-01
4752,VATICAN CITY,904,2024-08-01
4759,ITALY,6458410863,2024-08-01
4791,CROATIA,104232936,2024-08-01
4792,SLOVENIA,444415276,2024-08-01
4793,BOSNIA AND HERZEGOVINA,19722119,2024-08-01
4794,MACEDONIA,13020311,2024-08-01
4801,SERBIA,75387338,2024-08-01
4803,KOSOVO,892867,2024-08-01
4804,MONTENEGRO,649289,2024-08-01
4810,ALBANIA,7682818,2024-08-01
4840,GREECE,196539197,2024-08-01
4850,ROMANIA,347843022,2024-08-01
4870,BULGARIA,123759702,2024-08-01
4890,TURKEY,1512344021,2024-08-01
4910,CYPRUS,3292611,2024-08-01
4XXX,EUROPE,64798297470,2024-08-01
5020,SYRIA,1254891,2024-08-01
5040,LEBANON,11829712,2024-08-01
5082,GAZA STRIP ADMINISTERED BY ISRAEL,0,2024-08-01
5050,IRAQ,637959196,2024-08-01
5070,IRAN,105572,2024-08-01
5081,ISRAEL,1924718930,2024-08-01
5083,WEST BANK ADMINISTERED BY ISRAEL,222683,2024-08-01
5110,JORDAN,313993626,2024-08-01
5130,KUWAIT,147639545,2024-08-01
5170,SAUDI ARABIA,1128434698,2024-08-01
5180,QATAR,117892165,2024-08-01
5200,UNITED ARAB EMIRATES,578747820,2024-08-01
5210,YEMEN,191793,2024-08-01
5230,OMAN,103462571,2024-08-01
5250,BAHRAIN,97221191,2024-08-01
5310,AFGHANISTAN,1238743,2024-08-01
5330,INDIA,6392335085,2024-08-01
5350,PAKISTAN,402899876,2024-08-01
5360,NEPAL,12894821,2024-08-01
5380,BANGLADESH,695484366,2024-08-01
5420,SRI LANKA,236497653,2024-08-01
5460,BURMA,62542963,2024-08-01
5490,THAILAND,5139448651,2024-08-01
5520,VIETNAM,11892501947,2024-08-01
5530,LAOS,99950854,2024-08-01
5550,CAMBODIA,1431570470,2024-08-01
5570,MALAYSIA,4465148520,2024-08-01
5590,SINGAPORE,3192003504,2024-08-01
5600,INDONESIA,2293207416,2024-08-01
5601,TIMOR-LESTE,86277,2024-08-01
5682,BHUTAN,791869,2024-08-01
5610,BRUNEI,10531132,2024-08-01
5650,PHILIPPINES,1271999427,2024-08-01
5660,MACAU,6123180,2024-08-01
5683,MALDIVES,151182,2024-08-01
5700,CHINA,39811237007,2024-08-01
5740,MONGOLIA,1613039,2024-08-01
5790,"KOREA, NORTH",0,2024-08-01
5800,"KOREA, SOUTH",10417185605,2024-08-01
5820,HONG KONG,254742699,2024-08-01
5830,TAIWAN,11771997536,2024-08-01
5880,JAPAN,11674769886,2024-08-01
5XXX,ASIA,116602628101,2024-08-01
6021,AUSTRALIA,1365665386,2024-08-01
6022,NORFOLK ISLAND,0,2024-08-01
6023,COCOS (KEELING) ISLANDS,92501,2024-08-01
6024,CHRISTMAS ISLAND,16644,2024-08-01
6029,HEARD AND MCDONALD ISLANDS,0,2024-08-01
6040,PAPUA NEW GUINEA,5196555,2024-08-01
6141,NEW ZEALAND,441663420,2024-08-01
6142,COOK ISLANDS,42773,2024-08-01
6143,TOKELAU,5517,2024-08-01
6144,NIUE,222854,2024-08-01
6150,SAMOA,855764,2024-08-01
6223,SOLOMON ISLANDS,48656,2024-08-01
6224,VANUATU,1804964,2024-08-01
6225,PITCAIRN ISLANDS,133,2024-08-01
6226,KIRIBATI,90122,2024-08-01
6227,TUVALU,25155,2024-08-01
6412,NEW CALEDONIA,4410784,2024-08-01
6413,WALLIS AND FUTUNA,250,2024-08-01
6414,FRENCH POLYNESIA,3175070,2024-08-01
6810,MARSHALL ISLANDS,2228325,2024-08-01
6863,FIJI,24282276,2024-08-01
6820,MICRONESIA,145888,2024-08-01
6830,PALAU,462838,2024-08-01
6862,NAURU,218022,2024-08-01
6864,TONGA,185635,2024-08-01
6XXX,AUSTRALIA AND OCEANIA,1850839532,2024-08-01
7140,MOROCCO,168850426,2024-08-01
7210,ALGERIA,187053544,2024-08-01
7230,TUNISIA,92264953,2024-08-01
7250,LIBYA,154132828,2024-08-01
7290,EGYPT,264469528,2024-08-01
7321,SUDAN,1805054,2024-08-01
7323,SOUTH SUDAN,5079,2024-08-01
7380,EQUATORIAL GUINEA,12855131,2024-08-01
7410,MAURITANIA,46315,2024-08-01
7420,CAMEROON,8187323,2024-08-01
7440,SENEGAL,7529526,2024-08-01
7450,MALI,241757,2024-08-01
7460,GUINEA,438223,2024-08-01
7470,SIERRA LEONE,12960569,2024-08-01
7480,COTE D'IVOIRE,78565816,2024-08-01
7490,GHANA,102623232,2024-08-01
7500,GAMBIA,50729,2024-08-01
7510,NIGER,300802,2024-08-01
7520,TOGO,5709197,2024-08-01
7530,NIGERIA,381646513,2024-08-01
7540,CENTRAL AFRICAN REPUBLIC,3416,2024-08-01
7550,GABON,2135425,2024-08-01
7560,CHAD,0,2024-08-01
7580,ST HELENA,10430,2024-08-01
7600,BURKINA FASO,640427,2024-08-01
7610,BENIN,3725592,2024-08-01
7643,CABO VERDE,150114,2024-08-01
7620,ANGOLA,312361547,2024-08-01
7630,CONGO,1123906,2024-08-01
7642,GUINEA-BISSAU,19648,2024-08-01
7644,SAO TOME AND PRINCIPE,124172,2024-08-01
7650,LIBERIA,2115243,2024-08-01
7660,DEMOCRATIC REPUBLIC OF THE CONGO,18070984,2024-08-01
7670,BURUNDI,243357,2024-08-01
7690,RWANDA,457737,2024-08-01
7700,SOMALIA,206058,2024-08-01
7741,ERITREA,143128,2024-08-01
7749,ETHIOPIA,58356484,2024-08-01
7770,DJIBOUTI,4485572,2024-08-01
7780,UGANDA,12288752,2024-08-01
7790,KENYA,57872868,2024-08-01
7800,SEYCHELLES,507823,2024-08-01
7810,BRITISH INDIAN OCEAN TERRITORIES,35594,2024-08-01
7830,TANZANIA,7555049,2024-08-01
7850,MAURITIUS,18594517,2024-08-01
7870,MOZAMBIQUE,32355416,2024-08-01
7880,MADAGASCAR,75199906,2024-08-01
7881,MAYOTTE,120072,2024-08-01
7890,COMOROS,13072,2024-08-01
7904,REUNION,2012462,2024-08-01
7905,FRENCH SOUTHERN AND ANTARCTIC LANDS,1095,2024-08-01
7910,SOUTH AFRICA,1343508778,2024-08-01
7920,NAMIBIA,13881463,2024-08-01
7930,BOTSWANA,35837159,2024-08-01
7940,ZAMBIA,11361626,2024-08-01
7950,ESWATINI,819702,2024-08-01
7960,ZIMBABWE,1534488,2024-08-01
7970,MALAWI,1531123,2024-08-01
7990,LESOTHO,10159854,2024-08-01
7XXX,AFRICA,3509300604,2024-08-01
-,TOTAL FOR ALL COUNTRIES,285963195133,2024-09-01
0003,EUROPEAN UNION,51268413987,2024-09-01
0014,PACIFIC RIM COUNTRIES,90811245922,2024-09-01
0017,CAFTA-DR,3190334339,2024-09-01
0020,USMCA (NAFTA),78725764905,2024-09-01
0021,TWENTY LATIN AMERICAN REPUBLICS,56741400540,2024-09-01
0022,OECD,169632348608,2024-09-01
0023,NATO,80996623398,2024-09-01
0024,LAFTA,53462589351,2024-09-01
0025,EURO AREA,45759560359,2024-09-01
0026,APEC,192208184528,2024-09-01
0027,ASEAN,33860263637,2024-09-01
0028,CACM,2520177889,2024-09-01
1010,GREENLAND,1776057,2024-09-01
1220,CANADA,34551942302,2024-09-01
1610,ST PIERRE AND MIQUELON,2964,2024-09-01
1XXX,NORTH AMERICA,78727543926,2024-09-01
2010,MEXICO,44173822603,2024-09-01
2050,GUATEMALA,431214490,2024-09-01
2080,BELIZE,2808901,2024-09-01
2110,EL SALVADOR,183368447,2024-09-01
2150,HONDURAS,462778126,2024-09-01
2190,NICARAGUA,400112323,2024-09-01
2230,COSTA RICA,1042704503,2024-09-01
2250,PANAMA,40528365,2024-09-01
2320,BERMUDA,1586617,2024-09-01
2360,BAHAMAS,36066283,2024-09-01
2390,CUBA,35400,2024-09-01
2410,JAMAICA,40642987,2024-09-01
2430,TURKS AND CAICOS ISLANDS,1080236,2024-09-01
2440,CAYMAN ISLANDS,5763137,2024-09-01
2450,HAITI,47913085,2024-09-01
2470,DOMINICAN REPUBLIC,670156450,2024-09-01
2481,ANGUILLA,56230,2024-09-01
2482,BRITISH VIRGIN ISLANDS,938012,2024-09-01
2483,ST KITTS AND NEVIS,1230868,2024-09-01
2484,ANTIGUA AND BARBUDA,3292185,2024-09-01
2488,ST VINCENT AND THE GRENADINES,683348,2024-09-01
2485,MONTSERRAT,87754,2024-09-01
2486,DOMINICA,567193,2024-09-01
2487,ST LUCIA,540856,2024-09-01
2489,GRENADA,834515,2024-09-01
2720,BARBADOS,4976312,2024-09-01
2740,TRINIDAD AND TOBAGO,306072302,2024-09-01
2774,SINT MAARTEN,1698845,2024-09-01
2777,CURACAO,3933440,2024-09-01
2779,ARUBA,1729986,2024-09-01
2831,GUADELOUPE,206206,2024-09-01
2839,MARTINIQUE,19678,2024-09-01
2XXX,CENTRAL AMERICA,3693627080,2024-09-01
3010,COLOMBIA,1518522200,2024-09-01
3070,VENEZUELA,422927234,2024-09-01
3120,GUYANA,348513233,2024-09-01
3150,SURINAME,16060797,2024-09-01
3170,FRENCH GUIANA,351607,2024-09-01
3310,ECUADOR,607413725,2024-09-01
3330,PERU,833459968,2024-09-01
3350,BOLIVIA,47221018,2024-09-01
3370,CHILE,1684342519,2024-09-01
3510,BRAZIL,3327112329,2024-09-01
3530,PARAGUAY,37178527,2024-09-01
3550,URUGUAY,95678128,2024-09-01
3570,ARGENTINA,714911100,2024-09-01
3720,FALKLAND ISLANDS (ISLAS MALVINAS),527260,2024-09-01
3XXX,SOUTH AMERICA,9654219645,2024-09-01
4000,ICELAND,108814269,2024-09-01
4010,SWEDEN,1200929250,2024-09-01
4091,FAROE ISLANDS,25279623,2024-09-01
4031,"SVALBARD, JAN MAYEN ISLAND",609,2024-09-01
4039,NORWAY,572711264,2024-09-01
4050,FINLAND,696547155,2024-09-01
4099,DENMARK,1073489828,2024-09-01
4120,UNITED KINGDOM,5445353957,2024-09-01
4190,IRELAND,10731598713,2024-09-01
4210,NETHERLANDS,3511122693,2024-09-01
4231,BELGIUM,2525376483,2024-09-01
4239,LUXEMBOURG,45195853,2024-09-01
4271,ANDORRA,158833,2024-09-01
4272,MONACO,7730532,2024-09-01
4279,FRANCE,4631441351,2024-09-01
4280,GERMANY,13076452557,2024-09-01
4330,AUSTRIA,1412378449,2024-09-01
4351,CZECH REPUBLIC,635891469,2024-09-01
4359,SLOVAKIA,604156155,2024-09-01
4370,HUNGARY,1102221095,2024-09-01
4411,LIECHTENSTEIN,17457368,2024-09-01
4419,SWITZERLAND,4538311339,2024-09-01
4470,ESTONIA,105734152,2024-09-01
4490,LATVIA,50857042,2024-09-01
4510,LITHUANIA,215264221,2024-09-01
4550,POLAND,1099588829,2024-09-01
4621,RUSSIA,168075441,2024-09-01
4622,BELARUS,1403486,2024-09-01
4623,UKRAINE,121921544,2024-09-01
4631,ARMENIA,9998961,2024-09-01
4635,KYRGYZSTAN,2279340,2024-09-01
4632,AZERBAIJAN,11030276,2024-09-01
4633,GEORGIA,11022938,2024-09-01
4634,KAZAKHSTAN,200942844,2024-09-01
4641,MOLDOVA,6813128,2024-09-01
4642,TAJIKISTAN,130568,2024-09-01
4643,TURKMENISTAN,2858917,2024-09-01
4644,UZBEKISTAN,7310331,2024-09-01
4700,SPAIN,1534329403,2024-09-01
4710,PORTUGAL,464309802,2024-09-01
4720,GIBRALTAR,7387,2024-09-01
4730,MALTA,21101709,2024-09-01
4751,SAN MARINO,1140619,2024-09-01
4752,VATICAN CITY,806,2024-09-01
4759,ITALY,5246842477,2024-09-01
4791,CROATIA,98927922,2024-09-01
4792,SLOVENIA,626434628,2024-09-01
4793,BOSNIA AND HERZEGOVINA,11385136,2024-09-01
4794,MACEDONIA,8430526,2024-09-01
4801,SERBIA,69184927,2024-09-01
4803,KOSOVO,1087245,2024-09-01
4804,MONTENEGRO,1363971,2024-09-01
4810,ALBANIA,3754222,2024-09-01
4840,GREECE,156731191,2024-09-01
4850,ROMANIA,288004241,2024-09-01
4870,BULGARIA,108728916,2024-09-01
4890,TURKEY,1318152815,2024-09-01
4910,CYPRUS,4758403,2024-09-01
4XXX,EUROPE,63942527209,2024-09-01
5020,SYRIA,375814,2024-09-01
5081,ISRAEL,2104702334,2024-09-01
5040,LEBANON,47621543,2024-09-01
5050,IRAQ,788858392,2024-09-01
5070,IRAN,279071,2024-09-01
5082,GAZA STRIP ADMINISTERED BY ISRAEL,4,2024-09-01
5083,WEST BANK ADMINISTERED BY ISRAEL,156834,2024-09-01
5110,JORDAN,305061541,2024-09-01
5130,KUWAIT,100986186,2024-09-01
5170,SAUDI ARABIA,1177502419,2024-09-01
5180,QATAR,156123817,2024-09-01
5200,UNITED ARAB EMIRATES,651339299,2024-09-01
5210,YEMEN,2087681,2024-09-01
5230,OMAN,90130006,2024-09-01
5250,BAHRAIN,98781650,2024-09-01
5310,AFGHANISTAN,1778428,2024-09-01
5330,INDIA,6988237880,2024-09-01
5350,PAKISTAN,452579821,2024-09-01
5360,NEPAL,10580227,2024-09-01
5380,BANGLADESH,793325161,2024-09-01
5420,SRI LANKA,261251938,2024-09-01
5460,BURMA,67517350,2024-09-01
5490,THAILAND,5977096837,2024-09-01
5520,VIETNAM,14017786519,2024-09-01
5530,LAOS,98447963,2024-09-01
5550,CAMBODIA,1549031603,2024-09-01
5570,MALAYSIA,5065895900,2024-09-01
5590,SINGAPORE,2887442428,2024-09-01
5600,INDONESIA,2670387686,2024-09-01
5660,MACAU,9587583,2024-09-01
5601,TIMOR-LESTE,131086,2024-09-01
5610,BRUNEI,36554032,2024-09-01
5650,PHILIPPINES,1490103319,2024-09-01
5682,BHUTAN,618573,2024-09-01
5683,MALDIVES,363057,2024-09-01
5700,CHINA,43018169857,2024-09-01
5740,MONGOLIA,2043179,2024-09-01
5790,"KOREA, NORTH",0,2024-09-01
5800,"KOREA, SOUTH",11116279794,2024-09-01
5820,HONG KONG,416869897,2024-09-01
5830,TAIWAN,10556497184,2024-09-01
5880,JAPAN,11638718146,2024-09-01
5XXX,ASIA,124651302039,2024-09-01
6021,AUSTRALIA,1460084162,2024-09-01
6022,NORFOLK ISLAND,1165,2024-09-01
6023,COCOS (KEELING) ISLANDS,20798,2024-09-01
6024,CHRISTMAS ISLAND,815270,2024-09-01
6029,HEARD AND MCDONALD ISLANDS,3614,2024-09-01
6040,PAPUA NEW GUINEA,6314363,2024-09-01
6141,NEW ZEALAND,438341571,2024-09-01
6142,COOK ISLANDS,32852,2024-09-01
6143,TOKELAU,7874,2024-09-01
6144,NIUE,189896,2024-09-01
6150,SAMOA,478066,2024-09-01
6223,SOLOMON ISLANDS,79078,2024-09-01
6224,VANUATU,851900,2024-09-01
6225,PITCAIRN ISLANDS,0,2024-09-01
6226,KIRIBATI,93860,2024-09-01
6227,TUVALU,9132,2024-09-01
6412,NEW CALEDONIA,317576,2024-09-01
6413,WALLIS AND FUTUNA,6225,2024-09-01
6414,FRENCH POLYNESIA,4290929,2024-09-01
6862,NAURU,255880,2024-09-01
6810,MARSHALL ISLANDS,1448606,2024-09-01
6820,MICRONESIA,140475,2024-09-01
6830,PALAU,40258,2024-09-01
6863,FIJI,25644754,2024-09-01
6864,TONGA,390600,2024-09-01
6XXX,AUSTRALIA AND OCEANIA,1939858904,2024-09-01
7140,MOROCCO,177880221,2024-09-01
7210,ALGERIA,165366524,2024-09-01
7230,TUNISIA,71410932,2024-09-01
7250,LIBYA,62398236,2024-09-01
7290,EGYPT,203604540,2024-09-01
7321,SUDAN,3139914,2024-09-01
7323,SOUTH SUDAN,0,2024-09-01
7380,EQUATORIAL GUINEA,12130524,2024-09-01
7410,MAURITANIA,115634,2024-09-01
7420,CAMEROON,9653456,2024-09-01
7440,SENEGAL,11633522,2024-09-01
7450,MALI,57145,2024-09-01
7460,GUINEA,302440,2024-09-01
7470,SIERRA LEONE,2034242,2024-09-01
7480,COTE D'IVOIRE,72548110,2024-09-01
7490,GHANA,42070058,2024-09-01
7500,GAMBIA,143621,2024-09-01
7510,NIGER,1237071,2024-09-01
7520,TOGO,14021346,2024-09-01
7530,NIGERIA,478417877,2024-09-01
7540,CENTRAL AFRICAN REPUBLIC,159858,2024-09-01
7550,GABON,10232383,2024-09-01
7560,CHAD,777802,2024-09-01
7580,ST HELENA,56131,2024-09-01
7600,BURKINA FASO,1866958,2024-09-01
7642,GUINEA-BISSAU,11968,2024-09-01
7610,BENIN,15588028,2024-09-01
7620,ANGOLA,220234771,2024-09-01
7630,CONGO,6377779,2024-09-01
7643,CABO VERDE,442973,2024-09-01
7644,SAO TOME AND PRINCIPE,52086,2024-09-01
7650,LIBERIA,10569998,2024-09-01
7660,DEMOCRATIC REPUBLIC OF THE CONGO,72284392,2024-09-01
7670,BURUNDI,1515,2024-09-01
7690,RWANDA,3109062,2024-09-01
7700,SOMALIA,8706,2024-09-01
7741,ERITREA,341042,2024-09-01
7749,ETHIOPIA,46736955,2024-09-01
7770,DJIBOUTI,7955445,2024-09-01
7780,UGANDA,15736157,2024-09-01
7790,KENYA,69035741,2024-09-01
7800,SEYCHELLES,549380,2024-09-01
7810,BRITISH INDIAN OCEAN TERRITORIES,19373,2024-09-01
7830,TANZANIA,18812484,2024-09-01
7850,MAURITIUS,21287919,2024-09-01
7870,MOZAMBIQUE,7869014,2024-09-01
7880,MADAGASCAR,59632054,2024-09-01
7881,MAYOTTE,59216,2024-09-01
7890,COMOROS,465097,2024-09-01
7904,REUNION,8482505,2024-09-01
7905,FRENCH SOUTHERN AND ANTARCTIC LANDS,4492,2024-09-01
7910,SOUTH AFRICA,1324073107,2024-09-01
7920,NAMIBIA,28996403,2024-09-01
7930,BOTSWANA,21620612,2024-09-01
7940,ZAMBIA,26452813,2024-09-01
7950,ESWATINI,1521596,2024-09-01
7960,ZIMBABWE,3384906,2024-09-01
7970,MALAWI,4056432,2024-09-01
7XXX,AFRICA,3354116330,2024-09-01
7990,LESOTHO,17083764,2024-09-01
-,TOTAL FOR ALL COUNTRIES,288844039794,2024-10-01
0003,EUROPEAN UNION,51582707218,2024-10-01
0014,PACIFIC RIM COUNTRIES,91307990125,2024-10-01
0017,CAFTA-DR,3092524387,2024-10-01
0020,USMCA (NAFTA),79959576780,2024-10-01
0021,TWENTY LATIN AMERICAN REPUBLICS,57835052926,2024-10-01
0022,OECD,173552143004,2024-10-01
0023,NATO,82143720549,2024-10-01
0024,LAFTA,54642092145,2024-10-01
0025,EURO AREA,45744180101,2024-10-01
0026,APEC,192747605135,2024-10-01
0027,ASEAN,32999548423,2024-10-01
0028,CACM,2447218942,2024-10-01
1010,GREENLAND,2932911,2024-10-01
1220,CANADA,34476230840,2024-10-01
1610,ST PIERRE AND MIQUELON,0,2024-10-01
1XXX,NORTH AMERICA,79962509691,2024-10-01
2010,MEXICO,45483345940,2024-10-01
2050,GUATEMALA,377492918,2024-10-01
2080,BELIZE,3023702,2024-10-01
2110,EL SALVADOR,211583017,2024-10-01
2150,HONDURAS,440995889,2024-10-01
2190,NICARAGUA,428441740,2024-10-01
2230,COSTA RICA,988705378,2024-10-01
2250,PANAMA,45022490,2024-10-01
2320,BERMUDA,1955187,2024-10-01
2360,BAHAMAS,109547878,2024-10-01
2390,CUBA,105000,2024-10-01
2410,JAMAICA,34900583,2024-10-01
2430,TURKS AND CAICOS ISLANDS,861227,2024-10-01
2440,CAYMAN ISLANDS,2072125,2024-10-01
2450,HAITI,55308904,2024-10-01
2470,DOMINICAN REPUBLIC,645305445,2024-10-01
2481,ANGUILLA,38118,2024-10-01
2482,BRITISH VIRGIN ISLANDS,847097,2024-10-01
2483,ST KITTS AND NEVIS,1408427,2024-10-01
2484,ANTIGUA AND BARBUDA,1757474,2024-10-01
2488,ST VINCENT AND THE GRENADINES,662574,2024-10-01
2485,MONTSERRAT,660347,2024-10-01
2486,DOMINICA,388724,2024-10-01
2487,ST LUCIA,616835,2024-10-01
2489,GRENADA,701840,2024-10-01
2720,BARBADOS,5725589,2024-10-01
2740,TRINIDAD AND TOBAGO,234214499,2024-10-01
2774,SINT MAARTEN,5139771,2024-10-01
2777,CURACAO,1046242,2024-10-01
2779,ARUBA,1016024,2024-10-01
2831,GUADELOUPE,139880,2024-10-01
2839,MARTINIQUE,15550,2024-10-01
2XXX,CENTRAL AMERICA,3599700474,2024-10-01
3010,COLOMBIA,1505559849,2024-10-01
3070,VENEZUELA,624285588,2024-10-01
3120,GUYANA,354900351,2024-10-01
3150,SURINAME,6320520,2024-10-01
3170,FRENCH GUIANA,174196,2024-10-01
3310,ECUADOR,708147268,2024-10-01
3330,PERU,950006744,2024-10-01
3350,BOLIVIA,55617828,2024-10-01
3370,CHILE,1221937334,2024-10-01
3510,BRAZIL,3329271956,2024-10-01
3530,PARAGUAY,30430723,2024-10-01
3550,URUGUAY,92942585,2024-10-01
3570,ARGENTINA,640546330,2024-10-01
3720,FALKLAND ISLANDS (ISLAS MALVINAS),0,2024-10-01
3XXX,SOUTH AMERICA,9520141272,2024-10-01
4000,ICELAND,112880489,2024-10-01
4010,SWEDEN,1469580292,2024-10-01
4091,FAROE ISLANDS,21846107,2024-10-01
4031,"SVALBARD, JAN MAYEN ISLAND",0,2024-10-01
4039,NORWAY,512497085,2024-10-01
4050,FINLAND,639353596,2024-10-01
4099,DENMARK,835238627,2024-10-01
4120,UNITED KINGDOM,5961675796,2024-10-01
4190,IRELAND,10217319036,2024-10-01
4210,NETHERLANDS,3081227841,2024-10-01
4231,BELGIUM,2212754587,2024-10-01
4239,LUXEMBOURG,57060148,2024-10-01
4271,ANDORRA,430129,2024-10-01
4272,MONACO,3657984,2024-10-01
4279,FRANCE,4935140125,2024-10-01
4280,GERMANY,12763978379,2024-10-01
4330,AUSTRIA,1541064659,2024-10-01
4351,CZECH REPUBLIC,703778593,2024-10-01
4359,SLOVAKIA,606661049,2024-10-01
4370,HUNGARY,1226335028,2024-10-01
4411,LIECHTENSTEIN,20861661,2024-10-01
4419,SWITZERLAND,5729677942,2024-10-01
4470,ESTONIA,108434711,2024-10-01
4490,LATVIA,41259222,2024-10-01
4510,LITHUANIA,157259527,2024-10-01
4550,POLAND,1168562904,2024-10-01
4621,RUSSIA,314386125,2024-10-01
4622,BELARUS,1502746,2024-10-01
4623,UKRAINE,104874436,2024-10-01
4631,ARMENIA,13012067,2024-10-01
4635,KYRGYZSTAN,1454375,2024-10-01
4632,AZERBAIJAN,7783954,2024-10-01
4633,GEORGIA,5681507,2024-10-01
4634,KAZAKHSTAN,162467124,2024-10-01
4641,MOLDOVA,11873905,2024-10-01
4642,TAJIKISTAN,345319,2024-10-01
4643,TURKMENISTAN,1018795,2024-10-01
4644,UZBEKISTAN,2493833,2024-10-01
4700,SPAIN,1593038841,2024-10-01
4710,PORTUGAL,622173011,2024-10-01
4720,GIBRALTAR,10026,2024-10-01
4730,MALTA,17822009,2024-10-01
4751,SAN MARINO,1224302,2024-10-01
4752,VATICAN CITY,0,2024-10-01
4759,ITALY,6350982190,2024-10-01
4791,CROATIA,75753315,2024-10-01
4792,SLOVENIA,536725006,2024-10-01
4793,BOSNIA AND HERZEGOVINA,12413078,2024-10-01
4794,MACEDONIA,11349104,2024-10-01
4801,SERBIA,85871318,2024-10-01
4803,KOSOVO,1265571,2024-10-01
4804,MONTENEGRO,1154006,2024-10-01
4810,ALBANIA,34315306,2024-10-01
4840,GREECE,180923233,2024-10-01
4850,ROMANIA,308668414,2024-10-01
4870,BULGARIA,126363259,2024-10-01
4890,TURKEY,1354937756,2024-10-01
4910,CYPRUS,5249616,2024-10-01
4XXX,EUROPE,66075669064,2024-10-01
5020,SYRIA,1920900,2024-10-01
5081,ISRAEL,1647572069,2024-10-01
5040,LEBANON,10529524,2024-10-01
5050,IRAQ,549529270,2024-10-01
5070,IRAN,514100,2024-10-01
5082,GAZA STRIP ADMINISTERED BY ISRAEL,0,2024-10-01
5083,WEST BANK ADMINISTERED BY ISRAEL,176521,2024-10-01
5110,JORDAN,344071202,2024-10-01
5130,KUWAIT,147283538,2024-10-01
5170,SAUDI ARABIA,696736044,2024-10-01
5180,QATAR,130931240,2024-10-01
5200,UNITED ARAB EMIRATES,984028582,2024-10-01
5210,YEMEN,1245146,2024-10-01
5230,OMAN,98765031,2024-10-01
5250,BAHRAIN,87308079,2024-10-01
5310,AFGHANISTAN,1737207,2024-10-01
5330,INDIA,8102413605,2024-10-01
5350,PAKISTAN,487171793,2024-10-01
5360,NEPAL,13390397,2024-10-01
5380,BANGLADESH,826594905,2024-10-01
5420,SRI LANKA,303448300,2024-10-01
5460,BURMA,79440109,2024-10-01
5490,THAILAND,6185046942,2024-10-01
5520,VIETNAM,12819605348,2024-10-01
5530,LAOS,119766790,2024-10-01
5550,CAMBODIA,1363829616,2024-10-01
5570,MALAYSIA,5194333255,2024-10-01
5590,SINGAPORE,3233973786,2024-10-01
5600,INDONESIA,2769231884,2024-10-01
5660,MACAU,10944263,2024-10-01
5601,TIMOR-LESTE,661147,2024-10-01
5610,BRUNEI,1665274,2024-10-01
5650,PHILIPPINES,1232655419,2024-10-01
5682,BHUTAN,605649,2024-10-01
5683,MALDIVES,358670,2024-10-01
5700,CHINA,41444880190,2024-10-01
5740,MONGOLIA,2288787,2024-10-01
5790,"KOREA, NORTH",0,2024-10-01
5800,"KOREA, SOUTH",10129748034,2024-10-01
5820,HONG KONG,513025505,2024-10-01
5830,TAIWAN,10701383839,2024-10-01
5880,JAPAN,14000936108,2024-10-01
5XXX,ASIA,124239748068,2024-10-01
6021,AUSTRALIA,1592294497,2024-10-01
6022,NORFOLK ISLAND,15263,2024-10-01
6023,COCOS (KEELING) ISLANDS,42002,2024-10-01
6024,CHRISTMAS ISLAND,178242,2024-10-01
6029,HEARD AND MCDONALD ISLANDS,0,2024-10-01
6040,PAPUA NEW GUINEA,4840813,2024-10-01
6141,NEW ZEALAND,478077258,2024-10-01
6142,COOK ISLANDS,4788,2024-10-01
6143,TOKELAU,17674,2024-10-01
6144,NIUE,389645,2024-10-01
6150,SAMOA,727557,2024-10-01
6223,SOLOMON ISLANDS,115609,2024-10-01
6224,VANUATU,966151,2024-10-01
6225,PITCAIRN ISLANDS,184,2024-10-01
6226,KIRIBATI,88243,2024-10-01
6227,TUVALU,34694,2024-10-01
6412,NEW CALEDONIA,3156727,2024-10-01
6413,WALLIS AND FUTUNA,2412,2024-10-01
6414,FRENCH POLYNESIA,4773446,2024-10-01
6862,NAURU,34283,2024-10-01
6810,MARSHALL ISLANDS,1501932,2024-10-01
6820,MICRONESIA,412738,2024-10-01
6830,PALAU,192283,2024-10-01
6863,FIJI,27800328,2024-10-01
6864,TONGA,179572,2024-10-01
6XXX,AUSTRALIA AND OCEANIA,2115846341,2024-10-01
7140,MOROCCO,166984494,2024-10-01
7210,ALGERIA,148241594,2024-10-01
7230,TUNISIA,60412992,2024-10-01
7250,LIBYA,144158981,2024-10-01
7290,EGYPT,244448094,2024-10-01
7321,SUDAN,2168116,2024-10-01
7323,SOUTH SUDAN,131093,2024-10-01
7380,EQUATORIAL GUINEA,8103272,2024-10-01
7410,MAURITANIA,72642,2024-10-01
7420,CAMEROON,7346608,2024-10-01
7440,SENEGAL,11476400,2024-10-01
7450,MALI,304338,2024-10-01
7460,GUINEA,318029,2024-10-01
7470,SIERRA LEONE,2096682,2024-10-01
7480,COTE D'IVOIRE,69683446,2024-10-01
7490,GHANA,60835600,2024-10-01
7500,GAMBIA,160430,2024-10-01
7510,NIGER,200546,2024-10-01
7520,TOGO,7537282,2024-10-01
7530,NIGERIA,398259476,2024-10-01
7540,CENTRAL AFRICAN REPUBLIC,5599,2024-10-01
7550,GABON,52287767,2024-10-01
7560,CHAD,540348,2024-10-01
7580,ST HELENA,100418,2024-10-01
7600,BURKINA FASO,683305,2024-10-01
7642,GUINEA-BISSAU,1293,2024-10-01
7610,BENIN,4394741,2024-10-01
7620,ANGOLA,187707364,2024-10-01
7630,CONGO,8736207,2024-10-01
7643,CABO VERDE,265380,2024-10-01
7644,SAO TOME AND PRINCIPE,82443,2024-10-01
7650,LIBERIA,6719677,2024-10-01
7660,DEMOCRATIC REPUBLIC OF THE CONGO,20912263,2024-10-01
7670,BURUNDI,327762,2024-10-01
7690,RWANDA,5171582,2024-10-01
7700,SOMALIA,238766,2024-10-01
7741,ERITREA,52791,2024-10-01
7749,ETHIOPIA,57303868,2024-10-01
7770,DJIBOUTI,3989446,2024-10-01
7780,UGANDA,15620906,2024-10-01
7790,KENYA,82639540,2024-10-01
7800,SEYCHELLES,701405,2024-10-01
7810,BRITISH INDIAN OCEAN TERRITORIES,0,2024-10-01
7830,TANZANIA,12239100,2024-10-01
7850,MAURITIUS,26751829,2024-10-01
7870,MOZAMBIQUE,29711726,2024-10-01
7880,MADAGASCAR,77523167,2024-10-01
7881,MAYOTTE,172452,2024-10-01
7890,COMOROS,324735,2024-10-01
7904,REUNION,4776452,2024-10-01
7905,FRENCH SOUTHERN AND ANTARCTIC LANDS,3852,2024-10-01
7910,SOUTH AFRICA,1309007340,2024-10-01
7920,NAMIBIA,13863819,2024-10-01
7930,BOTSWANA,26617423,2024-10-01
7940,ZAMBIA,8481730,2024-10-01
7950,ESWATINI,11312185,2024-10-01
7960,ZIMBABWE,10454771,2024-10-01
7970,MALAWI,2922792,2024-10-01
7XXX,AFRICA,3330424884,2024-10-01
7990,LESOTHO,14838525,2024-10-01
-,TOTAL FOR ALL COUNTRIES,274312320671,2024-11-01
0003,EUROPEAN UNION,52717739457,2024-11-01
0014,PACIFIC RIM COUNTRIES,83506863283,2024-11-01
0017,CAFTA-DR,2924679459,2024-11-01
0020,USMCA (NAFTA),75742132850,2024-11-01
0021,TWENTY LATIN AMERICAN REPUBLICS,55054174273,2024-11-01
0022,OECD,168285305716,2024-11-01
0023,NATO,81925068412,2024-11-01
0024,LAFTA,52037070548,2024-11-01
0025,EURO AREA,46971024845,2024-11-01
0026,APEC,178868961332,2024-11-01
0027,ASEAN,30567734506,2024-11-01
0028,CACM,2352272101,2024-11-01
1010,GREENLAND,3071063,2024-11-01
1220,CANADA,33499439809,2024-11-01
1610,ST PIERRE AND MIQUELON,0,2024-11-01
1XXX,NORTH AMERICA,75745203913,2024-11-01
2010,MEXICO,42242693041,2024-11-01
2050,GUATEMALA,337273931,2024-11-01
2080,BELIZE,3915272,2024-11-01
2110,EL SALVADOR,189608110,2024-11-01
2150,HONDURAS,417496155,2024-11-01
2190,NICARAGUA,335751567,2024-11-01
2230,COSTA RICA,1072142338,2024-11-01
2250,PANAMA,46950625,2024-11-01
2320,BERMUDA,1712001,2024-11-01
2360,BAHAMAS,219290630,2024-11-01
2390,CUBA,2080,2024-11-01
2410,JAMAICA,29344942,2024-11-01
2430,TURKS AND CAICOS ISLANDS,912590,2024-11-01
2440,CAYMAN ISLANDS,19577326,2024-11-01
2450,HAITI,45471561,2024-11-01
2470,DOMINICAN REPUBLIC,572407358,2024-11-01
2481,ANGUILLA,46779,2024-11-01
2482,BRITISH VIRGIN ISLANDS,50756091,2024-11-01
2483,ST KITTS AND NEVIS,1362379,2024-11-01
2484,ANTIGUA AND BARBUDA,433178,2024-11-01
2488,ST VINCENT AND THE GRENADINES,423362,2024-11-01
2485,MONTSERRAT,384038,2024-11-01
2486,DOMINICA,115336,2024-11-01
2487,ST LUCIA,271185,2024-11-01
2489,GRENADA,844591,2024-11-01
2720,BARBADOS,3509782,2024-11-01
2740,TRINIDAD AND TOBAGO,278983350,2024-11-01
2774,SINT MAARTEN,13863333,2024-11-01
2777,CURACAO,2618875,2024-11-01
2779,ARUBA,701633,2024-11-01
2831,GUADELOUPE,151379,2024-11-01
2839,MARTINIQUE,49822,2024-11-01
2XXX,CENTRAL AMERICA,3646371599,2024-11-01
3010,COLOMBIA,1510766727,2024-11-01
3070,VENEZUELA,468069932,2024-11-01
3120,GUYANA,235527104,2024-11-01
3150,SURINAME,5685372,2024-11-01
3170,FRENCH GUIANA,8887,2024-11-01
3310,ECUADOR,799977249,2024-11-01
3330,PERU,1039627406,2024-11-01
3350,BOLIVIA,46150243,2024-11-01
3370,CHILE,1130179177,2024-11-01
3510,BRAZIL,3978757552,2024-11-01
3530,PARAGUAY,40500451,2024-11-01
3550,URUGUAY,142206337,2024-11-01
3570,ARGENTINA,638142433,2024-11-01
3720,FALKLAND ISLANDS (ISLAS MALVINAS),4271,2024-11-01
3XXX,SOUTH AMERICA,10035603141,2024-11-01
4000,ICELAND,110102119,2024-11-01
4010,SWEDEN,1578728871,2024-11-01
4091,FAROE ISLANDS,19854404,2024-11-01
4031,"SVALBARD, JAN MAYEN ISLAND",16385,2024-11-01
4039,NORWAY,505985606,2024-11-01
4050,FINLAND,777935136,2024-11-01
4099,DENMARK,899303759,2024-11-01
4120,UNITED KINGDOM,6039106409,2024-11-01
4190,IRELAND,10657843228,2024-11-01
4210,NETHERLANDS,2656322570,2024-11-01
4231,BELGIUM,2137815977,2024-11-01
4239,LUXEMBOURG,61537021,2024-11-01
4271,ANDORRA,118296,2024-11-01
4272,MONACO,3102821,2024-11-01
4279,FRANCE,5728615930,2024-11-01
4280,GERMANY,12890896262,2024-11-01
4330,AUSTRIA,1480221595,2024-11-01
4351,CZECH REPUBLIC,635222461,2024-11-01
4359,SLOVAKIA,893226627,2024-11-01
4370,HUNGARY,1034446497,2024-11-01
4411,LIECHTENSTEIN,20131227,2024-11-01
4419,SWITZERLAND,5712624978,2024-11-01
4470,ESTONIA,90152386,2024-11-01
4490,LATVIA,58328559,2024-11-01
4510,LITHUANIA,130055020,2024-11-01
4550,POLAND,1203453478,2024-11-01
4621,RUSSIA,137376980,2024-11-01
4622,BELARUS,1779440,2024-11-01
4623,UKRAINE,100528060,2024-11-01
4631,ARMENIA,6076368,2024-11-01
4635,KYRGYZSTAN,2707267,2024-11-01
4632,AZERBAIJAN,6284304,2024-11-01
4633,GEORGIA,29701412,2024-11-01
4634,KAZAKHSTAN,165556768,2024-11-01
4641,MOLDOVA,9490844,2024-11-01
4642,TAJIKISTAN,924188,2024-11-01
4643,TURKMENISTAN,24291,2024-11-01
4644,UZBEKISTAN,2979261,2024-11-01
4700,SPAIN,1630490609,2024-11-01
4710,PORTUGAL,468688749,2024-11-01
4720,GIBRALTAR,4615,2024-11-01
4730,MALTA,18559751,2024-11-01
4751,SAN MARINO,3586664,2024-11-01
4752,VATICAN CITY,175,2024-11-01
4759,ITALY,6523174336,2024-11-01
4791,CROATIA,114594952,2024-11-01
4792,SLOVENIA,452233725,2024-11-01
4793,BOSNIA AND HERZEGOVINA,15965691,2024-11-01
4794,MACEDONIA,20134723,2024-11-01
4801,SERBIA,77648501,2024-11-01
4803,KOSOVO,1677102,2024-11-01
4804,MONTENEGRO,391365,2024-11-01
4810,ALBANIA,6631734,2024-11-01
4840,GREECE,194162545,2024-11-01
4850,ROMANIA,263659937,2024-11-01
4870,BULGARIA,131899609,2024-11-01
4890,TURKEY,1330084405,2024-11-01
4910,CYPRUS,6169867,2024-11-01
4XXX,EUROPE,67048335860,2024-11-01
5020,SYRIA,1701458,2024-11-01
5081,ISRAEL,1768327033,2024-11-01
5040,LEBANON,17849329,2024-11-01
5050,IRAQ,695080154,2024-11-01
5070,IRAN,0,2024-11-01
5082,GAZA STRIP ADMINISTERED BY ISRAEL,183645,2024-11-01
5083,WEST BANK ADMINISTERED BY ISRAEL,674193,2024-11-01
5110,JORDAN,227610779,2024-11-01
5130,KUWAIT,73149109,2024-11-01
5170,SAUDI ARABIA,746196820,2024-11-01
5180,QATAR,132925392,2024-11-01
5200,UNITED ARAB EMIRATES,712145737,2024-11-01
5210,YEMEN,498190,2024-11-01
5230,OMAN,96044005,2024-11-01
5250,BAHRAIN,141993942,2024-11-01
5310,AFGHANISTAN,2526573,2024-11-01
5330,INDIA,6902284238,2024-11-01
5350,PAKISTAN,435885937,2024-11-01
5360,NEPAL,8091002,2024-11-01
5380,BANGLADESH,713268305,2024-11-01
5420,SRI LANKA,264900616,2024-11-01
5460,BURMA,61608679,2024-11-01
5490,THAILAND,5200817790,2024-11-01
5520,VIETNAM,12119227223,2024-11-01
5530,LAOS,146527051,2024-11-01
5550,CAMBODIA,877688176,2024-11-01
5570,MALAYSIA,4789670779,2024-11-01
5590,SINGAPORE,3393555517,2024-11-01
5600,INDONESIA,2494701363,2024-11-01
5660,MACAU,7263377,2024-11-01
5601,TIMOR-LESTE,1200877,2024-11-01
5610,BRUNEI,41813654,2024-11-01
5650,PHILIPPINES,1442124274,2024-11-01
5682,BHUTAN,386385,2024-11-01
5683,MALDIVES,362719,2024-11-01
5700,CHINA,37774833328,2024-11-01
5740,MONGOLIA,2313375,2024-11-01
5790,"KOREA, NORTH",0,2024-11-01
5800,"KOREA, SOUTH",10144453526,2024-11-01
5820,HONG KONG,325362496,2024-11-01
5830,TAIWAN,9276912651,2024-11-01
5880,JAPAN,12077982858,2024-11-01
5XXX,ASIA,113120142555,2024-11-01
6021,AUSTRALIA,1356000769,2024-11-01
6022,NORFOLK ISLAND,137329,2024-11-01
6023,COCOS (KEELING) ISLANDS,57869,2024-11-01
6024,CHRISTMAS ISLAND,31800,2024-11-01
6029,HEARD AND MCDONALD ISLANDS,0,2024-11-01
6040,PAPUA NEW GUINEA,8334467,2024-11-01
6141,NEW ZEALAND,373854224,2024-11-01
6142,COOK ISLANDS,46857,2024-11-01
6143,TOKELAU,23409,2024-11-01
6144,NIUE,364805,2024-11-01
6150,SAMOA,58866,2024-11-01
6223,SOLOMON ISLANDS,45120,2024-11-01
6224,VANUATU,2280953,2024-11-01
6225,PITCAIRN ISLANDS,44,2024-11-01
6226,KIRIBATI,107931,2024-11-01
6227,TUVALU,3115,2024-11-01
6412,NEW CALEDONIA,2477094,2024-11-01
6413,WALLIS AND FUTUNA,246,2024-11-01
6414,FRENCH POLYNESIA,3474164,2024-11-01
6862,NAURU,90552,2024-11-01
6810,MARSHALL ISLANDS,1399293,2024-11-01
6820,MICRONESIA,1092486,2024-11-01
6830,PALAU,29814,2024-11-01
6863,FIJI,25070829,2024-11-01
6864,TONGA,144346,2024-11-01
6XXX,AUSTRALIA AND OCEANIA,1775126382,2024-11-01
7140,MOROCCO,149436479,2024-11-01
7210,ALGERIA,119624089,2024-11-01
7230,TUNISIA,64258300,2024-11-01
7250,LIBYA,84319250,2024-11-01
7290,EGYPT,166970538,2024-11-01
7321,SUDAN,760795,2024-11-01
7323,SOUTH SUDAN,0,2024-11-01
7380,EQUATORIAL GUINEA,14453184,2024-11-01
7410,MAURITANIA,587998,2024-11-01
7420,CAMEROON,10005612,2024-11-01
7440,SENEGAL,12358827,2024-11-01
7450,MALI,678855,2024-11-01
7460,GUINEA,482215,2024-11-01
7470,SIERRA LEONE,2627232,2024-11-01
7480,COTE D'IVOIRE,58729613,2024-11-01
7490,GHANA,92493107,2024-11-01
7500,GAMBIA,50639,2024-11-01
7510,NIGER,471047,2024-11-01
7520,TOGO,3455428,2024-11-01
7530,NIGERIA,258291868,2024-11-01
7540,CENTRAL AFRICAN REPUBLIC,184395,2024-11-01
7550,GABON,24298970,2024-11-01
7560,CHAD,478139,2024-11-01
7580,ST HELENA,769289,2024-11-01
7600,BURKINA FASO,210901,2024-11-01
7642,GUINEA-BISSAU,100,2024-11-01
7610,BENIN,2498208,2024-11-01
7620,ANGOLA,203699304,2024-11-01
7630,CONGO,2454865,2024-11-01
7643,CABO VERDE,551874,2024-11-01
7644,SAO TOME AND PRINCIPE,16766,2024-11-01
7650,LIBERIA,6277980,2024-11-01
7660,DEMOCRATIC REPUBLIC OF THE CONGO,33429679,2024-11-01
7670,BURUNDI,82030,2024-11-01
7690,RWANDA,3778593,2024-11-01
7700,SOMALIA,606305,2024-11-01
7741,ERITREA,17781,2024-11-01
7749,ETHIOPIA,36331577,2024-11-01
7770,DJIBOUTI,1688402,2024-11-01
7780,UGANDA,15154723,2024-11-01
7790,KENYA,70863685,2024-11-01
7800,SEYCHELLES,509709,2024-11-01
7810,BRITISH INDIAN OCEAN TERRITORIES,9697,2024-11-01
7830,TANZANIA,17362493,2024-11-01
7850,MAURITIUS,16609264,2024-11-01
7870,MOZAMBIQUE,15600849,2024-11-01
7880,MADAGASCAR,46604383,2024-11-01
7881,MAYOTTE,652559,2024-11-01
7890,COMOROS,35133,2024-11-01
7904,REUNION,2108219,2024-11-01
7905,FRENCH SOUTHERN AND ANTARCTIC LANDS,431,2024-11-01
7910,SOUTH AFRICA,1324489124,2024-11-01
7920,NAMIBIA,12779459,2024-11-01
7930,BOTSWANA,32155388,2024-11-01
7940,ZAMBIA,10730205,2024-11-01
7950,ESWATINI,1374999,2024-11-01
7960,ZIMBABWE,4277612,2024-11-01
7970,MALAWI,1967954,2024-11-01
7XXX,AFRICA,2941537221,2024-11-01
7990,LESOTHO,10821101,2024-11-01
-,TOTAL FOR ALL COUNTRIES,284911220759,2024-12-01
0003,EUROPEAN UNION,50059806483,2024-12-01
0014,PACIFIC RIM COUNTRIES,87496055020,2024-12-01
0017,CAFTA-DR,3204687630,2024-12-01
0020,USMCA (NAFTA),74779173187,2024-12-01
0021,TWENTY LATIN AMERICAN REPUBLICS,52352088362,2024-12-01
0022,OECD,175982592995,2024-12-01
0023,NATO,84588067958,2024-12-01
0024,LAFTA,49054874678,2024-12-01
0025,EURO AREA,43852373242,2024-12-01
0026,APEC,182331469232,2024-12-01
0027,ASEAN,30718996960,2024-12-01
0028,CACM,2599329597,2024-12-01
1010,GREENLAND,6619388,2024-12-01
1220,CANADA,35560553402,2024-12-01
1610,ST PIERRE AND MIQUELON,0,2024-12-01
1XXX,NORTH AMERICA,74785792575,2024-12-01
2010,MEXICO,39218619785,2024-12-01
2050,GUATEMALA,423021873,2024-12-01
2080,BELIZE,4181614,2024-12-01
2110,EL SALVADOR,182609609,2024-12-01
2150,HONDURAS,405459528,2024-12-01
2190,NICARAGUA,376798129,2024-12-01
2230,COSTA RICA,1211440458,2024-12-01
2250,PANAMA,44484863,2024-12-01
2320,BERMUDA,822249,2024-12-01
2360,BAHAMAS,366392066,2024-12-01
2390,CUBA,0,2024-12-01
2410,JAMAICA,35604792,2024-12-01
2430,TURKS AND CAICOS ISLANDS,531761,2024-12-01
2440,CAYMAN ISLANDS,2858567,2024-12-01
2450,HAITI,48041191,2024-12-01
2470,DOMINICAN REPUBLIC,605358033,2024-12-01
2481,ANGUILLA,46272,2024-12-01
2482,BRITISH VIRGIN ISLANDS,817678,2024-12-01
2483,ST KITTS AND NEVIS,1458343,2024-12-01
2484,ANTIGUA AND BARBUDA,755045,2024-12-01
2488,ST VINCENT AND THE GRENADINES,493660,2024-12-01
2485,MONTSERRAT,341327,2024-12-01
2486,DOMINICA,167935,2024-12-01
2487,ST LUCIA,954382,2024-12-01
2489,GRENADA,647784,2024-12-01
2720,BARBADOS,4181640,2024-12-01
2740,TRINIDAD AND TOBAGO,365082329,2024-12-01
2774,SINT MAARTEN,19303433,2024-12-01
2777,CURACAO,1659761,2024-12-01
2779,ARUBA,635708,2024-12-01
2831,GUADELOUPE,321307,2024-12-01
2839,MARTINIQUE,51152,2024-12-01
2XXX,CENTRAL AMERICA,4104522489,2024-12-01
3010,COLOMBIA,1483187311,2024-12-01
3070,VENEZUELA,618750968,2024-12-01
3120,GUYANA,271838464,2024-12-01
3150,SURINAME,6308838,2024-12-01
3170,FRENCH GUIANA,355974,2024-12-01
3310,ECUADOR,512759585,2024-12-01
3330,PERU,1166274531,2024-12-01
3350,BOLIVIA,40599652,2024-12-01
3370,CHILE,1351241464,2024-12-01
3510,BRAZIL,3810755873,2024-12-01
3530,PARAGUAY,55994546,2024-12-01
3550,URUGUAY,112527244,2024-12-01
3570,ARGENTINA,684163719,2024-12-01
3720,FALKLAND ISLANDS (ISLAS MALVINAS),1467,2024-12-01
3XXX,SOUTH AMERICA,10114759636,2024-12-01
4000,ICELAND,180552647,2024-12-01
4010,SWEDEN,1448829839,2024-12-01
4091,FAROE ISLANDS,21180552,2024-12-01
4031,"SVALBARD, JAN MAYEN ISLAND",538,2024-12-01
4039,NORWAY,638097041,2024-12-01
4050,FINLAND,695416728,2024-12-01
4099,DENMARK,952212177,2024-12-01
4120,UNITED KINGDOM,5923648313,2024-12-01
4190,IRELAND,7472269629,2024-12-01
4210,NETHERLANDS,2483230438,2024-12-01
4231,BELGIUM,2167364205,2024-12-01
4239,LUXEMBOURG,57822036,2024-12-01
4271,ANDORRA,118836,2024-12-01
4272,MONACO,5045297,2024-12-01
4279,FRANCE,4852814069,2024-12-01
4280,GERMANY,13700249391,2024-12-01
4330,AUSTRIA,1555979458,2024-12-01
4351,CZECH REPUBLIC,656054941,2024-12-01
4359,SLOVAKIA,942336567,2024-12-01
4370,HUNGARY,1467380118,2024-12-01
4411,LIECHTENSTEIN,25572715,2024-12-01
4419,SWITZERLAND,14215490277,2024-12-01
4470,ESTONIA,100321769,2024-12-01
4490,LATVIA,51240659,2024-12-01
4510,LITHUANIA,218424439,2024-12-01
4550,POLAND,1210172135,2024-12-01
4621,RUSSIA,126077739,2024-12-01
4622,BELARUS,1536230,2024-12-01
4623,UKRAINE,102293211,2024-12-01
4631,ARMENIA,10570206,2024-12-01
4635,KYRGYZSTAN,844304,2024-12-01
4632,AZERBAIJAN,4037477,2024-12-01
4633,GEORGIA,5069652,2024-12-01
4634,KAZAKHSTAN,255979472,2024-12-01
4641,MOLDOVA,12702107,2024-12-01
4642,TAJIKISTAN,2711512,2024-12-01
4643,TURKMENISTAN,591382,2024-12-01
4644,UZBEKISTAN,3280956,2024-12-01
4700,SPAIN,1662040309,2024-12-01
4710,PORTUGAL,476346260,2024-12-01
4720,GIBRALTAR,2776,2024-12-01
4730,MALTA,19837376,2024-12-01
4751,SAN MARINO,2152892,2024-12-01
4752,VATICAN CITY,734,2024-12-01
4759,ITALY,6428624752,2024-12-01
4791,CROATIA,63046273,2024-12-01
4792,SLOVENIA,733264346,2024-12-01
4793,BOSNIA AND HERZEGOVINA,12875997,2024-12-01
4794,MACEDONIA,10854994,2024-12-01
4801,SERBIA,79756594,2024-12-01
4803,KOSOVO,2351674,2024-12-01
4804,MONTENEGRO,702619,2024-12-01
4810,ALBANIA,5406831,2024-12-01
4840,GREECE,163986068,2024-12-01
4850,ROMANIA,328412834,2024-12-01
4870,BULGARIA,144371197,2024-12-01
4890,TURKEY,1344301278,2024-12-01
4910,CYPRUS,7758470,2024-12-01
4XXX,EUROPE,73053613336,2024-12-01
5020,SYRIA,400820,2024-12-01
5081,ISRAEL,2030548237,2024-12-01
5040,LEBANON,21458982,2024-12-01
5050,IRAQ,508976932,2024-12-01
5070,IRAN,334827,2024-12-01
5082,GAZA STRIP ADMINISTERED BY ISRAEL,0,2024-12-01
5083,WEST BANK ADMINISTERED BY ISRAEL,1153860,2024-12-01
5110,JORDAN,263946299,2024-12-01
5130,KUWAIT,106829545,2024-12-01
5170,SAUDI ARABIA,700616155,2024-12-01
5180,QATAR,60662425,2024-12-01
5200,UNITED ARAB EMIRATES,656134803,2024-12-01
5210,YEMEN,425448,2024-12-01
5230,OMAN,107470083,2024-12-01
5250,BAHRAIN,108008875,2024-12-01
5310,AFGHANISTAN,2401628,2024-12-01
5330,INDIA,7304445499,2024-12-01
5350,PAKISTAN,443316917,2024-12-01
5360,NEPAL,8179751,2024-12-01
5380,BANGLADESH,655207851,2024-12-01
5420,SRI LANKA,225506474,2024-12-01
5460,BURMA,58907808,2024-12-01
5490,THAILAND,5666045502,2024-12-01
5520,VIETNAM,11753711838,2024-12-01
5530,LAOS,110624188,2024-12-01
5550,CAMBODIA,963071084,2024-12-01
5570,MALAYSIA,4866392638,2024-12-01
5590,SINGAPORE,3586163210,2024-12-01
5600,INDONESIA,2473474776,2024-12-01
5660,MACAU,7110049,2024-12-01
5601,TIMOR-LESTE,942238,2024-12-01
5610,BRUNEI,2012732,2024-12-01
5650,PHILIPPINES,1238593184,2024-12-01
5682,BHUTAN,65919,2024-12-01
5683,MALDIVES,297049,2024-12-01
5700,CHINA,37553745287,2024-12-01
5740,MONGOLIA,3600097,2024-12-01
5790,"KOREA, NORTH",0,2024-12-01
5800,"KOREA, SOUTH",11036439546,2024-12-01
5820,HONG KONG,1377338808,2024-12-01
5830,TAIWAN,10089875683,2024-12-01
5880,JAPAN,12452257277,2024-12-01
5XXX,ASIA,116446694324,2024-12-01
6021,AUSTRALIA,2345962458,2024-12-01
6022,NORFOLK ISLAND,560,2024-12-01
6023,COCOS (KEELING) ISLANDS,52867,2024-12-01
6024,CHRISTMAS ISLAND,199615,2024-12-01
6029,HEARD AND MCDONALD ISLANDS,0,2024-12-01
6040,PAPUA NEW GUINEA,8523337,2024-12-01
6141,NEW ZEALAND,458166035,2024-12-01
6142,COOK ISLANDS,29542,2024-12-01
6143,TOKELAU,13597,2024-12-01
6144,NIUE,538879,2024-12-01
6150,SAMOA,837485,2024-12-01
6223,SOLOMON ISLANDS,60823,2024-12-01
6224,VANUATU,3217075,2024-12-01
6225,PITCAIRN ISLANDS,6102,2024-12-01
6226,KIRIBATI,128942,2024-12-01
6227,TUVALU,3926,2024-12-01
6412,NEW CALEDONIA,4518268,2024-12-01
6413,WALLIS AND FUTUNA,0,2024-12-01
6414,FRENCH POLYNESIA,2994249,2024-12-01
6862,NAURU,196832,2024-12-01
6810,MARSHALL ISLANDS,2807594,2024-12-01
6820,MICRONESIA,14548,2024-12-01
6830,PALAU,317185,2024-12-01
6863,FIJI,23638410,2024-12-01
6864,TONGA,592702,2024-12-01
6XXX,AUSTRALIA AND OCEANIA,2852821031,2024-12-01
7140,MOROCCO,131668088,2024-12-01
7210,ALGERIA,303339580,2024-12-01
7230,TUNISIA,79055225,2024-12-01
7250,LIBYA,71202576,2024-12-01
7290,EGYPT,218157482,2024-12-01
7321,SUDAN,767255,2024-12-01
7323,SOUTH SUDAN,471347,2024-12-01
7380,EQUATORIAL GUINEA,22282596,2024-12-01
7410,MAURITANIA,93229,2024-12-01
7420,CAMEROON,12786698,2024-12-01
7440,SENEGAL,81427059,2024-12-01
7450,MALI,132082,2024-12-01
7460,GUINEA,145555,2024-12-01
7470,SIERRA LEONE,840869,2024-12-01
7480,COTE D'IVOIRE,74314769,2024-12-01
7490,GHANA,78434375,2024-12-01
7500,GAMBIA,131325,2024-12-01
7510,NIGER,407777,2024-12-01
7520,TOGO,2523494,2024-12-01
7530,NIGERIA,412150100,2024-12-01
7540,CENTRAL AFRICAN REPUBLIC,87603,2024-12-01
7550,GABON,2603397,2024-12-01
7560,CHAD,705253,2024-12-01
7580,ST HELENA,1540791,2024-12-01
7600,BURKINA FASO,9258,2024-12-01
7642,GUINEA-BISSAU,431,2024-12-01
7610,BENIN,959774,2024-12-01
7620,ANGOLA,170509356,2024-12-01
7630,CONGO,5697614,2024-12-01
7643,CABO VERDE,258565,2024-12-01
7644,SAO TOME AND PRINCIPE,30292,2024-12-01
7650,LIBERIA,11465473,2024-12-01
7660,DEMOCRATIC REPUBLIC OF THE CONGO,54374964,2024-12-01
7670,BURUNDI,185603,2024-12-01
7690,RWANDA,5672334,2024-12-01
7700,SOMALIA,99705,2024-12-01
7741,ERITREA,3520,2024-12-01
7749,ETHIOPIA,42232025,2024-12-01
7770,DJIBOUTI,4832931,2024-12-01
7780,UGANDA,7606456,2024-12-01
7790,KENYA,73907748,2024-12-01
7800,SEYCHELLES,577184,2024-12-01
7810,BRITISH INDIAN OCEAN TERRITORIES,0,2024-12-01
7830,TANZANIA,12441674,2024-12-01
7850,MAURITIUS,18078422,2024-12-01
7870,MOZAMBIQUE,14375757,2024-12-01
7880,MADAGASCAR,63910851,2024-12-01
7881,MAYOTTE,115926,2024-12-01
7890,COMOROS,373268,2024-12-01
7904,REUNION,7744513,2024-12-01
7905,FRENCH SOUTHERN AND ANTARCTIC LANDS,2984,2024-12-01
7910,SOUTH AFRICA,1458087008,2024-12-01
7920,NAMIBIA,16186373,2024-12-01
7930,BOTSWANA,19939711,2024-12-01
7940,ZAMBIA,5662990,2024-12-01
7950,ESWATINI,909879,2024-12-01
7960,ZIMBABWE,10254110,2024-12-01
7970,MALAWI,1503832,2024-12-01
7XXX,AFRICA,3553017368,2024-12-01
7990,LESOTHO,49738312,2024-12-01
-,TOTAL FOR ALL COUNTRIES,317306228983,2025-01-01
0003,EUROPEAN UNION,54401638670,2025-01-01
0014,PACIFIC RIM COUNTRIES,96445885535,2025-01-01
0017,CAFTA-DR,2523580044,2025-01-01
0020,USMCA (NAFTA),80017054956,2025-01-01
0021,TWENTY LATIN AMERICAN REPUBLICS,54747566395,2025-01-01
0022,OECD,200152693709,2025-01-01
0023,NATO,85926076306,2025-01-01
0024,LAFTA,52146308611,2025-01-01
0025,EURO AREA,49201981361,2025-01-01
0026,APEC,198061137090,2025-01-01
0027,ASEAN,32620091283,2025-01-01
0028,CACM,2035507018,2025-01-01
1010,GREENLAND,3740025,2025-01-01
1220,CANADA,38338463539,2025-01-01
1610,ST PIERRE AND MIQUELON,6700,2025-01-01
1XXX,NORTH AMERICA,80020801681,2025-01-01
2010,MEXICO,41678591417,2025-01-01
2050,GUATEMALA,422182888,2025-01-01
2080,BELIZE,2065813,2025-01-01
2110,EL SALVADOR,141753143,2025-01-01
2150,HONDURAS,336909418,2025-01-01
2190,NICARAGUA,323181314,2025-01-01
2230,COSTA RICA,811480255,2025-01-01
2250,PANAMA,48690776,2025-01-01
2320,BERMUDA,767021,2025-01-01
2360,BAHAMAS,65009249,2025-01-01
2390,CUBA,12500,2025-01-01
2410,JAMAICA,50641198,2025-01-01
2430,TURKS AND CAICOS ISLANDS,340152,2025-01-01
2440,CAYMAN ISLANDS,2475108,2025-01-01
2450,HAITI,28974464,2025-01-01
2470,DOMINICAN REPUBLIC,488073026,2025-01-01
2481,ANGUILLA,165286,2025-01-01
2482,BRITISH VIRGIN ISLANDS,509884,2025-01-01
2483,ST KITTS AND NEVIS,2167509,2025-01-01
2484,ANTIGUA AND BARBUDA,162402,2025-01-01
2485,MONTSERRAT,128530,2025-01-01
2486,DOMINICA,42561,2025-01-01
2487,ST LUCIA,332602,2025-01-01
2488,ST VINCENT AND THE GRENADINES,286935,2025-01-01
2774,SINT MAARTEN,12646921,2025-01-01
2489,GRENADA,604888,2025-01-01
2720,BARBADOS,2708493,2025-01-01
2740,TRINIDAD AND TOBAGO,243140189,2025-01-01
2777,CURACAO,3812577,2025-01-01
2779,ARUBA,458268,2025-01-01
2831,GUADELOUPE,193227,2025-01-01
2839,MARTINIQUE,575219,2025-01-01
2XXX,CENTRAL AMERICA,2990491816,2025-01-01
3010,COLOMBIA,1600210257,2025-01-01
3070,VENEZUELA,632060776,2025-01-01
3120,GUYANA,351366482,2025-01-01
3150,SURINAME,6831490,2025-01-01
3170,FRENCH GUIANA,9335,2025-01-01
3310,ECUADOR,789685861,2025-01-01
3330,PERU,1378414214,2025-01-01
3350,BOLIVIA,42828582,2025-01-01
3370,CHILE,1411273749,2025-01-01
3510,BRAZIL,3770692490,2025-01-01
3530,PARAGUAY,55018230,2025-01-01
3550,URUGUAY,124867087,2025-01-01
3570,ARGENTINA,662665948,2025-01-01
3720,FALKLAND ISLANDS (ISLAS MALVINAS),7424344,2025-01-01
3XXX,SOUTH AMERICA,10833348845,2025-01-01
4000,ICELAND,74604457,2025-01-01
4010,SWEDEN,1413012038,2025-01-01
4031,"SVALBARD, JAN MAYEN ISLAND",18751,2025-01-01
4039,NORWAY,549137041,2025-01-01
4050,FINLAND,632826677,2025-01-01
4091,FAROE ISLANDS,24510319,2025-01-01
4210,NETHERLANDS,3047488590,2025-01-01
4099,DENMARK,767222013,2025-01-01
4120,UNITED KINGDOM,6044652850,2025-01-01
4190,IRELAND,13637151666,2025-01-01
4231,BELGIUM,1955509953,2025-01-01
4239,LUXEMBOURG,76838645,2025-01-01
4271,ANDORRA,269312,2025-01-01
4272,MONACO,4404534,2025-01-01
4279,FRANCE,4983366432,2025-01-01
4280,GERMANY,13659214656,2025-01-01
4330,AUSTRIA,1312477387,2025-01-01
4351,CZECH REPUBLIC,613373846,2025-01-01
4359,SLOVAKIA,492569124,2025-01-01
4370,HUNGARY,904418462,2025-01-01
4411,LIECHTENSTEIN,14914596,2025-01-01
4419,SWITZERLAND,23811099731,2025-01-01
4470,ESTONIA,109690217,2025-01-01
4490,LATVIA,45795857,2025-01-01
4510,LITHUANIA,142969202,2025-01-01
4550,POLAND,1094213442,2025-01-01
4621,RUSSIA,196153374,2025-01-01
4622,BELARUS,867215,2025-01-01
4623,UKRAINE,164460467,2025-01-01
4631,ARMENIA,9282853,2025-01-01
4632,AZERBAIJAN,11332378,2025-01-01
4633,GEORGIA,21099437,2025-01-01
4634,KAZAKHSTAN,872053712,2025-01-01
4635,KYRGYZSTAN,1734569,2025-01-01
4641,MOLDOVA,8933206,2025-01-01
4700,SPAIN,1709707173,2025-01-01
4642,TAJIKISTAN,41661,2025-01-01
4643,TURKMENISTAN,71576,2025-01-01
4644,UZBEKISTAN,223962181,2025-01-01
4710,PORTUGAL,484520670,2025-01-01
4720,GIBRALTAR,20453,2025-01-01
4730,MALTA,22506397,2025-01-01
4751,SAN MARINO,1385576,2025-01-01
4752,VATICAN CITY,619,2025-01-01
4759,ITALY,6108876179,2025-01-01
4791,CROATIA,88370594,2025-01-01
4792,SLOVENIA,506461027,2025-01-01
4793,BOSNIA AND HERZEGOVINA,10709451,2025-01-01
4794,MACEDONIA,20017214,2025-01-01
4801,SERBIA,66535347,2025-01-01
4803,KOSOVO,1141186,2025-01-01
4804,MONTENEGRO,790534,2025-01-01
4810,ALBANIA,4461852,2025-01-01
4840,GREECE,178862847,2025-01-01
4850,ROMANIA,284527484,2025-01-01
4870,BULGARIA,122890024,2025-01-01
4890,TURKEY,1471223667,2025-01-01
4910,CYPRUS,6778068,2025-01-01
4XXX,EUROPE,88011528789,2025-01-01
5020,SYRIA,564892,2025-01-01
5040,LEBANON,14129430,2025-01-01
5050,IRAQ,564061647,2025-01-01
5070,IRAN,88156,2025-01-01
5081,ISRAEL,1934784697,2025-01-01
5083,WEST BANK ADMINISTERED BY ISRAEL,1407529,2025-01-01
5110,JORDAN,265142340,2025-01-01
5200,UNITED ARAB EMIRATES,654970198,2025-01-01
5130,KUWAIT,124279742,2025-01-01
5170,SAUDI ARABIA,1118674427,2025-01-01
5180,QATAR,163461858,2025-01-01
5210,YEMEN,581969,2025-01-01
5230,OMAN,85217637,2025-01-01
5250,BAHRAIN,120426778,2025-01-01
5310,AFGHANISTAN,3295203,2025-01-01
5330,INDIA,8150677318,2025-01-01
5350,PAKISTAN,421991379,2025-01-01
5360,NEPAL,9218439,2025-01-01
5380,BANGLADESH,904265282,2025-01-01
5420,SRI LANKA,346219074,2025-01-01
5460,BURMA,53429949,2025-01-01
5490,THAILAND,5632710962,2025-01-01
5520,VIETNAM,12987115069,2025-01-01
5530,LAOS,88907424,2025-01-01
5550,CAMBODIA,1027192923,2025-01-01
5570,MALAYSIA,4657508968,2025-01-01
5590,SINGAPORE,4370793487,2025-01-01
5600,INDONESIA,2640439812,2025-01-01
5601,TIMOR-LESTE,742746,2025-01-01
5610,BRUNEI,1600012,2025-01-01
5650,PHILIPPINES,1160392677,2025-01-01
5660,MACAU,7470769,2025-01-01
5682,BHUTAN,656383,2025-01-01
5683,MALDIVES,634536,2025-01-01
5700,CHINA,41639170750,2025-01-01
5740,MONGOLIA,2203160,2025-01-01
5880,JAPAN,12814500499,2025-01-01
5800,"KOREA, SOUTH",10673550154,2025-01-01
5820,HONG KONG,2343019229,2025-01-01
5830,TAIWAN,11069846413,2025-01-01
5XXX,ASIA,126055343917,2025-01-01
6021,AUSTRALIA,4579857557,2025-01-01
6023,COCOS (KEELING) ISLANDS,154586,2025-01-01
6024,CHRISTMAS ISLAND,12230,2025-01-01
6029,HEARD AND MCDONALD ISLANDS,5145,2025-01-01
6040,PAPUA NEW GUINEA,5037472,2025-01-01
6141,NEW ZEALAND,482697736,2025-01-01
6142,COOK ISLANDS,102036,2025-01-01
6143,TOKELAU,14157,2025-01-01
6144,NIUE,281473,2025-01-01
6150,SAMOA,42696,2025-01-01
6223,SOLOMON ISLANDS,231882,2025-01-01
6224,VANUATU,1952450,2025-01-01
6225,PITCAIRN ISLANDS,33,2025-01-01
6226,KIRIBATI,24011,2025-01-01
6227,TUVALU,9228,2025-01-01
6412,NEW CALEDONIA,1143054,2025-01-01
6413,WALLIS AND FUTUNA,2694,2025-01-01
6414,FRENCH POLYNESIA,2370991,2025-01-01
6810,MARSHALL ISLANDS,1911661,2025-01-01
6820,MICRONESIA,57226,2025-01-01
6830,PALAU,57741,2025-01-01
6862,NAURU,17284,2025-01-01
6863,FIJI,16775390,2025-01-01
6864,TONGA,446718,2025-01-01
6XXX,AUSTRALIA AND OCEANIA,5093205451,2025-01-01
7140,MOROCCO,134851343,2025-01-01
7210,ALGERIA,158124308,2025-01-01
7230,TUNISIA,70872412,2025-01-01
7250,LIBYA,167291847,2025-01-01
7380,EQUATORIAL GUINEA,9100799,2025-01-01
7290,EGYPT,206581956,2025-01-01
7321,SUDAN,3075,2025-01-01
7323,SOUTH SUDAN,791,2025-01-01
7410,MAURITANIA,137578,2025-01-01
7420,CAMEROON,8770722,2025-01-01
7440,SENEGAL,32040793,2025-01-01
7450,MALI,197939,2025-01-01
7460,GUINEA,336257,2025-01-01
7470,SIERRA LEONE,12863506,2025-01-01
7480,COTE D'IVOIRE,233526285,2025-01-01
7490,GHANA,119157073,2025-01-01
7500,GAMBIA,4501,2025-01-01
7510,NIGER,131115,2025-01-01
7520,TOGO,1738849,2025-01-01
7530,NIGERIA,356804022,2025-01-01
7540,CENTRAL AFRICAN REPUBLIC,25833,2025-01-01
7550,GABON,1458705,2025-01-01
7560,CHAD,317298,2025-01-01
7580,ST HELENA,66701,2025-01-01
7600,BURKINA FASO,650363,2025-01-01
7610,BENIN,1052006,2025-01-01
7620,ANGOLA,79927721,2025-01-01
7630,CONGO,4470933,2025-01-01
7642,GUINEA-BISSAU,129,2025-01-01
7643,CABO VERDE,2901780,2025-01-01
7644,SAO TOME AND PRINCIPE,38491,2025-01-01
7650,LIBERIA,6111830,2025-01-01
7660,DEMOCRATIC REPUBLIC OF THE CONGO,35640422,2025-01-01
7670,BURUNDI,853512,2025-01-01
7690,RWANDA,5961162,2025-01-01
7700,SOMALIA,123510,2025-01-01
7741,ERITREA,36470,2025-01-01
7749,ETHIOPIA,37918749,2025-01-01
7770,DJIBOUTI,3120368,2025-01-01
7780,UGANDA,8086872,2025-01-01
7830,TANZANIA,40961290,2025-01-01
7790,KENYA,67468867,2025-01-01
7800,SEYCHELLES,126440,2025-01-01
7810,BRITISH INDIAN OCEAN TERRITORIES,2752,2025-01-01
7850,MAURITIUS,11047162,2025-01-01
7870,MOZAMBIQUE,62417966,2025-01-01
7880,MADAGASCAR,73309970,2025-01-01
7881,MAYOTTE,85190,2025-01-01
7890,COMOROS,166047,2025-01-01
7904,REUNION,2063301,2025-01-01
7905,FRENCH SOUTHERN AND ANTARCTIC LANDS,86,2025-01-01
7910,SOUTH AFRICA,2253344219,2025-01-01
7920,NAMIBIA,10982489,2025-01-01
7930,BOTSWANA,13836618,2025-01-01
7940,ZAMBIA,30731793,2025-01-01
7950,ESWATINI,921219,2025-01-01
7960,ZIMBABWE,12609259,2025-01-01
7970,MALAWI,5051040,2025-01-01
7990,LESOTHO,15084750,2025-01-01
7XXX,AFRICA,4301508484,2025-01-01
-,TOTAL FOR ALL COUNTRIES,288187133875,2025-02-01
0003,EUROPEAN UNION,54259237101,2025-02-01
0014,PACIFIC RIM COUNTRIES,78546639213,2025-02-01
0017,CAFTA-DR,2942205713,2025-02-01
0020,USMCA (NAFTA),76563444651,2025-02-01
0021,TWENTY LATIN AMERICAN REPUBLICS,53599785140,2025-02-01
0022,OECD,187780885576,2025-02-01
0023,NATO,80273950944,2025-02-01
0024,LAFTA,50567631534,2025-02-01
0025,EURO AREA,48806994697,2025-02-01
0026,APEC,174496601179,2025-02-01
0027,ASEAN,29538135261,2025-02-01
0028,CACM,2362672042,2025-02-01
1010,GREENLAND,2968455,2025-02-01
1220,CANADA,34924705129,2025-02-01
1610,ST PIERRE AND MIQUELON,11424,2025-02-01
1XXX,NORTH AMERICA,76566424530,2025-02-01
2010,MEXICO,41638739522,2025-02-01
2050,GUATEMALA,373026202,2025-02-01
2080,BELIZE,2294301,2025-02-01
2110,EL SALVADOR,191140484,2025-02-01
2150,HONDURAS,409164744,2025-02-01
2190,NICARAGUA,308135519,2025-02-01
2230,COSTA RICA,1081205093,2025-02-01
2250,PANAMA,43349906,2025-02-01
2320,BERMUDA,1376849,2025-02-01
2360,BAHAMAS,119115776,2025-02-01
2390,CUBA,67177,2025-02-01
2410,JAMAICA,30943952,2025-02-01
2430,TURKS AND CAICOS ISLANDS,683412,2025-02-01
2440,CAYMAN ISLANDS,3482325,2025-02-01
2450,HAITI,46530810,2025-02-01
2470,DOMINICAN REPUBLIC,579533671,2025-02-01
2481,ANGUILLA,229540,2025-02-01
2482,BRITISH VIRGIN ISLANDS,682953,2025-02-01
2483,ST KITTS AND NEVIS,1173358,2025-02-01
2484,ANTIGUA AND BARBUDA,587262,2025-02-01
2485,MONTSERRAT,63820,2025-02-01
2486,DOMINICA,98382,2025-02-01
2487,ST LUCIA,685068,2025-02-01
2740,TRINIDAD AND TOBAGO,177657506,2025-02-01
2488,ST VINCENT AND THE GRENADINES,208061,2025-02-01
2489,GRENADA,1101908,2025-02-01
2720,BARBADOS,4366127,2025-02-01
2774,SINT MAARTEN,17183030,2025-02-01
2777,CURACAO,978139,2025-02-01
2779,ARUBA,483628,2025-02-01
2831,GUADELOUPE,1429163,2025-02-01
2839,MARTINIQUE,34549,2025-02-01
2XXX,CENTRAL AMERICA,3397012715,2025-02-01
3010,COLOMBIA,1364508206,2025-02-01
3070,VENEZUELA,466158606,2025-02-01
3120,GUYANA,119981983,2025-02-01
3150,SURINAME,5270999,2025-02-01
3170,FRENCH GUIANA,49712,2025-02-01
3310,ECUADOR,757351581,2025-02-01
3330,PERU,947673414,2025-02-01
3350,BOLIVIA,52848596,2025-02-01
3370,CHILE,1391958932,2025-02-01
3510,BRAZIL,3344528014,2025-02-01
3530,PARAGUAY,34928596,2025-02-01
3550,URUGUAY,120262147,2025-02-01
3570,ARGENTINA,448673920,2025-02-01
3720,FALKLAND ISLANDS (ISLAS MALVINAS),4037,2025-02-01
3XXX,SOUTH AMERICA,9054198743,2025-02-01
4000,ICELAND,111239653,2025-02-01
4010,SWEDEN,1323599184,2025-02-01
4031,"SVALBARD, JAN MAYEN ISLAND",0,2025-02-01
4039,NORWAY,646419720,2025-02-01
4050,FINLAND,538836819,2025-02-01
4190,IRELAND,15273663382,2025-02-01
4091,FAROE ISLANDS,20646804,2025-02-01
4099,DENMARK,824997005,2025-02-01
4120,UNITED KINGDOM,5489178559,2025-02-01
4210,NETHERLANDS,2625652149,2025-02-01
4231,BELGIUM,1689954318,2025-02-01
4239,LUXEMBOURG,64335729,2025-02-01
4271,ANDORRA,313880,2025-02-01
4272,MONACO,2366557,2025-02-01
4279,FRANCE,4696234096,2025-02-01
4280,GERMANY,12679430240,2025-02-01
4330,AUSTRIA,1270613751,2025-02-01
4351,CZECH REPUBLIC,612668525,2025-02-01
4359,SLOVAKIA,515430036,2025-02-01
4370,HUNGARY,1126687109,2025-02-01
4411,LIECHTENSTEIN,18444788,2025-02-01
4419,SWITZERLAND,19948209389,2025-02-01
4470,ESTONIA,81383127,2025-02-01
4490,LATVIA,45678113,2025-02-01
4510,LITHUANIA,225463885,2025-02-01
4550,POLAND,1169896556,2025-02-01
4621,RUSSIA,339602303,2025-02-01
4622,BELARUS,1206723,2025-02-01
4623,UKRAINE,100729982,2025-02-01
4631,ARMENIA,7529842,2025-02-01
4632,AZERBAIJAN,8005995,2025-02-01
4633,GEORGIA,4271934,2025-02-01
4634,KAZAKHSTAN,844322267,2025-02-01
4643,TURKMENISTAN,150138,2025-02-01
4635,KYRGYZSTAN,2093494,2025-02-01
4641,MOLDOVA,8130556,2025-02-01
4642,TAJIKISTAN,52896,2025-02-01
4644,UZBEKISTAN,178882156,2025-02-01
4700,SPAIN,1655076120,2025-02-01
4710,PORTUGAL,501433997,2025-02-01
4720,GIBRALTAR,9821,2025-02-01
4730,MALTA,24137416,2025-02-01
4751,SAN MARINO,1541819,2025-02-01
4752,VATICAN CITY,1397,2025-02-01
4759,ITALY,6282128810,2025-02-01
4791,CROATIA,78587935,2025-02-01
4792,SLOVENIA,395228942,2025-02-01
4793,BOSNIA AND HERZEGOVINA,10574939,2025-02-01
4794,MACEDONIA,27123720,2025-02-01
4801,SERBIA,71925703,2025-02-01
4803,KOSOVO,1226925,2025-02-01
4804,MONTENEGRO,1325428,2025-02-01
4810,ALBANIA,8103921,2025-02-01
4840,GREECE,159160909,2025-02-01
4850,ROMANIA,276968454,2025-02-01
4870,BULGARIA,117425571,2025-02-01
4890,TURKEY,1379597185,2025-02-01
4910,CYPRUS,4564923,2025-02-01
4XXX,EUROPE,83492465595,2025-02-01
5020,SYRIA,913074,2025-02-01
5040,LEBANON,13390885,2025-02-01
5050,IRAQ,367649067,2025-02-01
5070,IRAN,510126,2025-02-01
5081,ISRAEL,1682457133,2025-02-01
5130,KUWAIT,301221414,2025-02-01
5082,GAZA STRIP ADMINISTERED BY ISRAEL,6207,2025-02-01
5083,WEST BANK ADMINISTERED BY ISRAEL,987254,2025-02-01
5110,JORDAN,295991747,2025-02-01
5170,SAUDI ARABIA,926570213,2025-02-01
5180,QATAR,160189980,2025-02-01
5200,UNITED ARAB EMIRATES,448842231,2025-02-01
5210,YEMEN,926976,2025-02-01
5230,OMAN,79027011,2025-02-01
5250,BAHRAIN,104408926,2025-02-01
5310,AFGHANISTAN,2885865,2025-02-01
5330,INDIA,8348762789,2025-02-01
5350,PAKISTAN,409484722,2025-02-01
5360,NEPAL,9462283,2025-02-01
5380,BANGLADESH,789028338,2025-02-01
5420,SRI LANKA,237281843,2025-02-01
5460,BURMA,45206351,2025-02-01
5490,THAILAND,4794075444,2025-02-01
5520,VIETNAM,11919306528,2025-02-01
5530,LAOS,107650557,2025-02-01
5550,CAMBODIA,922075905,2025-02-01
5570,MALAYSIA,4330596139,2025-02-01
5590,SINGAPORE,3878482091,2025-02-01
5600,INDONESIA,2331039957,2025-02-01
5601,TIMOR-LESTE,613371,2025-02-01
5610,BRUNEI,26376969,2025-02-01
5650,PHILIPPINES,1183325320,2025-02-01
5660,MACAU,6099306,2025-02-01
5682,BHUTAN,41844,2025-02-01
5800,"KOREA, SOUTH",9012519184,2025-02-01
5683,MALDIVES,366114,2025-02-01
5700,CHINA,31635372246,2025-02-01
5740,MONGOLIA,2843913,2025-02-01
5820,HONG KONG,194760371,2025-02-01
5830,TAIWAN,10588126201,2025-02-01
5880,JAPAN,11127670547,2025-02-01
5XXX,ASIA,106286546442,2025-02-01
6021,AUSTRALIA,3802814080,2025-02-01
6022,NORFOLK ISLAND,1038,2025-02-01
6023,COCOS (KEELING) ISLANDS,59057,2025-02-01
6024,CHRISTMAS ISLAND,35723,2025-02-01
6029,HEARD AND MCDONALD ISLANDS,0,2025-02-01
6040,PAPUA NEW GUINEA,7346360,2025-02-01
6141,NEW ZEALAND,422110442,2025-02-01
6142,COOK ISLANDS,30297,2025-02-01
6143,TOKELAU,11938,2025-02-01
6144,NIUE,255660,2025-02-01
6150,SAMOA,29131,2025-02-01
6223,SOLOMON ISLANDS,344560,2025-02-01
6224,VANUATU,1919244,2025-02-01
6225,PITCAIRN ISLANDS,263,2025-02-01
6226,KIRIBATI,316685,2025-02-01
6227,TUVALU,6139,2025-02-01
6412,NEW CALEDONIA,1694172,2025-02-01
6413,WALLIS AND FUTUNA,60500,2025-02-01
6414,FRENCH POLYNESIA,1928944,2025-02-01
6810,MARSHALL ISLANDS,1634940,2025-02-01
6820,MICRONESIA,187779,2025-02-01
6830,PALAU,25968,2025-02-01
6862,NAURU,127075,2025-02-01
6863,FIJI,13175517,2025-02-01
6864,TONGA,59441,2025-02-01
6XXX,AUSTRALIA AND OCEANIA,4254174953,2025-02-01
7250,LIBYA,205849,2025-02-01
7140,MOROCCO,167632849,2025-02-01
7210,ALGERIA,297678977,2025-02-01
7230,TUNISIA,90835596,2025-02-01
7290,EGYPT,243352780,2025-02-01
7321,SUDAN,72508,2025-02-01
7323,SOUTH SUDAN,495,2025-02-01
7380,EQUATORIAL GUINEA,20694893,2025-02-01
7410,MAURITANIA,108823,2025-02-01
7420,CAMEROON,8759398,2025-02-01
7440,SENEGAL,6039316,2025-02-01
7450,MALI,601940,2025-02-01
7460,GUINEA,408833,2025-02-01
7470,SIERRA LEONE,897186,2025-02-01
7480,COTE D'IVOIRE,129486895,2025-02-01
7490,GHANA,117698107,2025-02-01
7500,GAMBIA,14731,2025-02-01
7510,NIGER,298922,2025-02-01
7520,TOGO,5047085,2025-02-01
7530,NIGERIA,286318861,2025-02-01
7540,CENTRAL AFRICAN REPUBLIC,518248,2025-02-01
7550,GABON,11858231,2025-02-01
7560,CHAD,224323,2025-02-01
7580,ST HELENA,6498,2025-02-01
7600,BURKINA FASO,103767,2025-02-01
7610,BENIN,1561106,2025-02-01
7620,ANGOLA,63846638,2025-02-01
7630,CONGO,16446050,2025-02-01
7642,GUINEA-BISSAU,473,2025-02-01
7643,CABO VERDE,48610,2025-02-01
7644,SAO TOME AND PRINCIPE,66260,2025-02-01
7650,LIBERIA,6345127,2025-02-01
7660,DEMOCRATIC REPUBLIC OF THE CONGO,28194411,2025-02-01
7670,BURUNDI,830018,2025-02-01
7749,ETHIOPIA,64809647,2025-02-01
7690,RWANDA,2324684,2025-02-01
7700,SOMALIA,101693,2025-02-01
7741,ERITREA,20232,2025-02-01
7770,DJIBOUTI,2081720,2025-02-01
7780,UGANDA,11364473,2025-02-01
7790,KENYA,65383436,2025-02-01
7800,SEYCHELLES,244435,2025-02-01
7810,BRITISH INDIAN OCEAN TERRITORIES,0,2025-02-01
7830,TANZANIA,25527772,2025-02-01
7850,MAURITIUS,8715100,2025-02-01
7870,MOZAMBIQUE,3887001,2025-02-01
7880,MADAGASCAR,48544512,2025-02-01
7881,MAYOTTE,8975,2025-02-01
7890,COMOROS,4572,2025-02-01
7904,REUNION,735323,2025-02-01
7905,FRENCH SOUTHERN AND ANTARCTIC LANDS,10,2025-02-01
7910,SOUTH AFRICA,3336534415,2025-02-01
7920,NAMIBIA,20730576,2025-02-01
7930,BOTSWANA,10729732,2025-02-01
7940,ZAMBIA,1816334,2025-02-01
7950,ESWATINI,1283797,2025-02-01
7960,ZIMBABWE,6006711,2025-02-01
7970,MALAWI,5910167,2025-02-01
7990,LESOTHO,13341776,2025-02-01
7XXX,AFRICA,5136310897,2025-02-01
-,TOTAL FOR ALL COUNTRIES,342602915599,2025-03-01
0003,EUROPEAN UNION,83721883821,2025-03-01
0014,PACIFIC RIM COUNTRIES,85105444665,2025-03-01
0017,CAFTA-DR,3784826395,2025-03-01
0020,USMCA (NAFTA),83649449369,2025-03-01
0021,TWENTY LATIN AMERICAN REPUBLICS,61941206599,2025-03-01
0022,OECD,231324705178,2025-03-01
0023,NATO,96108016171,2025-03-01
0024,LAFTA,58060256629,2025-03-01
0025,EURO AREA,76696731228,2025-03-01
0026,APEC,193659066778,2025-03-01
0027,ASEAN,36279454697,2025-03-01
0028,CACM,3076611615,2025-03-01
1010,GREENLAND,1784516,2025-03-01
1220,CANADA,35667617565,2025-03-01
1610,ST PIERRE AND MIQUELON,0,2025-03-01
1XXX,NORTH AMERICA,83651233885,2025-03-01
2010,MEXICO,47981831804,2025-03-01
2050,GUATEMALA,531966984,2025-03-01
2080,BELIZE,2038366,2025-03-01
2110,EL SALVADOR,203762736,2025-03-01
2150,HONDURAS,604633130,2025-03-01
2190,NICARAGUA,444103640,2025-03-01
2230,COSTA RICA,1292145125,2025-03-01
2250,PANAMA,44047714,2025-03-01
2320,BERMUDA,1055282,2025-03-01
2360,BAHAMAS,261266838,2025-03-01
2390,CUBA,0,2025-03-01
2410,JAMAICA,24164898,2025-03-01
2430,TURKS AND CAICOS ISLANDS,641872,2025-03-01
2440,CAYMAN ISLANDS,3075889,2025-03-01
2450,HAITI,52075861,2025-03-01
2470,DOMINICAN REPUBLIC,708214780,2025-03-01
2481,ANGUILLA,45310,2025-03-01
2482,BRITISH VIRGIN ISLANDS,680242,2025-03-01
2483,ST KITTS AND NEVIS,2104337,2025-03-01
2484,ANTIGUA AND BARBUDA,2330294,2025-03-01
2485,MONTSERRAT,57500,2025-03-01
2486,DOMINICA,266364,2025-03-01
2720,BARBADOS,5028946,2025-03-01
2487,ST LUCIA,981993,2025-03-01
2488,ST VINCENT AND THE GRENADINES,279548,2025-03-01
2489,GRENADA,1251337,2025-03-01
2740,TRINIDAD AND TOBAGO,285843968,2025-03-01
2774,SINT MAARTEN,13503549,2025-03-01
2777,CURACAO,1527942,2025-03-01
2779,ARUBA,740887,2025-03-01
2831,GUADELOUPE,168736,2025-03-01
2839,MARTINIQUE,83657,2025-03-01
2XXX,CENTRAL AMERICA,4488087725,2025-03-01
3010,COLOMBIA,1509022401,2025-03-01
3070,VENEZUELA,526876535,2025-03-01
3120,GUYANA,352476963,2025-03-01
3150,SURINAME,7237057,2025-03-01
3170,FRENCH GUIANA,0,2025-03-01
3310,ECUADOR,911629971,2025-03-01
3330,PERU,713120402,2025-03-01
3350,BOLIVIA,42609606,2025-03-01
3370,CHILE,1832047495,2025-03-01
3510,BRAZIL,3898077228,2025-03-01
3530,PARAGUAY,33322166,2025-03-01
3550,URUGUAY,139553421,2025-03-01
3570,ARGENTINA,472165600,2025-03-01
3720,FALKLAND ISLANDS (ISLAS MALVINAS),0,2025-03-01
3XXX,SOUTH AMERICA,10438138845,2025-03-01
4000,ICELAND,89480646,2025-03-01
4010,SWEDEN,1927082783,2025-03-01
4031,"SVALBARD, JAN MAYEN ISLAND",0,2025-03-01
4039,NORWAY,649489071,2025-03-01
4120,UNITED KINGDOM,7039225673,2025-03-01
4050,FINLAND,750669076,2025-03-01
4091,FAROE ISLANDS,21681859,2025-03-01
4099,DENMARK,1205177058,2025-03-01
4190,IRELAND,30726421709,2025-03-01
4210,NETHERLANDS,4042003719,2025-03-01
4231,BELGIUM,3394301172,2025-03-01
4239,LUXEMBOURG,123135570,2025-03-01
4271,ANDORRA,2604268,2025-03-01
4272,MONACO,3245461,2025-03-01
4279,FRANCE,7797940517,2025-03-01
4280,GERMANY,15654355113,2025-03-01
4330,AUSTRIA,1612844170,2025-03-01
4351,CZECH REPUBLIC,762281241,2025-03-01
4359,SLOVAKIA,764986759,2025-03-01
4370,HUNGARY,1222815494,2025-03-01
4411,LIECHTENSTEIN,18652234,2025-03-01
4419,SWITZERLAND,18565358242,2025-03-01
4470,ESTONIA,96354802,2025-03-01
4490,LATVIA,48828330,2025-03-01
4510,LITHUANIA,182927636,2025-03-01
4550,POLAND,1477209594,2025-03-01
4621,RUSSIA,523450659,2025-03-01
4622,BELARUS,1680231,2025-03-01
4623,UKRAINE,110032669,2025-03-01
4631,ARMENIA,5574993,2025-03-01
4632,AZERBAIJAN,10573537,2025-03-01
4633,GEORGIA,7412414,2025-03-01
4642,TAJIKISTAN,1859,2025-03-01
4634,KAZAKHSTAN,1144779038,2025-03-01
4635,KYRGYZSTAN,8556178,2025-03-01
4641,MOLDOVA,9411410,2025-03-01
4643,TURKMENISTAN,12935577,2025-03-01
4644,UZBEKISTAN,113777378,2025-03-01
4700,SPAIN,2476957208,2025-03-01
4710,PORTUGAL,871609604,2025-03-01
4720,GIBRALTAR,89247,2025-03-01
4730,MALTA,25391133,2025-03-01
4751,SAN MARINO,2212290,2025-03-01
4752,VATICAN CITY,1753,2025-03-01
4759,ITALY,7229298640,2025-03-01
4791,CROATIA,118936243,2025-03-01
4792,SLOVENIA,549216431,2025-03-01
4793,BOSNIA AND HERZEGOVINA,11121878,2025-03-01
4794,MACEDONIA,24912335,2025-03-01
4801,SERBIA,82288427,2025-03-01
4803,KOSOVO,1417035,2025-03-01
4804,MONTENEGRO,677837,2025-03-01
4810,ALBANIA,6399049,2025-03-01
4840,GREECE,212646049,2025-03-01
4850,ROMANIA,291476964,2025-03-01
4870,BULGARIA,139109459,2025-03-01
4890,TURKEY,1290894533,2025-03-01
4910,CYPRUS,17907347,2025-03-01
4XXX,EUROPE,113479821602,2025-03-01
5020,SYRIA,772034,2025-03-01
5040,LEBANON,32248511,2025-03-01
5050,IRAQ,554955839,2025-03-01
5070,IRAN,51817,2025-03-01
5110,JORDAN,275414891,2025-03-01
5081,ISRAEL,2292008509,2025-03-01
5082,GAZA STRIP ADMINISTERED BY ISRAEL,0,2025-03-01
5083,WEST BANK ADMINISTERED BY ISRAEL,206132,2025-03-01
5130,KUWAIT,241745771,2025-03-01
5170,SAUDI ARABIA,749026531,2025-03-01
5180,QATAR,384424077,2025-03-01
5200,UNITED ARAB EMIRATES,885780997,2025-03-01
5210,YEMEN,1031191,2025-03-01
5230,OMAN,121701548,2025-03-01
5250,BAHRAIN,120298548,2025-03-01
5310,AFGHANISTAN,4820235,2025-03-01
5330,INDIA,11190013413,2025-03-01
5350,PAKISTAN,443040236,2025-03-01
5360,NEPAL,9995608,2025-03-01
5380,BANGLADESH,829373680,2025-03-01
5420,SRI LANKA,291790375,2025-03-01
5460,BURMA,74757359,2025-03-01
5490,THAILAND,7066619319,2025-03-01
5520,VIETNAM,14774718430,2025-03-01
5530,LAOS,206344232,2025-03-01
5550,CAMBODIA,1076657820,2025-03-01
5570,MALAYSIA,5638071301,2025-03-01
5590,SINGAPORE,2951430426,2025-03-01
5600,INDONESIA,2970520159,2025-03-01
5601,TIMOR-LESTE,5022,2025-03-01
5610,BRUNEI,836012,2025-03-01
5650,PHILIPPINES,1519499639,2025-03-01
5660,MACAU,5783561,2025-03-01
5740,MONGOLIA,1336129,2025-03-01
5682,BHUTAN,108785,2025-03-01
5683,MALDIVES,907368,2025-03-01
5700,CHINA,29383677776,2025-03-01
5800,"KOREA, SOUTH",12135686278,2025-03-01
5820,HONG KONG,243167793,2025-03-01
5830,TAIWAN,12403091990,2025-03-01
5880,JAPAN,13458929708,2025-03-01
5XXX,ASIA,122340849050,2025-03-01
6021,AUSTRALIA,3888667229,2025-03-01
6022,NORFOLK ISLAND,0,2025-03-01
6023,COCOS (KEELING) ISLANDS,0,2025-03-01
6024,CHRISTMAS ISLAND,0,2025-03-01
6029,HEARD AND MCDONALD ISLANDS,0,2025-03-01
6040,PAPUA NEW GUINEA,2844569,2025-03-01
6141,NEW ZEALAND,503238224,2025-03-01
6142,COOK ISLANDS,26825,2025-03-01
6143,TOKELAU,0,2025-03-01
6144,NIUE,9072,2025-03-01
6150,SAMOA,569731,2025-03-01
6223,SOLOMON ISLANDS,47285,2025-03-01
6224,VANUATU,336273,2025-03-01
6225,PITCAIRN ISLANDS,0,2025-03-01
6226,KIRIBATI,147849,2025-03-01
6227,TUVALU,0,2025-03-01
6412,NEW CALEDONIA,3495044,2025-03-01
6413,WALLIS AND FUTUNA,0,2025-03-01
6414,FRENCH POLYNESIA,2221227,2025-03-01
6810,MARSHALL ISLANDS,1858802,2025-03-01
6820,MICRONESIA,290462,2025-03-01
6830,PALAU,36190,2025-03-01
6862,NAURU,4070,2025-03-01
6863,FIJI,22506017,2025-03-01
6864,TONGA,313550,2025-03-01
6XXX,AUSTRALIA AND OCEANIA,4426612419,2025-03-01
7250,LIBYA,25898103,2025-03-01
7140,MOROCCO,166444692,2025-03-01
7210,ALGERIA,184911524,2025-03-01
7230,TUNISIA,87551748,2025-03-01
7290,EGYPT,209400239,2025-03-01
7321,SUDAN,1574,2025-03-01
7323,SOUTH SUDAN,0,2025-03-01
7380,EQUATORIAL GUINEA,2252152,2025-03-01
7410,MAURITANIA,10576,2025-03-01
7420,CAMEROON,25263458,2025-03-01
7440,SENEGAL,18967065,2025-03-01
7450,MALI,103225,2025-03-01
7460,GUINEA,125963,2025-03-01
7470,SIERRA LEONE,740201,2025-03-01
7480,COTE D'IVOIRE,337819010,2025-03-01
7490,GHANA,174769555,2025-03-01
7500,GAMBIA,71608,2025-03-01
7510,NIGER,193750,2025-03-01
7520,TOGO,6520394,2025-03-01
7530,NIGERIA,474730165,2025-03-01
7540,CENTRAL AFRICAN REPUBLIC,121438,2025-03-01
7550,GABON,4322545,2025-03-01
7560,CHAD,98344,2025-03-01
7580,ST HELENA,2007,2025-03-01
7600,BURKINA FASO,297463,2025-03-01
7610,BENIN,2708265,2025-03-01
7620,ANGOLA,28086170,2025-03-01
7630,CONGO,15108160,2025-03-01
7642,GUINEA-BISSAU,1315,2025-03-01
7643,CABO VERDE,340372,2025-03-01
7644,SAO TOME AND PRINCIPE,8048,2025-03-01
7650,LIBERIA,10219083,2025-03-01
7660,DEMOCRATIC REPUBLIC OF THE CONGO,83404665,2025-03-01
7670,BURUNDI,1361258,2025-03-01
7749,ETHIOPIA,69252938,2025-03-01
7690,RWANDA,1899616,2025-03-01
7700,SOMALIA,2136,2025-03-01
7741,ERITREA,9479,2025-03-01
7770,DJIBOUTI,3199863,2025-03-01
7780,UGANDA,11901215,2025-03-01
7790,KENYA,63979582,2025-03-01
7800,SEYCHELLES,1294071,2025-03-01
7810,BRITISH INDIAN OCEAN TERRITORIES,0,2025-03-01
7830,TANZANIA,17654784,2025-03-01
7850,MAURITIUS,13379043,2025-03-01
7870,MOZAMBIQUE,12609670,2025-03-01
7880,MADAGASCAR,62044156,2025-03-01
7881,MAYOTTE,4762,2025-03-01
7890,COMOROS,175281,2025-03-01
7904,REUNION,8125292,2025-03-01
7905,FRENCH SOUTHERN AND ANTARCTIC LANDS,0,2025-03-01
7910,SOUTH AFRICA,1411452797,2025-03-01
7920,NAMIBIA,92673524,2025-03-01
7930,BOTSWANA,69736951,2025-03-01
7940,ZAMBIA,36240933,2025-03-01
7950,ESWATINI,323341,2025-03-01
7960,ZIMBABWE,9272061,2025-03-01
7970,MALAWI,2893720,2025-03-01
7990,LESOTHO,28192723,2025-03-01
7XXX,AFRICA,3778172073,2025-03-01
-,TOTAL FOR ALL COUNTRIES,276085786110,2025-04-01
0003,EUROPEAN UNION,54428957463,2025-04-01
0014,PACIFIC RIM COUNTRIES,78577480980,2025-04-01
0017,CAFTA-DR,3501836090,2025-04-01
0020,USMCA (NAFTA),71306357512,2025-04-01
0021,TWENTY LATIN AMERICAN REPUBLICS,55539685754,2025-04-01
0022,OECD,171307016355,2025-04-01
0023,NATO,78710487250,2025-04-01
0024,LAFTA,51930084353,2025-04-01
0025,EURO AREA,48550607034,2025-04-01
0026,APEC,175281579359,2025-04-01
0027,ASEAN,35850718797,2025-04-01
0028,CACM,2845391650,2025-04-01
1010,GREENLAND,1450285,2025-04-01
1220,CANADA,29437590305,2025-04-01
1610,ST PIERRE AND MIQUELON,0,2025-04-01
1XXX,NORTH AMERICA,71307807797,2025-04-01
2010,MEXICO,41868767207,2025-04-01
2050,GUATEMALA,534798855,2025-04-01
2080,BELIZE,1584393,2025-04-01
2110,EL SALVADOR,190662963,2025-04-01
2150,HONDURAS,505931735,2025-04-01
2190,NICARAGUA,447345017,2025-04-01
2230,COSTA RICA,1166653080,2025-04-01
2250,PANAMA,54603806,2025-04-01
2320,BERMUDA,1563844,2025-04-01
2360,BAHAMAS,221265847,2025-04-01
2390,CUBA,4252753,2025-04-01
2410,JAMAICA,31161074,2025-04-01
2430,TURKS AND CAICOS ISLANDS,964596,2025-04-01
2440,CAYMAN ISLANDS,2828667,2025-04-01
2450,HAITI,48908752,2025-04-01
2470,DOMINICAN REPUBLIC,656444440,2025-04-01
2481,ANGUILLA,120266,2025-04-01
2482,BRITISH VIRGIN ISLANDS,485952,2025-04-01
2483,ST KITTS AND NEVIS,1717122,2025-04-01
2484,ANTIGUA AND BARBUDA,3530829,2025-04-01
2485,MONTSERRAT,2544,2025-04-01
2489,GRENADA,1610611,2025-04-01
2486,DOMINICA,182810,2025-04-01
2487,ST LUCIA,1343778,2025-04-01
2488,ST VINCENT AND THE GRENADINES,274919,2025-04-01
2720,BARBADOS,3698456,2025-04-01
2740,TRINIDAD AND TOBAGO,246734586,2025-04-01
2774,SINT MAARTEN,11460807,2025-04-01
2777,CURACAO,3157715,2025-04-01
2779,ARUBA,556933,2025-04-01
2831,GUADELOUPE,93731,2025-04-01
2839,MARTINIQUE,398980,2025-04-01
2XXX,CENTRAL AMERICA,4144339861,2025-04-01
3010,COLOMBIA,1822523219,2025-04-01
3070,VENEZUELA,393136954,2025-04-01
3120,GUYANA,683065727,2025-04-01
3150,SURINAME,5629946,2025-04-01
3170,FRENCH GUIANA,4988,2025-04-01
3310,ECUADOR,853366025,2025-04-01
3330,PERU,647108531,2025-04-01
3350,BOLIVIA,29840039,2025-04-01
3370,CHILE,2460265209,2025-04-01
3510,BRAZIL,3184151304,2025-04-01
3530,PARAGUAY,34111952,2025-04-01
3550,URUGUAY,104913421,2025-04-01
3570,ARGENTINA,531900492,2025-04-01
3720,FALKLAND ISLANDS (ISLAS MALVINAS),0,2025-04-01
3XXX,SOUTH AMERICA,10750017807,2025-04-01
4000,ICELAND,75491862,2025-04-01
4010,SWEDEN,1315092133,2025-04-01
4031,"SVALBARD, JAN MAYEN ISLAND",0,2025-04-01
4099,DENMARK,1089392737,2025-04-01
4039,NORWAY,737557211,2025-04-01
4050,FINLAND,653554334,2025-04-01
4091,FAROE ISLANDS,26547862,2025-04-01
4120,UNITED KINGDOM,4875463638,2025-04-01
4190,IRELAND,10865304454,2025-04-01
4210,NETHERLANDS,3321998094,2025-04-01
4231,BELGIUM,2216044240,2025-04-01
4239,LUXEMBOURG,81750766,2025-04-01
4271,ANDORRA,476734,2025-04-01
4272,MONACO,5558094,2025-04-01
4279,FRANCE,6547354744,2025-04-01
4280,GERMANY,13169150261,2025-04-01
4330,AUSTRIA,1238170572,2025-04-01
4351,CZECH REPUBLIC,801053589,2025-04-01
4359,SLOVAKIA,465950461,2025-04-01
4370,HUNGARY,960661991,2025-04-01
4411,LIECHTENSTEIN,20632349,2025-04-01
4419,SWITZERLAND,6171951252,2025-04-01
4470,ESTONIA,85912600,2025-04-01
4490,LATVIA,68225683,2025-04-01
4510,LITHUANIA,146568890,2025-04-01
4550,POLAND,1246133134,2025-04-01
4621,RUSSIA,492119376,2025-04-01
4622,BELARUS,1733413,2025-04-01
4623,UKRAINE,155382596,2025-04-01
4631,ARMENIA,4086924,2025-04-01
4632,AZERBAIJAN,16108001,2025-04-01
4641,MOLDOVA,9383862,2025-04-01
4633,GEORGIA,4338470,2025-04-01
4634,KAZAKHSTAN,130115500,2025-04-01
4635,KYRGYZSTAN,1628062,2025-04-01
4642,TAJIKISTAN,160736,2025-04-01
4643,TURKMENISTAN,7605719,2025-04-01
4644,UZBEKISTAN,14897856,2025-04-01
4700,SPAIN,2120193028,2025-04-01
4710,PORTUGAL,549330898,2025-04-01
4720,GIBRALTAR,457538,2025-04-01
4730,MALTA,52297844,2025-04-01
4751,SAN MARINO,1935954,2025-04-01
4752,VATICAN CITY,571,2025-04-01
4759,ITALY,6484393572,2025-04-01
4791,CROATIA,58885298,2025-04-01
4792,SLOVENIA,233221186,2025-04-01
4793,BOSNIA AND HERZEGOVINA,13589421,2025-04-01
4794,MACEDONIA,17142635,2025-04-01
4801,SERBIA,91989474,2025-04-01
4803,KOSOVO,801475,2025-04-01
4804,MONTENEGRO,383245,2025-04-01
4810,ALBANIA,7475883,2025-04-01
4840,GREECE,185331206,2025-04-01
4850,ROMANIA,347357908,2025-04-01
4870,BULGARIA,118658937,2025-04-01
4890,TURKEY,1293166781,2025-04-01
4910,CYPRUS,6968903,2025-04-01
4XXX,EUROPE,68607139957,2025-04-01
5020,SYRIA,752503,2025-04-01
5040,LEBANON,17049507,2025-04-01
5082,GAZA STRIP ADMINISTERED BY ISRAEL,0,2025-04-01
5050,IRAQ,535744454,2025-04-01
5070,IRAN,3400,2025-04-01
5081,ISRAEL,1897500363,2025-04-01
5083,WEST BANK ADMINISTERED BY ISRAEL,89888,2025-04-01
5110,JORDAN,218231655,2025-04-01
5130,KUWAIT,32576970,2025-04-01
5170,SAUDI ARABIA,701772073,2025-04-01
5180,QATAR,359787237,2025-04-01
5200,UNITED ARAB EMIRATES,664808681,2025-04-01
5210,YEMEN,637775,2025-04-01
5230,OMAN,85636200,2025-04-01
5250,BAHRAIN,104560913,2025-04-01
5310,AFGHANISTAN,2107323,2025-04-01
5330,INDIA,10029196743,2025-04-01
5350,PAKISTAN,477160346,2025-04-01
5360,NEPAL,8184715,2025-04-01
5380,BANGLADESH,886013236,2025-04-01
5420,SRI LANKA,301881530,2025-04-01
5460,BURMA,57734289,2025-04-01
5490,THAILAND,6954391770,2025-04-01
5520,VIETNAM,14849592761,2025-04-01
5530,LAOS,245647159,2025-04-01
5550,CAMBODIA,1067924759,2025-04-01
5570,MALAYSIA,4730564488,2025-04-01
5590,SINGAPORE,3583332879,2025-04-01
5600,INDONESIA,3142797657,2025-04-01
5601,TIMOR-LESTE,0,2025-04-01
5610,BRUNEI,2091298,2025-04-01
5683,MALDIVES,170281,2025-04-01
5650,PHILIPPINES,1216641737,2025-04-01
5660,MACAU,5736780,2025-04-01
5682,BHUTAN,561094,2025-04-01
5700,CHINA,25378077558,2025-04-01
5740,MONGOLIA,4112578,2025-04-01
5790,"KOREA, NORTH",138902,2025-04-01
5800,"KOREA, SOUTH",9849023782,2025-04-01
5820,HONG KONG,243665556,2025-04-01
5830,TAIWAN,14613447784,2025-04-01
5880,JAPAN,13546499442,2025-04-01
5XXX,ASIA,115815848066,2025-04-01
6021,AUSTRALIA,1713078334,2025-04-01
6022,NORFOLK ISLAND,0,2025-04-01
6023,COCOS (KEELING) ISLANDS,0,2025-04-01
6024,CHRISTMAS ISLAND,0,2025-04-01
6029,HEARD AND MCDONALD ISLANDS,0,2025-04-01
6040,PAPUA NEW GUINEA,5827588,2025-04-01
6141,NEW ZEALAND,546696097,2025-04-01
6142,COOK ISLANDS,99250,2025-04-01
6143,TOKELAU,0,2025-04-01
6144,NIUE,55565,2025-04-01
6150,SAMOA,167779,2025-04-01
6223,SOLOMON ISLANDS,46846,2025-04-01
6224,VANUATU,766955,2025-04-01
6225,PITCAIRN ISLANDS,0,2025-04-01
6226,KIRIBATI,160018,2025-04-01
6227,TUVALU,0,2025-04-01
6412,NEW CALEDONIA,1491879,2025-04-01
6413,WALLIS AND FUTUNA,3450,2025-04-01
6414,FRENCH POLYNESIA,1831918,2025-04-01
6810,MARSHALL ISLANDS,1547999,2025-04-01
6820,MICRONESIA,13701,2025-04-01
6830,PALAU,37865,2025-04-01
6862,NAURU,0,2025-04-01
7140,MOROCCO,153858645,2025-04-01
6863,FIJI,21727448,2025-04-01
6864,TONGA,291941,2025-04-01
6XXX,AUSTRALIA AND OCEANIA,2293844633,2025-04-01
7210,ALGERIA,147806843,2025-04-01
7230,TUNISIA,103785869,2025-04-01
7250,LIBYA,97697312,2025-04-01
7290,EGYPT,234206204,2025-04-01
7321,SUDAN,434740,2025-04-01
7323,SOUTH SUDAN,0,2025-04-01
7380,EQUATORIAL GUINEA,12269766,2025-04-01
7410,MAURITANIA,42398,2025-04-01
7420,CAMEROON,24047230,2025-04-01
7440,SENEGAL,10008597,2025-04-01
7450,MALI,96202,2025-04-01
7460,GUINEA,139338,2025-04-01
7470,SIERRA LEONE,1165577,2025-04-01
7480,COTE D'IVOIRE,206909075,2025-04-01
7490,GHANA,180143150,2025-04-01
7500,GAMBIA,97330,2025-04-01
7510,NIGER,195232,2025-04-01
7520,TOGO,6575293,2025-04-01
7530,NIGERIA,604200724,2025-04-01
7540,CENTRAL AFRICAN REPUBLIC,0,2025-04-01
7550,GABON,17469349,2025-04-01
7560,CHAD,645005,2025-04-01
7580,ST HELENA,2046365,2025-04-01
7600,BURKINA FASO,10886,2025-04-01
7610,BENIN,4554799,2025-04-01
7620,ANGOLA,25486355,2025-04-01
7630,CONGO,29822850,2025-04-01
7642,GUINEA-BISSAU,0,2025-04-01
7643,CABO VERDE,369392,2025-04-01
7670,BURUNDI,626561,2025-04-01
7644,SAO TOME AND PRINCIPE,9259,2025-04-01
7650,LIBERIA,2446728,2025-04-01
7660,DEMOCRATIC REPUBLIC OF THE CONGO,104889966,2025-04-01
7690,RWANDA,1775610,2025-04-01
7700,SOMALIA,1166,2025-04-01
7741,ERITREA,10290,2025-04-01
7749,ETHIOPIA,51646749,2025-04-01
7770,DJIBOUTI,3959791,2025-04-01
7780,UGANDA,23947415,2025-04-01
7790,KENYA,80260524,2025-04-01
7800,SEYCHELLES,263647,2025-04-01
7810,BRITISH INDIAN OCEAN TERRITORIES,0,2025-04-01
7830,TANZANIA,28947695,2025-04-01
7850,MAURITIUS,10437002,2025-04-01
7870,MOZAMBIQUE,2353225,2025-04-01
7880,MADAGASCAR,58759967,2025-04-01
7881,MAYOTTE,0,2025-04-01
7890,COMOROS,2435,2025-04-01
7904,REUNION,197673,2025-04-01
7905,FRENCH SOUTHERN AND ANTARCTIC LANDS,328,2025-04-01
7910,SOUTH AFRICA,841566153,2025-04-01
7920,NAMIBIA,6814322,2025-04-01
7930,BOTSWANA,16044531,2025-04-01
7940,ZAMBIA,36559894,2025-04-01
7950,ESWATINI,1149873,2025-04-01
7960,ZIMBABWE,7408946,2025-04-01
7970,MALAWI,6831626,2025-04-01
7990,LESOTHO,15792087,2025-04-01
7XXX,AFRICA,3166787989,2025-04-01
-,TOTAL FOR ALL COUNTRIES,276516689651,2025-05-01
0003,EUROPEAN UNION,56581964911,2025-05-01
0014,PACIFIC RIM COUNTRIES,74942807027,2025-05-01
0017,CAFTA-DR,3453579387,2025-05-01
0020,USMCA (NAFTA),76510000033,2025-05-01
0021,TWENTY LATIN AMERICAN REPUBLICS,60258690024,2025-05-01
0022,OECD,173945255459,2025-05-01
0023,NATO,78782102580,2025-05-01
0024,LAFTA,56693412379,2025-05-01
0025,EURO AREA,50491544342,2025-05-01
0026,APEC,177378808193,2025-05-01
0027,ASEAN,36509419601,2025-05-01
0028,CACM,2791081702,2025-05-01
1010,GREENLAND,707936,2025-05-01
1220,CANADA,30167969870,2025-05-01
1610,ST PIERRE AND MIQUELON,0,2025-05-01
1XXX,NORTH AMERICA,76510707969,2025-05-01
2010,MEXICO,46342030163,2025-05-01
2050,GUATEMALA,490271381,2025-05-01
2080,BELIZE,9955723,2025-05-01
2110,EL SALVADOR,195799296,2025-05-01
2150,HONDURAS,524278782,2025-05-01
2190,NICARAGUA,414435907,2025-05-01
2230,COSTA RICA,1166296336,2025-05-01
2250,PANAMA,62745431,2025-05-01
2320,BERMUDA,1598091,2025-05-01
2360,BAHAMAS,241853792,2025-05-01
2390,CUBA,100000,2025-05-01
2410,JAMAICA,23785302,2025-05-01
2430,TURKS AND CAICOS ISLANDS,894619,2025-05-01
2440,CAYMAN ISLANDS,6816851,2025-05-01
2450,HAITI,48852827,2025-05-01
2470,DOMINICAN REPUBLIC,662497685,2025-05-01
2481,ANGUILLA,89828,2025-05-01
2482,BRITISH VIRGIN ISLANDS,1097346,2025-05-01
2483,ST KITTS AND NEVIS,2813834,2025-05-01
2484,ANTIGUA AND BARBUDA,1624347,2025-05-01
2485,MONTSERRAT,50308,2025-05-01
2489,GRENADA,1587087,2025-05-01
2486,DOMINICA,175497,2025-05-01
2487,ST LUCIA,549761,2025-05-01
2488,ST VINCENT AND THE GRENADINES,468861,2025-05-01
2720,BARBADOS,4898584,2025-05-01
2740,TRINIDAD AND TOBAGO,232856320,2025-05-01
2774,SINT MAARTEN,9931970,2025-05-01
2777,CURACAO,13407281,2025-05-01
2779,ARUBA,780312,2025-05-01
2831,GUADELOUPE,427310,2025-05-01
2839,MARTINIQUE,1874,2025-05-01
2XXX,CENTRAL AMERICA,4120942543,2025-05-01
3010,COLOMBIA,1518304708,2025-05-01
3070,VENEZUELA,298881904,2025-05-01
3120,GUYANA,458607983,2025-05-01
3150,SURINAME,6847704,2025-05-01
3170,FRENCH GUIANA,188843,2025-05-01
3310,ECUADOR,777032917,2025-05-01
3330,PERU,779916742,2025-05-01
3350,BOLIVIA,56346462,2025-05-01
3370,CHILE,1859823508,2025-05-01
3510,BRAZIL,4224143105,2025-05-01
3530,PARAGUAY,54060330,2025-05-01
3550,URUGUAY,180495859,2025-05-01
3570,ARGENTINA,602376681,2025-05-01
3720,FALKLAND ISLANDS (ISLAS MALVINAS),7352865,2025-05-01
3XXX,SOUTH AMERICA,10824379611,2025-05-01
4000,ICELAND,74762858,2025-05-01
4010,SWEDEN,1313315306,2025-05-01
4031,"SVALBARD, JAN MAYEN ISLAND",0,2025-05-01
4099,DENMARK,1247813446,2025-05-01
4039,NORWAY,593077907,2025-05-01
4050,FINLAND,727182548,2025-05-01
4091,FAROE ISLANDS,19839768,2025-05-01
4120,UNITED KINGDOM,4779266178,2025-05-01
4190,IRELAND,13407229806,2025-05-01
4210,NETHERLANDS,3768419686,2025-05-01
4231,BELGIUM,2489927598,2025-05-01
4239,LUXEMBOURG,133420654,2025-05-01
4271,ANDORRA,516543,2025-05-01
4272,MONACO,1435525,2025-05-01
4279,FRANCE,5156552188,2025-05-01
4280,GERMANY,13299877036,2025-05-01
4330,AUSTRIA,1365416435,2025-05-01
4351,CZECH REPUBLIC,728878039,2025-05-01
4359,SLOVAKIA,799418901,2025-05-01
4370,HUNGARY,1234171056,2025-05-01
4411,LIECHTENSTEIN,20218439,2025-05-01
4419,SWITZERLAND,3307050054,2025-05-01
4470,ESTONIA,75217148,2025-05-01
4490,LATVIA,57404652,2025-05-01
4510,LITHUANIA,223237312,2025-05-01
4550,POLAND,1137592043,2025-05-01
4621,RUSSIA,539646033,2025-05-01
4622,BELARUS,614635,2025-05-01
4623,UKRAINE,150376176,2025-05-01
4631,ARMENIA,2916941,2025-05-01
4632,AZERBAIJAN,9841502,2025-05-01
4641,MOLDOVA,9593695,2025-05-01
4633,GEORGIA,4759093,2025-05-01
4634,KAZAKHSTAN,186630394,2025-05-01
4635,KYRGYZSTAN,1800105,2025-05-01
4642,TAJIKISTAN,128304,2025-05-01
4643,TURKMENISTAN,2711459,2025-05-01
4644,UZBEKISTAN,5954042,2025-05-01
4700,SPAIN,1554575475,2025-05-01
4710,PORTUGAL,557220106,2025-05-01
4720,GIBRALTAR,30395,2025-05-01
4730,MALTA,31292400,2025-05-01
4751,SAN MARINO,1428935,2025-05-01
4752,VATICAN CITY,0,2025-05-01
4759,ITALY,6382771686,2025-05-01
4791,CROATIA,86648204,2025-05-01
4792,SLOVENIA,199888603,2025-05-01
4793,BOSNIA AND HERZEGOVINA,12284750,2025-05-01
4794,MACEDONIA,27258818,2025-05-01
4801,SERBIA,79805339,2025-05-01
4803,KOSOVO,1185745,2025-05-01
4804,MONTENEGRO,219249,2025-05-01
4810,ALBANIA,6179418,2025-05-01
4840,GREECE,172405541,2025-05-01
4850,ROMANIA,319260959,2025-05-01
4870,BULGARIA,109389720,2025-05-01
4890,TURKEY,1358780375,2025-05-01
4910,CYPRUS,3438363,2025-05-01
4XXX,EUROPE,67780277586,2025-05-01
5020,SYRIA,340387,2025-05-01
5040,LEBANON,10434510,2025-05-01
5082,GAZA STRIP ADMINISTERED BY ISRAEL,0,2025-05-01
5050,IRAQ,552637362,2025-05-01
5070,IRAN,259979,2025-05-01
5081,ISRAEL,1344012536,2025-05-01
5083,WEST BANK ADMINISTERED BY ISRAEL,306656,2025-05-01
5110,JORDAN,210484904,2025-05-01
5130,KUWAIT,96001218,2025-05-01
5170,SAUDI ARABIA,879363104,2025-05-01
5180,QATAR,162179778,2025-05-01
5200,UNITED ARAB EMIRATES,640685774,2025-05-01
5210,YEMEN,898417,2025-05-01
5230,OMAN,116110334,2025-05-01
5250,BAHRAIN,101179813,2025-05-01
5310,AFGHANISTAN,6505806,2025-05-01
5330,INDIA,9433880053,2025-05-01
5350,PAKISTAN,477358148,2025-05-01
5360,NEPAL,10924183,2025-05-01
5380,BANGLADESH,633474007,2025-05-01
5420,SRI LANKA,204855097,2025-05-01
5460,BURMA,57867006,2025-05-01
5490,THAILAND,6766074075,2025-05-01
5520,VIETNAM,15991388747,2025-05-01
5530,LAOS,293226260,2025-05-01
5550,CAMBODIA,994221515,2025-05-01
5570,MALAYSIA,5033347231,2025-05-01
5590,SINGAPORE,3138704914,2025-05-01
5600,INDONESIA,2843969152,2025-05-01
5601,TIMOR-LESTE,0,2025-05-01
5610,BRUNEI,4381054,2025-05-01
5683,MALDIVES,242019,2025-05-01
5650,PHILIPPINES,1386239647,2025-05-01
5660,MACAU,10847972,2025-05-01
5682,BHUTAN,283088,2025-05-01
5700,CHINA,20493855247,2025-05-01
5740,MONGOLIA,3104357,2025-05-01
5790,"KOREA, NORTH",0,2025-05-01
5800,"KOREA, SOUTH",11463267843,2025-05-01
5820,HONG KONG,236565622,2025-05-01
5830,TAIWAN,16386489287,2025-05-01
5880,JAPAN,12010487842,2025-05-01
5XXX,ASIA,111996454944,2025-05-01
6021,AUSTRALIA,1400050003,2025-05-01
6022,NORFOLK ISLAND,0,2025-05-01
6023,COCOS (KEELING) ISLANDS,0,2025-05-01
6024,CHRISTMAS ISLAND,2643,2025-05-01
6029,HEARD AND MCDONALD ISLANDS,0,2025-05-01
6040,PAPUA NEW GUINEA,6461200,2025-05-01
6141,NEW ZEALAND,528140013,2025-05-01
6142,COOK ISLANDS,8075,2025-05-01
6143,TOKELAU,0,2025-05-01
6144,NIUE,2268,2025-05-01
6150,SAMOA,826641,2025-05-01
6223,SOLOMON ISLANDS,128634,2025-05-01
6224,VANUATU,1494074,2025-05-01
6225,PITCAIRN ISLANDS,0,2025-05-01
6226,KIRIBATI,83884,2025-05-01
6227,TUVALU,0,2025-05-01
6412,NEW CALEDONIA,1306515,2025-05-01
6413,WALLIS AND FUTUNA,0,2025-05-01
6414,FRENCH POLYNESIA,1930814,2025-05-01
6810,MARSHALL ISLANDS,3435634,2025-05-01
6820,MICRONESIA,26165,2025-05-01
6830,PALAU,40706,2025-05-01
6862,NAURU,2553,2025-05-01
7140,MOROCCO,173487222,2025-05-01
6863,FIJI,21455363,2025-05-01
6864,TONGA,236596,2025-05-01
6XXX,AUSTRALIA AND OCEANIA,1965631781,2025-05-01
7210,ALGERIA,163123929,2025-05-01
7230,TUNISIA,79617185,2025-05-01
7250,LIBYA,114922079,2025-05-01
7290,EGYPT,208433808,2025-05-01
7321,SUDAN,1930418,2025-05-01
7323,SOUTH SUDAN,0,2025-05-01
7380,EQUATORIAL GUINEA,11204294,2025-05-01
7410,MAURITANIA,78949,2025-05-01
7420,CAMEROON,13368456,2025-05-01
7440,SENEGAL,21573799,2025-05-01
7450,MALI,577034,2025-05-01
7460,GUINEA,990755,2025-05-01
7470,SIERRA LEONE,14674122,2025-05-01
7480,COTE D'IVOIRE,208529946,2025-05-01
7490,GHANA,107594816,2025-05-01
7500,GAMBIA,47713,2025-05-01
7510,NIGER,252425,2025-05-01
7520,TOGO,8436992,2025-05-01
7530,NIGERIA,400122562,2025-05-01
7540,CENTRAL AFRICAN REPUBLIC,156114,2025-05-01
7550,GABON,43192492,2025-05-01
7560,CHAD,1064708,2025-05-01
7580,ST HELENA,3119687,2025-05-01
7600,BURKINA FASO,213642,2025-05-01
7610,BENIN,7840453,2025-05-01
7620,ANGOLA,68330411,2025-05-01
7630,CONGO,5485449,2025-05-01
7642,GUINEA-BISSAU,9301,2025-05-01
7660,DEMOCRATIC REPUBLIC OF THE CONGO,368766142,2025-05-01
7643,CABO VERDE,727336,2025-05-01
7644,SAO TOME AND PRINCIPE,28220,2025-05-01
7650,LIBERIA,4386345,2025-05-01
7670,BURUNDI,420878,2025-05-01
7690,RWANDA,2597486,2025-05-01
7700,SOMALIA,13407,2025-05-01
7741,ERITREA,8856,2025-05-01
7749,ETHIOPIA,84165455,2025-05-01
7770,DJIBOUTI,7956581,2025-05-01
7780,UGANDA,17498550,2025-05-01
7790,KENYA,71677373,2025-05-01
7800,SEYCHELLES,557836,2025-05-01
7810,BRITISH INDIAN OCEAN TERRITORIES,0,2025-05-01
7830,TANZANIA,22177772,2025-05-01
7850,MAURITIUS,23968310,2025-05-01
7870,MOZAMBIQUE,16147229,2025-05-01
7880,MADAGASCAR,65041482,2025-05-01
7881,MAYOTTE,11010,2025-05-01
7890,COMOROS,474,2025-05-01
7904,REUNION,5179902,2025-05-01
7905,FRENCH SOUTHERN AND ANTARCTIC LANDS,473,2025-05-01
7910,SOUTH AFRICA,825166891,2025-05-01
7920,NAMIBIA,9779589,2025-05-01
7930,BOTSWANA,45685020,2025-05-01
7940,ZAMBIA,59221193,2025-05-01
7950,ESWATINI,1345700,2025-05-01
7960,ZIMBABWE,7664366,2025-05-01
7970,MALAWI,3911310,2025-05-01
7990,LESOTHO,15811270,2025-05-01
7XXX,AFRICA,3318295217,2025-05-01
-,TOTAL FOR ALL COUNTRIES,265533076338,2025-06-01
0003,EUROPEAN UNION,45726001831,2025-06-01
0014,PACIFIC RIM COUNTRIES,74148300652,2025-06-01
0017,CAFTA-DR,3622676358,2025-06-01
0020,USMCA (NAFTA),74560475613,2025-06-01
0021,TWENTY LATIN AMERICAN REPUBLICS,57666927570,2025-06-01
0022,OECD,161767076478,2025-06-01
0023,NATO,74679783762,2025-06-01
0024,LAFTA,53957906680,2025-06-01
0025,EURO AREA,39701333605,2025-06-01
0026,APEC,176711646645,2025-06-01
0027,ASEAN,39667091607,2025-06-01
0028,CACM,2937657525,2025-06-01
1010,GREENLAND,1257569,2025-06-01
1220,CANADA,29687708963,2025-06-01
1610,ST PIERRE AND MIQUELON,0,2025-06-01
1XXX,NORTH AMERICA,74561733182,2025-06-01
2010,MEXICO,44872766650,2025-06-01
2050,GUATEMALA,478561559,2025-06-01
2080,BELIZE,4356281,2025-06-01
2110,EL SALVADOR,204071796,2025-06-01
2150,HONDURAS,539785962,2025-06-01
2190,NICARAGUA,443418083,2025-06-01
2230,COSTA RICA,1271820125,2025-06-01
2250,PANAMA,40488891,2025-06-01
2320,BERMUDA,1210939,2025-06-01
2360,BAHAMAS,245123216,2025-06-01
2390,CUBA,0,2025-06-01
2410,JAMAICA,27604416,2025-06-01
2430,TURKS AND CAICOS ISLANDS,1262538,2025-06-01
2440,CAYMAN ISLANDS,4711447,2025-06-01
2450,HAITI,45855641,2025-06-01
2470,DOMINICAN REPUBLIC,685018833,2025-06-01
2481,ANGUILLA,10540,2025-06-01
2482,BRITISH VIRGIN ISLANDS,7962493,2025-06-01
2483,ST KITTS AND NEVIS,1361593,2025-06-01
2484,ANTIGUA AND BARBUDA,775119,2025-06-01
2485,MONTSERRAT,7373,2025-06-01
2489,GRENADA,1545932,2025-06-01
2486,DOMINICA,245525,2025-06-01
2487,ST LUCIA,332820,2025-06-01
2488,ST VINCENT AND THE GRENADINES,374413,2025-06-01
2720,BARBADOS,3847875,2025-06-01
2740,TRINIDAD AND TOBAGO,191845667,2025-06-01
2774,SINT MAARTEN,6131250,2025-06-01
2777,CURACAO,4303451,2025-06-01
2779,ARUBA,748841,2025-06-01
2831,GUADELOUPE,178125,2025-06-01
2839,MARTINIQUE,286223,2025-06-01
2XXX,CENTRAL AMERICA,4213246967,2025-06-01
3010,COLOMBIA,1325629953,2025-06-01
3070,VENEZUELA,221777874,2025-06-01
3120,GUYANA,487712168,2025-06-01
3150,SURINAME,6431250,2025-06-01
3170,FRENCH GUIANA,4745,2025-06-01
3310,ECUADOR,709664438,2025-06-01
3330,PERU,638746530,2025-06-01
3350,BOLIVIA,57950657,2025-06-01
3370,CHILE,1646919908,2025-06-01
3510,BRAZIL,3589748325,2025-06-01
3530,PARAGUAY,44792777,2025-06-01
3550,URUGUAY,144535655,2025-06-01
3570,ARGENTINA,705373913,2025-06-01
3720,FALKLAND ISLANDS (ISLAS MALVINAS),1923,2025-06-01
3XXX,SOUTH AMERICA,9579290116,2025-06-01
4000,ICELAND,67415328,2025-06-01
4010,SWEDEN,1218249682,2025-06-01
4031,"SVALBARD, JAN MAYEN ISLAND",5,2025-06-01
4099,DENMARK,1549301689,2025-06-01
4039,NORWAY,565511005,2025-06-01
4050,FINLAND,682266587,2025-06-01
4091,FAROE ISLANDS,17784730,2025-06-01
4120,UNITED KINGDOM,5209628671,2025-06-01
4190,IRELAND,6662194313,2025-06-01
4210,NETHERLANDS,2442477009,2025-06-01
4231,BELGIUM,2626347654,2025-06-01
4239,LUXEMBOURG,61973786,2025-06-01
4271,ANDORRA,438853,2025-06-01
4272,MONACO,2170024,2025-06-01
4279,FRANCE,4819599699,2025-06-01
4280,GERMANY,11083232738,2025-06-01
4330,AUSTRIA,1353902262,2025-06-01
4351,CZECH REPUBLIC,740260840,2025-06-01
4359,SLOVAKIA,610311443,2025-06-01
4370,HUNGARY,953641749,2025-06-01
4411,LIECHTENSTEIN,22444712,2025-06-01
4419,SWITZERLAND,4061817966,2025-06-01
4470,ESTONIA,102114956,2025-06-01
4490,LATVIA,54183454,2025-06-01
4510,LITHUANIA,141399970,2025-06-01
4550,POLAND,1095710359,2025-06-01
4621,RUSSIA,405271960,2025-06-01
4622,BELARUS,1737027,2025-06-01
4623,UKRAINE,88404657,2025-06-01
4631,ARMENIA,3831903,2025-06-01
4632,AZERBAIJAN,14373422,2025-06-01
4641,MOLDOVA,7833461,2025-06-01
4633,GEORGIA,15854097,2025-06-01
4634,KAZAKHSTAN,124174971,2025-06-01
4635,KYRGYZSTAN,1628827,2025-06-01
4642,TAJIKISTAN,4090,2025-06-01
4643,TURKMENISTAN,9623036,2025-06-01
4644,UZBEKISTAN,4053415,2025-06-01
4700,SPAIN,1989310421,2025-06-01
4710,PORTUGAL,508889167,2025-06-01
4720,GIBRALTAR,245,2025-06-01
4730,MALTA,28490397,2025-06-01
4751,SAN MARINO,1293381,2025-06-01
4752,VATICAN CITY,443,2025-06-01
4759,ITALY,6128228491,2025-06-01
4791,CROATIA,75198345,2025-06-01
4792,SLOVENIA,153128928,2025-06-01
4793,BOSNIA AND HERZEGOVINA,13359328,2025-06-01
4794,MACEDONIA,29098954,2025-06-01
4801,SERBIA,86352656,2025-06-01
4803,KOSOVO,881402,2025-06-01
4804,MONTENEGRO,987919,2025-06-01
4810,ALBANIA,8352800,2025-06-01
4840,GREECE,172996917,2025-06-01
4850,ROMANIA,350977886,2025-06-01
4870,BULGARIA,116526021,2025-06-01
4890,TURKEY,1434752331,2025-06-01
4910,CYPRUS,5087068,2025-06-01
4XXX,EUROPE,57925083450,2025-06-01
5020,SYRIA,736004,2025-06-01
5040,LEBANON,17427231,2025-06-01
5082,GAZA STRIP ADMINISTERED BY ISRAEL,0,2025-06-01
5050,IRAQ,562972740,2025-06-01
5070,IRAN,76024,2025-06-01
5081,ISRAEL,1265119928,2025-06-01
5083,WEST BANK ADMINISTERED BY ISRAEL,336657,2025-06-01
5110,JORDAN,234892552,2025-06-01
5130,KUWAIT,45599962,2025-06-01
5170,SAUDI ARABIA,972594362,2025-06-01
5180,QATAR,66059121,2025-06-01
5200,UNITED ARAB EMIRATES,551895969,2025-06-01
5210,YEMEN,394002,2025-06-01
5230,OMAN,95709217,2025-06-01
5250,BAHRAIN,107151717,2025-06-01
5310,AFGHANISTAN,1382145,2025-06-01
5330,INDIA,9153394762,2025-06-01
5350,PAKISTAN,350003267,2025-06-01
5360,NEPAL,9584316,2025-06-01
5380,BANGLADESH,835565826,2025-06-01
5420,SRI LANKA,204527877,2025-06-01
5460,BURMA,49675745,2025-06-01
5490,THAILAND,7606053200,2025-06-01
5520,VIETNAM,17715153828,2025-06-01
5530,LAOS,362829701,2025-06-01
5550,CAMBODIA,1194064509,2025-06-01
5570,MALAYSIA,5269325492,2025-06-01
5590,SINGAPORE,2977438831,2025-06-01
5600,INDONESIA,3131135800,2025-06-01
5601,TIMOR-LESTE,5876,2025-06-01
5610,BRUNEI,13187600,2025-06-01
5683,MALDIVES,422295,2025-06-01
5650,PHILIPPINES,1348226901,2025-06-01
5660,MACAU,9275046,2025-06-01
5682,BHUTAN,5305,2025-06-01
5700,CHINA,18948674201,2025-06-01
5740,MONGOLIA,1827550,2025-06-01
5790,"KOREA, NORTH",0,2025-06-01
5800,"KOREA, SOUTH",11391545330,2025-06-01
5820,HONG KONG,318515817,2025-06-01
5830,TAIWAN,16921292655,2025-06-01
5880,JAPAN,11956415993,2025-06-01
5XXX,ASIA,113690495354,2025-06-01
6021,AUSTRALIA,1379017260,2025-06-01
6022,NORFOLK ISLAND,409,2025-06-01
6023,COCOS (KEELING) ISLANDS,6022,2025-06-01
6024,CHRISTMAS ISLAND,821,2025-06-01
6029,HEARD AND MCDONALD ISLANDS,0,2025-06-01
6040,PAPUA NEW GUINEA,2964773,2025-06-01
6141,NEW ZEALAND,481284953,2025-06-01
6142,COOK ISLANDS,244,2025-06-01
6143,TOKELAU,15642,2025-06-01
6144,NIUE,114328,2025-06-01
6150,SAMOA,370663,2025-06-01
6223,SOLOMON ISLANDS,27028,2025-06-01
6224,VANUATU,1804796,2025-06-01
6225,PITCAIRN ISLANDS,722,2025-06-01
6226,KIRIBATI,61370,2025-06-01
6227,TUVALU,25,2025-06-01
6412,NEW CALEDONIA,2570502,2025-06-01
6413,WALLIS AND FUTUNA,0,2025-06-01
6414,FRENCH POLYNESIA,1967041,2025-06-01
6810,MARSHALL ISLANDS,3034698,2025-06-01
6820,MICRONESIA,1066,2025-06-01
6830,PALAU,2351,2025-06-01
6862,NAURU,3591,2025-06-01
7140,MOROCCO,128194826,2025-06-01
6863,FIJI,19408774,2025-06-01
6864,TONGA,609664,2025-06-01
6XXX,AUSTRALIA AND OCEANIA,1893266743,2025-06-01
7210,ALGERIA,171194365,2025-06-01
7230,TUNISIA,123388623,2025-06-01
7250,LIBYA,160491961,2025-06-01
7290,EGYPT,326162668,2025-06-01
7321,SUDAN,2360566,2025-06-01
7323,SOUTH SUDAN,0,2025-06-01
7380,EQUATORIAL GUINEA,4836875,2025-06-01
7410,MAURITANIA,16190,2025-06-01
7420,CAMEROON,24735874,2025-06-01
7440,SENEGAL,19327816,2025-06-01
7450,MALI,145389,2025-06-01
7460,GUINEA,488693,2025-06-01
7470,SIERRA LEONE,773786,2025-06-01
7480,COTE D'IVOIRE,198249393,2025-06-01
7490,GHANA,163738862,2025-06-01
7500,GAMBIA,96691,2025-06-01
7510,NIGER,241232,2025-06-01
7520,TOGO,10943499,2025-06-01
7530,NIGERIA,638551050,2025-06-01
7540,CENTRAL AFRICAN REPUBLIC,35338,2025-06-01
7550,GABON,71503503,2025-06-01
7560,CHAD,803263,2025-06-01
7580,ST HELENA,0,2025-06-01
7600,BURKINA FASO,7041,2025-06-01
7610,BENIN,2932672,2025-06-01
7620,ANGOLA,97889688,2025-06-01
7630,CONGO,7773670,2025-06-01
7642,GUINEA-BISSAU,561,2025-06-01
7660,DEMOCRATIC REPUBLIC OF THE CONGO,397357218,2025-06-01
7643,CABO VERDE,474530,2025-06-01
7644,SAO TOME AND PRINCIPE,15350,2025-06-01
7650,LIBERIA,2576571,2025-06-01
7670,BURUNDI,606526,2025-06-01
7690,RWANDA,2772747,2025-06-01
7700,SOMALIA,165498,2025-06-01
7741,ERITREA,36155,2025-06-01
7749,ETHIOPIA,59181524,2025-06-01
7770,DJIBOUTI,9034382,2025-06-01
7780,UGANDA,22264028,2025-06-01
7790,KENYA,57078569,2025-06-01
7800,SEYCHELLES,132291,2025-06-01
7810,BRITISH INDIAN OCEAN TERRITORIES,0,2025-06-01
7830,TANZANIA,17740248,2025-06-01
7850,MAURITIUS,15741503,2025-06-01
7870,MOZAMBIQUE,978796,2025-06-01
7880,MADAGASCAR,55306323,2025-06-01
7881,MAYOTTE,45,2025-06-01
7890,COMOROS,1356,2025-06-01
7904,REUNION,696605,2025-06-01
7905,FRENCH SOUTHERN AND ANTARCTIC LANDS,0,2025-06-01
7910,SOUTH AFRICA,829096686,2025-06-01
7920,NAMIBIA,4963568,2025-06-01
7930,BOTSWANA,4687213,2025-06-01
7940,ZAMBIA,14041966,2025-06-01
7950,ESWATINI,827441,2025-06-01
7960,ZIMBABWE,6706335,2025-06-01
7970,MALAWI,3136683,2025-06-01
7990,LESOTHO,9456274,2025-06-01
7XXX,AFRICA,3669960526,2025-06-01
-,TOTAL FOR ALL COUNTRIES,292244900031,2025-07-01
0003,EUROPEAN UNION,46926515553,2025-07-01
0014,PACIFIC RIM COUNTRIES,86554945068,2025-07-01
0017,CAFTA-DR,3602747898,2025-07-01
0020,USMCA (NAFTA),77537946375,2025-07-01
0021,TWENTY LATIN AMERICAN REPUBLICS,59087987818,2025-07-01
0022,OECD,175570675990,2025-07-01
0023,NATO,80966348031,2025-07-01
0024,LAFTA,55377853907,2025-07-01
0025,EURO AREA,41138283324,2025-07-01
0026,APEC,193075876156,2025-07-01
0027,ASEAN,40977619483,2025-07-01
0028,CACM,2945012364,2025-07-01
1010,GREENLAND,2039249,2025-07-01
1220,CANADA,32171990358,2025-07-01
1610,ST PIERRE AND MIQUELON,0,2025-07-01
1XXX,NORTH AMERICA,77539985624,2025-07-01
2010,MEXICO,45365956017,2025-07-01
2050,GUATEMALA,492278202,2025-07-01
2080,BELIZE,19744384,2025-07-01
2110,EL SALVADOR,245081575,2025-07-01
2150,HONDURAS,506672549,2025-07-01
2190,NICARAGUA,449384807,2025-07-01
2230,COSTA RICA,1251595231,2025-07-01
2250,PANAMA,51477057,2025-07-01
2320,BERMUDA,1510595,2025-07-01
2360,BAHAMAS,103847888,2025-07-01
2390,CUBA,11000,2025-07-01
2410,JAMAICA,26354991,2025-07-01
2430,TURKS AND CAICOS ISLANDS,645968,2025-07-01
2440,CAYMAN ISLANDS,1850999,2025-07-01
2450,HAITI,55897956,2025-07-01
2470,DOMINICAN REPUBLIC,657735534,2025-07-01
2481,ANGUILLA,614,2025-07-01
2482,BRITISH VIRGIN ISLANDS,306118,2025-07-01
2483,ST KITTS AND NEVIS,1884682,2025-07-01
2484,ANTIGUA AND BARBUDA,663372,2025-07-01
2485,MONTSERRAT,786,2025-07-01
2489,GRENADA,1095514,2025-07-01
2486,DOMINICA,201526,2025-07-01
2487,ST LUCIA,650229,2025-07-01
2488,ST VINCENT AND THE GRENADINES,650296,2025-07-01
2720,BARBADOS,3415647,2025-07-01
2740,TRINIDAD AND TOBAGO,232794151,2025-07-01
2774,SINT MAARTEN,3663230,2025-07-01
2777,CURACAO,2551374,2025-07-01
2779,ARUBA,561528,2025-07-01
2831,GUADELOUPE,231385,2025-07-01
2839,MARTINIQUE,12930,2025-07-01
2XXX,CENTRAL AMERICA,4112772118,2025-07-01
3010,COLOMBIA,1495543050,2025-07-01
3070,VENEZUELA,29990051,2025-07-01
3120,GUYANA,538949237,2025-07-01
3150,SURINAME,3566738,2025-07-01
3170,FRENCH GUIANA,5975,2025-07-01
3310,ECUADOR,856093057,2025-07-01
3330,PERU,689560500,2025-07-01
3350,BOLIVIA,64292082,2025-07-01
3370,CHILE,1849693090,2025-07-01
3510,BRAZIL,4032157017,2025-07-01
3530,PARAGUAY,41508893,2025-07-01
3550,URUGUAY,164354544,2025-07-01
3570,ARGENTINA,788705606,2025-07-01
3720,FALKLAND ISLANDS (ISLAS MALVINAS),6084098,2025-07-01
3XXX,SOUTH AMERICA,10560503938,2025-07-01
4000,ICELAND,114481570,2025-07-01
4010,SWEDEN,1348798955,2025-07-01
4031,"SVALBARD, JAN MAYEN ISLAND",402,2025-07-01
4099,DENMARK,878532794,2025-07-01
4039,NORWAY,497008478,2025-07-01
4050,FINLAND,942311172,2025-07-01
4091,FAROE ISLANDS,19657826,2025-07-01
4120,UNITED KINGDOM,5585882467,2025-07-01
4190,IRELAND,4297674082,2025-07-01
4210,NETHERLANDS,3144392190,2025-07-01
4231,BELGIUM,2112800051,2025-07-01
4239,LUXEMBOURG,76212990,2025-07-01
4271,ANDORRA,455143,2025-07-01
4272,MONACO,4903802,2025-07-01
4279,FRANCE,5587487191,2025-07-01
4280,GERMANY,12826729341,2025-07-01
4330,AUSTRIA,1372652310,2025-07-01
4351,CZECH REPUBLIC,785448186,2025-07-01
4359,SLOVAKIA,560841861,2025-07-01
4370,HUNGARY,1125365334,2025-07-01
4411,LIECHTENSTEIN,17565655,2025-07-01
4419,SWITZERLAND,10603428498,2025-07-01
4470,ESTONIA,69130047,2025-07-01
4490,LATVIA,49520686,2025-07-01
4510,LITHUANIA,124192001,2025-07-01
4550,POLAND,1170399149,2025-07-01
4621,RUSSIA,355621326,2025-07-01
4622,BELARUS,1569337,2025-07-01
4623,UKRAINE,158516883,2025-07-01
4631,ARMENIA,4528405,2025-07-01
4635,KYRGYZSTAN,1004736,2025-07-01
4632,AZERBAIJAN,8116278,2025-07-01
4633,GEORGIA,4170659,2025-07-01
4634,KAZAKHSTAN,136393503,2025-07-01
4641,MOLDOVA,7135559,2025-07-01
4642,TAJIKISTAN,3490,2025-07-01
4643,TURKMENISTAN,1666325,2025-07-01
4644,UZBEKISTAN,4791250,2025-07-01
4700,SPAIN,1819136360,2025-07-01
4710,PORTUGAL,471417316,2025-07-01
4720,GIBRALTAR,64675,2025-07-01
4730,MALTA,23168314,2025-07-01
4751,SAN MARINO,1817884,2025-07-01
4752,VATICAN CITY,1076,2025-07-01
4759,ITALY,7218371987,2025-07-01
4791,CROATIA,60528704,2025-07-01
4792,SLOVENIA,166628118,2025-07-01
4793,BOSNIA AND HERZEGOVINA,18265103,2025-07-01
4794,MACEDONIA,36234088,2025-07-01
4801,SERBIA,85539293,2025-07-01
4803,KOSOVO,1115325,2025-07-01
4804,MONTENEGRO,889109,2025-07-01
4810,ALBANIA,9021185,2025-07-01
4840,GREECE,210703149,2025-07-01
4850,ROMANIA,344939853,2025-07-01
4870,BULGARIA,134747958,2025-07-01
4890,TURKEY,1322205383,2025-07-01
4910,CYPRUS,4385454,2025-07-01
4XXX,EUROPE,65928570266,2025-07-01
5020,SYRIA,1319397,2025-07-01
5081,ISRAEL,1647319326,2025-07-01
5040,LEBANON,31429721,2025-07-01
5050,IRAQ,669758796,2025-07-01
5070,IRAN,997,2025-07-01
5082,GAZA STRIP ADMINISTERED BY ISRAEL,0,2025-07-01
5083,WEST BANK ADMINISTERED BY ISRAEL,161105,2025-07-01
5110,JORDAN,295110469,2025-07-01
5130,KUWAIT,59125561,2025-07-01
5170,SAUDI ARABIA,851411365,2025-07-01
5180,QATAR,105755722,2025-07-01
5200,UNITED ARAB EMIRATES,527271096,2025-07-01
5210,YEMEN,879786,2025-07-01
5230,OMAN,98048077,2025-07-01
5250,BAHRAIN,98821459,2025-07-01
5310,AFGHANISTAN,3001208,2025-07-01
5330,INDIA,9170575229,2025-07-01
5350,PAKISTAN,477080365,2025-07-01
5360,NEPAL,12345906,2025-07-01
5380,BANGLADESH,832257662,2025-07-01
5420,SRI LANKA,249411960,2025-07-01
5460,BURMA,75306807,2025-07-01
5490,THAILAND,8113254512,2025-07-01
5520,VIETNAM,17985402721,2025-07-01
5530,LAOS,257901486,2025-07-01
5550,CAMBODIA,1488127417,2025-07-01
5570,MALAYSIA,5086443523,2025-07-01
5590,SINGAPORE,3395799260,2025-07-01
5600,INDONESIA,3170378515,2025-07-01
5601,TIMOR-LESTE,1015,2025-07-01
5682,BHUTAN,1378243,2025-07-01
5610,BRUNEI,1812604,2025-07-01
5650,PHILIPPINES,1403192638,2025-07-01
5660,MACAU,10547436,2025-07-01
5683,MALDIVES,216373,2025-07-01
5700,CHINA,26411388670,2025-07-01
5740,MONGOLIA,2457009,2025-07-01
5790,"KOREA, NORTH",0,2025-07-01
5800,"KOREA, SOUTH",11115330568,2025-07-01
5820,HONG KONG,257416207,2025-07-01
5830,TAIWAN,19505753181,2025-07-01
5880,JAPAN,12481357695,2025-07-01
5XXX,ASIA,125894551087,2025-07-01
6021,AUSTRALIA,3219660447,2025-07-01
6022,NORFOLK ISLAND,201,2025-07-01
6023,COCOS (KEELING) ISLANDS,140,2025-07-01
6024,CHRISTMAS ISLAND,69,2025-07-01
6029,HEARD AND MCDONALD ISLANDS,0,2025-07-01
6040,PAPUA NEW GUINEA,5385782,2025-07-01
6141,NEW ZEALAND,490478542,2025-07-01
6142,COOK ISLANDS,563,2025-07-01
6143,TOKELAU,12323,2025-07-01
6144,NIUE,35297,2025-07-01
6150,SAMOA,456761,2025-07-01
6223,SOLOMON ISLANDS,255913,2025-07-01
6224,VANUATU,871989,2025-07-01
6225,PITCAIRN ISLANDS,136,2025-07-01
6226,KIRIBATI,91926,2025-07-01
6227,TUVALU,33,2025-07-01
6412,NEW CALEDONIA,4916234,2025-07-01
6413,WALLIS AND FUTUNA,244,2025-07-01
6414,FRENCH POLYNESIA,2349874,2025-07-01
6810,MARSHALL ISLANDS,1968273,2025-07-01
6820,MICRONESIA,16404,2025-07-01
6864,TONGA,258437,2025-07-01
6830,PALAU,16112,2025-07-01
6862,NAURU,5249,2025-07-01
6863,FIJI,13892112,2025-07-01
6XXX,AUSTRALIA AND OCEANIA,3740673061,2025-07-01
7140,MOROCCO,156720293,2025-07-01
7210,ALGERIA,193721345,2025-07-01
7230,TUNISIA,74669084,2025-07-01
7250,LIBYA,151675231,2025-07-01
7290,EGYPT,289763312,2025-07-01
7321,SUDAN,896655,2025-07-01
7323,SOUTH SUDAN,2589,2025-07-01
7380,EQUATORIAL GUINEA,7698086,2025-07-01
7410,MAURITANIA,16369,2025-07-01
7420,CAMEROON,18177272,2025-07-01
7440,SENEGAL,77089064,2025-07-01
7450,MALI,108470,2025-07-01
7460,GUINEA,2225627,2025-07-01
7470,SIERRA LEONE,1051746,2025-07-01
7480,COTE D'IVOIRE,101372076,2025-07-01
7490,GHANA,72437625,2025-07-01
7500,GAMBIA,1534,2025-07-01
7510,NIGER,98666,2025-07-01
7520,TOGO,9117054,2025-07-01
7530,NIGERIA,378760934,2025-07-01
7540,CENTRAL AFRICAN REPUBLIC,27430,2025-07-01
7550,GABON,53732482,2025-07-01
7560,CHAD,4379085,2025-07-01
7580,ST HELENA,759591,2025-07-01
7600,BURKINA FASO,5049,2025-07-01
7610,BENIN,1873572,2025-07-01
7620,ANGOLA,171460500,2025-07-01
7644,SAO TOME AND PRINCIPE,15252,2025-07-01
7630,CONGO,5272927,2025-07-01
7642,GUINEA-BISSAU,535,2025-07-01
7643,CABO VERDE,106525,2025-07-01
7650,LIBERIA,8676964,2025-07-01
7660,DEMOCRATIC REPUBLIC OF THE CONGO,264411727,2025-07-01
7670,BURUNDI,241620,2025-07-01
7690,RWANDA,2607854,2025-07-01
7700,SOMALIA,1407,2025-07-01
7741,ERITREA,38244,2025-07-01
7749,ETHIOPIA,93601809,2025-07-01
7770,DJIBOUTI,6928499,2025-07-01
7780,UGANDA,27609235,2025-07-01
7790,KENYA,72073289,2025-07-01
7800,SEYCHELLES,144118,2025-07-01
7810,BRITISH INDIAN OCEAN TERRITORIES,148,2025-07-01
7830,TANZANIA,17096406,2025-07-01
7850,MAURITIUS,28909238,2025-07-01
7870,MOZAMBIQUE,2421069,2025-07-01
7880,MADAGASCAR,59605015,2025-07-01
7881,MAYOTTE,1991,2025-07-01
7890,COMOROS,233107,2025-07-01
7904,REUNION,1286445,2025-07-01
7905,FRENCH SOUTHERN AND ANTARCTIC LANDS,0,2025-07-01
7910,SOUTH AFRICA,1987825684,2025-07-01
7920,NAMIBIA,50239120,2025-07-01
7930,BOTSWANA,15195665,2025-07-01
7940,ZAMBIA,30503537,2025-07-01
7950,ESWATINI,1614172,2025-07-01
7960,ZIMBABWE,5867092,2025-07-01
7970,MALAWI,1624046,2025-07-01
7990,LESOTHO,15850456,2025-07-01
7XXX,AFRICA,4467843937,2025-07-01
-,TOTAL FOR ALL COUNTRIES,262631513905,2025-08-01
0003,EUROPEAN UNION,42278665750,2025-08-01
0014,PACIFIC RIM COUNTRIES,78369808599,2025-08-01
0017,CAFTA-DR,3240696755,2025-08-01
0020,USMCA (NAFTA),74550225717,2025-08-01
0021,TWENTY LATIN AMERICAN REPUBLICS,56613837551,2025-08-01
0022,OECD,156251740284,2025-08-01
0023,NATO,72568878052,2025-08-01
0024,LAFTA,53280494679,2025-08-01
0025,EURO AREA,37219401045,2025-08-01
0026,APEC,178998945619,2025-08-01
0027,ASEAN,37198214293,2025-08-01
0028,CACM,2597204045,2025-08-01
1010,GREENLAND,2199675,2025-08-01
1220,CANADA,29403967920,2025-08-01
1610,ST PIERRE AND MIQUELON,0,2025-08-01
1XXX,NORTH AMERICA,74552425392,2025-08-01
2010,MEXICO,45146257797,2025-08-01
2050,GUATEMALA,367809551,2025-08-01
2080,BELIZE,2680539,2025-08-01
2110,EL SALVADOR,165876568,2025-08-01
2150,HONDURAS,440347846,2025-08-01
2190,NICARAGUA,468651834,2025-08-01
2230,COSTA RICA,1154518246,2025-08-01
2250,PANAMA,49047673,2025-08-01
2320,BERMUDA,675183,2025-08-01
2360,BAHAMAS,127164965,2025-08-01
2390,CUBA,4727,2025-08-01
2410,JAMAICA,46510560,2025-08-01
2430,TURKS AND CAICOS ISLANDS,413050,2025-08-01
2440,CAYMAN ISLANDS,2487452,2025-08-01
2450,HAITI,43593717,2025-08-01
2470,DOMINICAN REPUBLIC,643492710,2025-08-01
2481,ANGUILLA,10435,2025-08-01
2482,BRITISH VIRGIN ISLANDS,204002,2025-08-01
2483,ST KITTS AND NEVIS,1011088,2025-08-01
2484,ANTIGUA AND BARBUDA,193647,2025-08-01
2488,ST VINCENT AND THE GRENADINES,921391,2025-08-01
2485,MONTSERRAT,1736,2025-08-01
2486,DOMINICA,224605,2025-08-01
2487,ST LUCIA,511094,2025-08-01
2489,GRENADA,852235,2025-08-01
2720,BARBADOS,3681689,2025-08-01
2740,TRINIDAD AND TOBAGO,255547325,2025-08-01
2774,SINT MAARTEN,4917195,2025-08-01
2777,CURACAO,3597448,2025-08-01
2779,ARUBA,3444885,2025-08-01
2831,GUADELOUPE,302659,2025-08-01
2839,MARTINIQUE,631194,2025-08-01
2XXX,CENTRAL AMERICA,3789327249,2025-08-01
3010,COLOMBIA,1454535312,2025-08-01
3070,VENEZUELA,90256414,2025-08-01
3120,GUYANA,592508699,2025-08-01
3150,SURINAME,7954696,2025-08-01
3170,FRENCH GUIANA,187371,2025-08-01
3310,ECUADOR,609316268,2025-08-01
3330,PERU,698378175,2025-08-01
3350,BOLIVIA,61123300,2025-08-01
3370,CHILE,1266616325,2025-08-01
3510,BRAZIL,3063242275,2025-08-01
3530,PARAGUAY,21707840,2025-08-01
3550,URUGUAY,110195746,2025-08-01
3570,ARGENTINA,758865227,2025-08-01
3720,FALKLAND ISLANDS (ISLAS MALVINAS),765,2025-08-01
3XXX,SOUTH AMERICA,8734888413,2025-08-01
4000,ICELAND,168678743,2025-08-01
4010,SWEDEN,958904765,2025-08-01
4091,FAROE ISLANDS,17620832,2025-08-01
4031,"SVALBARD, JAN MAYEN ISLAND",0,2025-08-01
4039,NORWAY,471505210,2025-08-01
4050,FINLAND,576865201,2025-08-01
4099,DENMARK,972594824,2025-08-01
4120,UNITED KINGDOM,5201741960,2025-08-01
4190,IRELAND,5184326203,2025-08-01
4210,NETHERLANDS,2945533074,2025-08-01
4231,BELGIUM,2706114597,2025-08-01
4239,LUXEMBOURG,73727162,2025-08-01
4271,ANDORRA,198611,2025-08-01
4272,MONACO,2868779,2025-08-01
4279,FRANCE,4653682034,2025-08-01
4280,GERMANY,11146165322,2025-08-01
4330,AUSTRIA,1211824897,2025-08-01
4351,CZECH REPUBLIC,644769761,2025-08-01
4359,SLOVAKIA,298618087,2025-08-01
4370,HUNGARY,870652098,2025-08-01
4411,LIECHTENSTEIN,18205868,2025-08-01
4419,SWITZERLAND,3328148398,2025-08-01
4470,ESTONIA,78326160,2025-08-01
4490,LATVIA,55512269,2025-08-01
4510,LITHUANIA,185090256,2025-08-01
4550,POLAND,1118504371,2025-08-01
4621,RUSSIA,205039618,2025-08-01
4622,BELARUS,2265896,2025-08-01
4623,UKRAINE,111680726,2025-08-01
4631,ARMENIA,9119368,2025-08-01
4635,KYRGYZSTAN,1955394,2025-08-01
4632,AZERBAIJAN,3756458,2025-08-01
4633,GEORGIA,7365362,2025-08-01
4634,KAZAKHSTAN,116576505,2025-08-01
4641,MOLDOVA,8973730,2025-08-01
4642,TAJIKISTAN,657,2025-08-01
4643,TURKMENISTAN,147263,2025-08-01
4644,UZBEKISTAN,8478555,2025-08-01
4700,SPAIN,1610346896,2025-08-01
4710,PORTUGAL,768610841,2025-08-01
4720,GIBRALTAR,16,2025-08-01
4730,MALTA,16387335,2025-08-01
4751,SAN MARINO,1366260,2025-08-01
4752,VATICAN CITY,63,2025-08-01
4759,ITALY,5351695357,2025-08-01
4791,CROATIA,73818415,2025-08-01
4792,SLOVENIA,125587084,2025-08-01
4793,BOSNIA AND HERZEGOVINA,14093098,2025-08-01
4794,MACEDONIA,20466842,2025-08-01
4801,SERBIA,83458814,2025-08-01
4803,KOSOVO,977934,2025-08-01
4804,MONTENEGRO,535379,2025-08-01
4810,ALBANIA,7409277,2025-08-01
4840,GREECE,148350149,2025-08-01
4850,ROMANIA,355682152,2025-08-01
4870,BULGARIA,138156734,2025-08-01
4890,TURKEY,1437265112,2025-08-01
4910,CYPRUS,8819706,2025-08-01
4XXX,EUROPE,53528566478,2025-08-01
5020,SYRIA,572801,2025-08-01
5081,ISRAEL,1681912477,2025-08-01
5040,LEBANON,12974946,2025-08-01
5050,IRAQ,723342234,2025-08-01
5070,IRAN,15515,2025-08-01
5082,GAZA STRIP ADMINISTERED BY ISRAEL,0,2025-08-01
5083,WEST BANK ADMINISTERED BY ISRAEL,51418,2025-08-01
5110,JORDAN,258120726,2025-08-01
5130,KUWAIT,80636831,2025-08-01
5170,SAUDI ARABIA,1053265803,2025-08-01
5180,QATAR,145346954,2025-08-01
5200,UNITED ARAB EMIRATES,553294891,2025-08-01
5210,YEMEN,316622,2025-08-01
5230,OMAN,94511765,2025-08-01
5250,BAHRAIN,71446799,2025-08-01
5310,AFGHANISTAN,1355491,2025-08-01
5330,INDIA,7888672709,2025-08-01
5350,PAKISTAN,487433466,2025-08-01
5360,NEPAL,11360514,2025-08-01
5380,BANGLADESH,749903850,2025-08-01
5420,SRI LANKA,256935617,2025-08-01
5460,BURMA,83027774,2025-08-01
5490,THAILAND,7468418476,2025-08-01
5520,VIETNAM,16450907627,2025-08-01
5530,LAOS,169863864,2025-08-01
5550,CAMBODIA,1771042087,2025-08-01
5570,MALAYSIA,4407315719,2025-08-01
5590,SINGAPORE,2306413718,2025-08-01
5600,INDONESIA,2817187791,2025-08-01
5660,MACAU,10448918,2025-08-01
5601,TIMOR-LESTE,8379,2025-08-01
5610,BRUNEI,5497316,2025-08-01
5650,PHILIPPINES,1718539921,2025-08-01
5682,BHUTAN,502939,2025-08-01
5683,MALDIVES,339331,2025-08-01
5700,CHINA,25132621489,2025-08-01
5740,MONGOLIA,2320189,2025-08-01
5790,"KOREA, NORTH",0,2025-08-01
5800,"KOREA, SOUTH",10161509622,2025-08-01
5820,HONG KONG,374448896,2025-08-01
5830,TAIWAN,17735741905,2025-08-01
5880,JAPAN,11994163161,2025-08-01
5XXX,ASIA,116681790551,2025-08-01
6021,AUSTRALIA,1268099638,2025-08-01
6022,NORFOLK ISLAND,0,2025-08-01
6023,COCOS (KEELING) ISLANDS,559,2025-08-01
6024,CHRISTMAS ISLAND,3677,2025-08-01
6029,HEARD AND MCDONALD ISLANDS,0,2025-08-01
6040,PAPUA NEW GUINEA,10801550,2025-08-01
6141,NEW ZEALAND,427018955,2025-08-01
6142,COOK ISLANDS,633,2025-08-01
6143,TOKELAU,12682,2025-08-01
6144,NIUE,8039,2025-08-01
6150,SAMOA,736280,2025-08-01
6223,SOLOMON ISLANDS,15709,2025-08-01
6224,VANUATU,301770,2025-08-01
6225,PITCAIRN ISLANDS,70,2025-08-01
6226,KIRIBATI,105531,2025-08-01
6227,TUVALU,0,2025-08-01
6412,NEW CALEDONIA,1434224,2025-08-01
6413,WALLIS AND FUTUNA,6,2025-08-01
6414,FRENCH POLYNESIA,2050387,2025-08-01
6810,MARSHALL ISLANDS,2349416,2025-08-01
6863,FIJI,16942582,2025-08-01
6820,MICRONESIA,913,2025-08-01
6830,PALAU,54366,2025-08-01
6862,NAURU,76,2025-08-01
6864,TONGA,400215,2025-08-01
6XXX,AUSTRALIA AND OCEANIA,1730337278,2025-08-01
7140,MOROCCO,152522971,2025-08-01
7210,ALGERIA,330895350,2025-08-01
7230,TUNISIA,71520786,2025-08-01
7250,LIBYA,168396023,2025-08-01
7290,EGYPT,256328476,2025-08-01
7321,SUDAN,2319405,2025-08-01
7323,SOUTH SUDAN,29,2025-08-01
7380,EQUATORIAL GUINEA,1876956,2025-08-01
7410,MAURITANIA,10436,2025-08-01
7420,CAMEROON,30820337,2025-08-01
7440,SENEGAL,5550848,2025-08-01
7450,MALI,1464734,2025-08-01
7460,GUINEA,769448,2025-08-01
7470,SIERRA LEONE,846470,2025-08-01
7480,COTE D'IVOIRE,118291991,2025-08-01
7490,GHANA,91977003,2025-08-01
7500,GAMBIA,42453,2025-08-01
7510,NIGER,237706,2025-08-01
7520,TOGO,7073035,2025-08-01
7530,NIGERIA,442217924,2025-08-01
7540,CENTRAL AFRICAN REPUBLIC,144677,2025-08-01
7550,GABON,46411850,2025-08-01
7560,CHAD,3128820,2025-08-01
7580,ST HELENA,0,2025-08-01
7600,BURKINA FASO,686174,2025-08-01
7610,BENIN,4885685,2025-08-01
7620,ANGOLA,127890105,2025-08-01
7644,SAO TOME AND PRINCIPE,734,2025-08-01
7630,CONGO,6976660,2025-08-01
7642,GUINEA-BISSAU,250,2025-08-01
7643,CABO VERDE,72047,2025-08-01
7650,LIBERIA,5777056,2025-08-01
7660,DEMOCRATIC REPUBLIC OF THE CONGO,364713242,2025-08-01
7670,BURUNDI,774757,2025-08-01
7690,RWANDA,2978248,2025-08-01
7700,SOMALIA,688,2025-08-01
7741,ERITREA,1893,2025-08-01
7749,ETHIOPIA,74128787,2025-08-01
7770,DJIBOUTI,372210,2025-08-01
7780,UGANDA,14178873,2025-08-01
7790,KENYA,81280136,2025-08-01
7800,SEYCHELLES,255289,2025-08-01
7810,BRITISH INDIAN OCEAN TERRITORIES,57,2025-08-01
7830,TANZANIA,14700276,2025-08-01
7850,MAURITIUS,10551521,2025-08-01
7870,MOZAMBIQUE,16963050,2025-08-01
7880,MADAGASCAR,46875330,2025-08-01
7881,MAYOTTE,792,2025-08-01
7890,COMOROS,44611,2025-08-01
7904,REUNION,1851279,2025-08-01
7905,FRENCH SOUTHERN AND ANTARCTIC LANDS,0,2025-08-01
7910,SOUTH AFRICA,1003977073,2025-08-01
7920,NAMIBIA,9981348,2025-08-01
7930,BOTSWANA,8787096,2025-08-01
7940,ZAMBIA,64720925,2025-08-01
7950,ESWATINI,1289765,2025-08-01
7960,ZIMBABWE,1390927,2025-08-01
7970,MALAWI,2833540,2025-08-01
7990,LESOTHO,12390392,2025-08-01
7XXX,AFRICA,3614178544,2025-08-01
-,TOTAL FOR ALL COUNTRIES,275643342632,2025-09-01
0003,EUROPEAN UNION,55397489243,2025-09-01
0014,PACIFIC RIM COUNTRIES,74225254298,2025-09-01
0017,CAFTA-DR,3373086615,2025-09-01
0020,USMCA (NAFTA),76483732928,2025-09-01
0021,TWENTY LATIN AMERICAN REPUBLICS,56274414729,2025-09-01
0022,OECD,170969710051,2025-09-01
0023,NATO,73202094992,2025-09-01
0024,LAFTA,52786532296,2025-09-01
0025,EURO AREA,50274512171,2025-09-01
0026,APEC,179016140194,2025-09-01
0027,ASEAN,40627615496,2025-09-01
0028,CACM,2728765470,2025-09-01
1010,GREENLAND,3927619,2025-09-01
1220,CANADA,31905339352,2025-09-01
1610,ST PIERRE AND MIQUELON,0,2025-09-01
1XXX,NORTH AMERICA,76487660547,2025-09-01
2010,MEXICO,44578393576,2025-09-01
2050,GUATEMALA,385296961,2025-09-01
2080,BELIZE,4297921,2025-09-01
2110,EL SALVADOR,216041426,2025-09-01
2150,HONDURAS,421854125,2025-09-01
2190,NICARAGUA,457855011,2025-09-01
2230,COSTA RICA,1247717947,2025-09-01
2250,PANAMA,62862132,2025-09-01
2320,BERMUDA,1035749,2025-09-01
2360,BAHAMAS,217494803,2025-09-01
2390,CUBA,176031,2025-09-01
2410,JAMAICA,24362246,2025-09-01
2430,TURKS AND CAICOS ISLANDS,516677,2025-09-01
2440,CAYMAN ISLANDS,3279851,2025-09-01
2450,HAITI,51757655,2025-09-01
2470,DOMINICAN REPUBLIC,644321145,2025-09-01
2481,ANGUILLA,2811,2025-09-01
2482,BRITISH VIRGIN ISLANDS,663858,2025-09-01
2483,ST KITTS AND NEVIS,1165543,2025-09-01
2484,ANTIGUA AND BARBUDA,278518,2025-09-01
2488,ST VINCENT AND THE GRENADINES,821029,2025-09-01
2485,MONTSERRAT,32155,2025-09-01
2486,DOMINICA,136622,2025-09-01
2487,ST LUCIA,702955,2025-09-01
2489,GRENADA,934212,2025-09-01
2720,BARBADOS,4336144,2025-09-01
2740,TRINIDAD AND TOBAGO,203717489,2025-09-01
2774,SINT MAARTEN,5331567,2025-09-01
2777,CURACAO,9979700,2025-09-01
2779,ARUBA,536987,2025-09-01
2831,GUADELOUPE,1986077,2025-09-01
2839,MARTINIQUE,897228,2025-09-01
2XXX,CENTRAL AMERICA,3970392575,2025-09-01
3010,COLOMBIA,1388046576,2025-09-01
3070,VENEZUELA,151775455,2025-09-01
3120,GUYANA,245299932,2025-09-01
3150,SURINAME,6095245,2025-09-01
3170,FRENCH GUIANA,1160,2025-09-01
3310,ECUADOR,755272658,2025-09-01
3330,PERU,856470318,2025-09-01
3350,BOLIVIA,63214268,2025-09-01
3370,CHILE,1192052586,2025-09-01
3510,BRAZIL,2899295422,2025-09-01
3530,PARAGUAY,25602929,2025-09-01
3550,URUGUAY,117831232,2025-09-01
3570,ARGENTINA,758577276,2025-09-01
3720,FALKLAND ISLANDS (ISLAS MALVINAS),163,2025-09-01
3XXX,SOUTH AMERICA,8459535220,2025-09-01
4000,ICELAND,63929279,2025-09-01
4010,SWEDEN,1162314521,2025-09-01
4091,FAROE ISLANDS,24161452,2025-09-01
4031,"SVALBARD, JAN MAYEN ISLAND",0,2025-09-01
4039,NORWAY,475114190,2025-09-01
4050,FINLAND,420473434,2025-09-01
4099,DENMARK,823576891,2025-09-01
4120,UNITED KINGDOM,5116029081,2025-09-01
4190,IRELAND,19941957509,2025-09-01
4210,NETHERLANDS,1805857171,2025-09-01
4231,BELGIUM,2010989266,2025-09-01
4239,LUXEMBOURG,49334552,2025-09-01
4271,ANDORRA,131199,2025-09-01
4272,MONACO,2877752,2025-09-01
4279,FRANCE,4666513984,2025-09-01
4280,GERMANY,11742210952,2025-09-01
4330,AUSTRIA,1223257630,2025-09-01
4351,CZECH REPUBLIC,599660728,2025-09-01
4359,SLOVAKIA,466932249,2025-09-01
4370,HUNGARY,940665615,2025-09-01
4411,LIECHTENSTEIN,20773868,2025-09-01
4419,SWITZERLAND,4141115529,2025-09-01
4470,ESTONIA,76142003,2025-09-01
4490,LATVIA,39772045,2025-09-01
4510,LITHUANIA,136113503,2025-09-01
4550,POLAND,1130826006,2025-09-01
4621,RUSSIA,157871666,2025-09-01
4622,BELARUS,1281405,2025-09-01
4623,UKRAINE,120358190,2025-09-01
4631,ARMENIA,3934791,2025-09-01
4635,KYRGYZSTAN,3449664,2025-09-01
4632,AZERBAIJAN,6562701,2025-09-01
4633,GEORGIA,15682506,2025-09-01
4634,KAZAKHSTAN,290828034,2025-09-01
4641,MOLDOVA,7759988,2025-09-01
4642,TAJIKISTAN,201,2025-09-01
4643,TURKMENISTAN,3138855,2025-09-01
4644,UZBEKISTAN,6803701,2025-09-01
4700,SPAIN,1483357497,2025-09-01
4710,PORTUGAL,423277368,2025-09-01
4720,GIBRALTAR,770,2025-09-01
4730,MALTA,17930933,2025-09-01
4751,SAN MARINO,2562633,2025-09-01
4752,VATICAN CITY,1317,2025-09-01
4759,ITALY,5177553637,2025-09-01
4791,CROATIA,49893429,2025-09-01
4792,SLOVENIA,375721390,2025-09-01
4793,BOSNIA AND HERZEGOVINA,23412483,2025-09-01
4794,MACEDONIA,24197843,2025-09-01
4801,SERBIA,83699947,2025-09-01
4803,KOSOVO,1046042,2025-09-01
4804,MONTENEGRO,2898632,2025-09-01
4810,ALBANIA,5327706,2025-09-01
4840,GREECE,163714118,2025-09-01
4850,ROMANIA,348530350,2025-09-01
4870,BULGARIA,117402961,2025-09-01
4890,TURKEY,1398425239,2025-09-01
4910,CYPRUS,3509501,2025-09-01
4XXX,EUROPE,67400865907,2025-09-01
5020,SYRIA,273909,2025-09-01
5081,ISRAEL,1524320376,2025-09-01
5040,LEBANON,26590514,2025-09-01
5050,IRAQ,359044891,2025-09-01
5070,IRAN,123040,2025-09-01
5082,GAZA STRIP ADMINISTERED BY ISRAEL,0,2025-09-01
5083,WEST BANK ADMINISTERED BY ISRAEL,241670,2025-09-01
5110,JORDAN,337998217,2025-09-01
5130,KUWAIT,225097083,2025-09-01
5170,SAUDI ARABIA,750676218,2025-09-01
5180,QATAR,112202382,2025-09-01
5200,UNITED ARAB EMIRATES,742142281,2025-09-01
5210,YEMEN,521311,2025-09-01
5230,OMAN,113547550,2025-09-01
5250,BAHRAIN,100832971,2025-09-01
5310,AFGHANISTAN,1738897,2025-09-01
5330,INDIA,7431130470,2025-09-01
5350,PAKISTAN,528604116,2025-09-01
5360,NEPAL,10593654,2025-09-01
5380,BANGLADESH,908271811,2025-09-01
5420,SRI LANKA,287014633,2025-09-01
5460,BURMA,86199689,2025-09-01
5490,THAILAND,8476487034,2025-09-01
5520,VIETNAM,17642058744,2025-09-01
5530,LAOS,134989860,2025-09-01
5550,CAMBODIA,1784147864,2025-09-01
5570,MALAYSIA,4910690836,2025-09-01
5590,SINGAPORE,2712924585,2025-09-01
5600,INDONESIA,3056096353,2025-09-01
5660,MACAU,17787380,2025-09-01
5601,TIMOR-LESTE,2571564,2025-09-01
5610,BRUNEI,3228203,2025-09-01
5650,PHILIPPINES,1820792328,2025-09-01
5682,BHUTAN,353654,2025-09-01
5683,MALDIVES,636739,2025-09-01
5700,CHINA,23414653023,2025-09-01
5740,MONGOLIA,5246801,2025-09-01
5790,"KOREA, NORTH",0,2025-09-01
5800,"KOREA, SOUTH",9753464822,2025-09-01
5820,HONG KONG,207828604,2025-09-01
5830,TAIWAN,14991279886,2025-09-01
5880,JAPAN,10572933251,2025-09-01
5XXX,ASIA,113055337214,2025-09-01
6021,AUSTRALIA,2267610492,2025-09-01
6022,NORFOLK ISLAND,0,2025-09-01
6023,COCOS (KEELING) ISLANDS,0,2025-09-01
6024,CHRISTMAS ISLAND,9389,2025-09-01
6029,HEARD AND MCDONALD ISLANDS,32,2025-09-01
6040,PAPUA NEW GUINEA,10968849,2025-09-01
6141,NEW ZEALAND,484995686,2025-09-01
6142,COOK ISLANDS,9891,2025-09-01
6143,TOKELAU,10811,2025-09-01
6144,NIUE,5292,2025-09-01
6150,SAMOA,570178,2025-09-01
6223,SOLOMON ISLANDS,63700,2025-09-01
6224,VANUATU,2428553,2025-09-01
6225,PITCAIRN ISLANDS,54,2025-09-01
6226,KIRIBATI,93437,2025-09-01
6227,TUVALU,413,2025-09-01
6412,NEW CALEDONIA,4206133,2025-09-01
6413,WALLIS AND FUTUNA,3164,2025-09-01
6414,FRENCH POLYNESIA,1991565,2025-09-01
6810,MARSHALL ISLANDS,1439326,2025-09-01
6863,FIJI,20133052,2025-09-01
6820,MICRONESIA,21666,2025-09-01
6830,PALAU,39071,2025-09-01
6862,NAURU,2565,2025-09-01
6864,TONGA,63137,2025-09-01
6XXX,AUSTRALIA AND OCEANIA,2794666456,2025-09-01
7140,MOROCCO,154573018,2025-09-01
7210,ALGERIA,267111040,2025-09-01
7230,TUNISIA,103193734,2025-09-01
7250,LIBYA,130318809,2025-09-01
7290,EGYPT,253118079,2025-09-01
7321,SUDAN,2014050,2025-09-01
7323,SOUTH SUDAN,4179,2025-09-01
7380,EQUATORIAL GUINEA,12291777,2025-09-01
7410,MAURITANIA,41425,2025-09-01
7420,CAMEROON,15964752,2025-09-01
7440,SENEGAL,14657696,2025-09-01
7450,MALI,553271,2025-09-01
7460,GUINEA,281057,2025-09-01
7470,SIERRA LEONE,1152019,2025-09-01
7480,COTE D'IVOIRE,104607480,2025-09-01
7490,GHANA,68563182,2025-09-01
7500,GAMBIA,58172,2025-09-01
7510,NIGER,122098,2025-09-01
7520,TOGO,7050139,2025-09-01
7530,NIGERIA,540261614,2025-09-01
7540,CENTRAL AFRICAN REPUBLIC,42044,2025-09-01
7550,GABON,119716472,2025-09-01
7560,CHAD,569083,2025-09-01
7580,ST HELENA,8,2025-09-01
7600,BURKINA FASO,926281,2025-09-01
7610,BENIN,1562910,2025-09-01
7643,CABO VERDE,116115,2025-09-01
7620,ANGOLA,78872810,2025-09-01
7630,CONGO,7623279,2025-09-01
7642,GUINEA-BISSAU,25,2025-09-01
7644,SAO TOME AND PRINCIPE,1395,2025-09-01
7650,LIBERIA,3546986,2025-09-01
7660,DEMOCRATIC REPUBLIC OF THE CONGO,86891896,2025-09-01
7670,BURUNDI,403871,2025-09-01
7690,RWANDA,4167761,2025-09-01
7700,SOMALIA,84691,2025-09-01
7741,ERITREA,1457,2025-09-01
7749,ETHIOPIA,112475800,2025-09-01
7770,DJIBOUTI,1643656,2025-09-01
7780,UGANDA,14365468,2025-09-01
7790,KENYA,93861410,2025-09-01
7800,SEYCHELLES,225872,2025-09-01
7810,BRITISH INDIAN OCEAN TERRITORIES,0,2025-09-01
7830,TANZANIA,12307330,2025-09-01
7850,MAURITIUS,16009770,2025-09-01
7870,MOZAMBIQUE,3752198,2025-09-01
7880,MADAGASCAR,76816941,2025-09-01
7881,MAYOTTE,0,2025-09-01
7890,COMOROS,47,2025-09-01
7904,REUNION,2107720,2025-09-01
7905,FRENCH SOUTHERN AND ANTARCTIC LANDS,0,2025-09-01
7910,SOUTH AFRICA,1088299532,2025-09-01
7920,NAMIBIA,13306440,2025-09-01
7930,BOTSWANA,12986162,2025-09-01
7940,ZAMBIA,22250532,2025-09-01
7950,ESWATINI,2021692,2025-09-01
7960,ZIMBABWE,2691311,2025-09-01
7970,MALAWI,2654801,2025-09-01
7990,LESOTHO,16643356,2025-09-01
7XXX,AFRICA,3474884713,2025-09-01
-,TOTAL FOR ALL COUNTRIES,274189696754,2025-10-01
0003,EUROPEAN UNION,44195689843,2025-10-01
0014,PACIFIC RIM COUNTRIES,81286519915,2025-10-01
0017,CAFTA-DR,3104802014,2025-10-01
0020,USMCA (NAFTA),79644713784,2025-10-01
0021,TWENTY LATIN AMERICAN REPUBLICS,60218648691,2025-10-01
0022,OECD,163052895636,2025-10-01
0023,NATO,75787816883,2025-10-01
0024,LAFTA,57007049979,2025-10-01
0025,EURO AREA,39053562447,2025-10-01
0026,APEC,190655543977,2025-10-01
0027,ASEAN,40132786309,2025-10-01
0028,CACM,2479506570,2025-10-01
1010,GREENLAND,1580671,2025-10-01
1220,CANADA,31120512749,2025-10-01
1610,ST PIERRE AND MIQUELON,34,2025-10-01
1XXX,NORTH AMERICA,79646294489,2025-10-01
2010,MEXICO,48524201035,2025-10-01
2050,GUATEMALA,349474824,2025-10-01
2080,BELIZE,4785452,2025-10-01
2110,EL SALVADOR,194970512,2025-10-01
2150,HONDURAS,404058809,2025-10-01
2190,NICARAGUA,417725839,2025-10-01
2230,COSTA RICA,1113276586,2025-10-01
2250,PANAMA,59622511,2025-10-01
2320,BERMUDA,837364,2025-10-01
2360,BAHAMAS,214308980,2025-10-01
2390,CUBA,12738250,2025-10-01
2410,JAMAICA,26499647,2025-10-01
2430,TURKS AND CAICOS ISLANDS,1155396,2025-10-01
2440,CAYMAN ISLANDS,2545807,2025-10-01
2450,HAITI,34435937,2025-10-01
2470,DOMINICAN REPUBLIC,625295444,2025-10-01
2481,ANGUILLA,2018,2025-10-01
2482,BRITISH VIRGIN ISLANDS,565669,2025-10-01
2483,ST KITTS AND NEVIS,1425063,2025-10-01
2487,ST LUCIA,6300717,2025-10-01
2484,ANTIGUA AND BARBUDA,214567,2025-10-01
2485,MONTSERRAT,37907,2025-10-01
2486,DOMINICA,194460,2025-10-01
2488,ST VINCENT AND THE GRENADINES,771302,2025-10-01
2489,GRENADA,1054617,2025-10-01
2720,BARBADOS,3949024,2025-10-01
2740,TRINIDAD AND TOBAGO,228252900,2025-10-01
2774,SINT MAARTEN,6179943,2025-10-01
2777,CURACAO,3791766,2025-10-01
2779,ARUBA,626329,2025-10-01
2831,GUADELOUPE,259090,2025-10-01
2839,MARTINIQUE,3119035,2025-10-01
2XXX,CENTRAL AMERICA,3718475765,2025-10-01
3010,COLOMBIA,1283018636,2025-10-01
3070,VENEZUELA,287907019,2025-10-01
3120,GUYANA,455170004,2025-10-01
3150,SURINAME,7641098,2025-10-01
3170,FRENCH GUIANA,374742,2025-10-01
3310,ECUADOR,620927538,2025-10-01
3330,PERU,1047832212,2025-10-01
3350,BOLIVIA,36874137,2025-10-01
3370,CHILE,1413749093,2025-10-01
3510,BRAZIL,2743679946,2025-10-01
3530,PARAGUAY,45584347,2025-10-01
3550,URUGUAY,133407119,2025-10-01
3570,ARGENTINA,869868897,2025-10-01
3720,FALKLAND ISLANDS (ISLAS MALVINAS),3177,2025-10-01
3XXX,SOUTH AMERICA,8946037965,2025-10-01
4000,ICELAND,68763895,2025-10-01
4050,FINLAND,744589903,2025-10-01
4010,SWEDEN,1242548397,2025-10-01
4031,"SVALBARD, JAN MAYEN ISLAND",1,2025-10-01
4039,NORWAY,429058947,2025-10-01
4091,FAROE ISLANDS,25576258,2025-10-01
4099,DENMARK,818477266,2025-10-01
4120,UNITED KINGDOM,5030358618,2025-10-01
4190,IRELAND,4966670874,2025-10-01
4210,NETHERLANDS,2452338417,2025-10-01
4231,BELGIUM,2394469905,2025-10-01
4239,LUXEMBOURG,60945562,2025-10-01
4271,ANDORRA,360803,2025-10-01
4272,MONACO,1663601,2025-10-01
4279,FRANCE,5997212511,2025-10-01
4280,GERMANY,12083483880,2025-10-01
4330,AUSTRIA,1443806338,2025-10-01
4351,CZECH REPUBLIC,629776254,2025-10-01
4359,SLOVAKIA,456870484,2025-10-01
4370,HUNGARY,956543466,2025-10-01
4411,LIECHTENSTEIN,18940336,2025-10-01
4419,SWITZERLAND,3849466561,2025-10-01
4470,ESTONIA,77789542,2025-10-01
4490,LATVIA,38104506,2025-10-01
4510,LITHUANIA,120368235,2025-10-01
4550,POLAND,1068303045,2025-10-01
4621,RUSSIA,227951733,2025-10-01
4622,BELARUS,1573071,2025-10-01
4623,UKRAINE,121431540,2025-10-01
4634,KAZAKHSTAN,107771664,2025-10-01
4631,ARMENIA,3660008,2025-10-01
4632,AZERBAIJAN,4888628,2025-10-01
4633,GEORGIA,4949584,2025-10-01
4635,KYRGYZSTAN,3807301,2025-10-01
4641,MOLDOVA,9654508,2025-10-01
4642,TAJIKISTAN,38127,2025-10-01
4643,TURKMENISTAN,30841,2025-10-01
4644,UZBEKISTAN,4378647,2025-10-01
4700,SPAIN,1651188316,2025-10-01
4710,PORTUGAL,366817264,2025-10-01
4720,GIBRALTAR,11991,2025-10-01
4730,MALTA,22372897,2025-10-01
4751,SAN MARINO,3236470,2025-10-01
4752,VATICAN CITY,2161,2025-10-01
4759,ITALY,5672804752,2025-10-01
4791,CROATIA,95310211,2025-10-01
4792,SLOVENIA,183034489,2025-10-01
4793,BOSNIA AND HERZEGOVINA,12782840,2025-10-01
4794,MACEDONIA,22207899,2025-10-01
4801,SERBIA,81799930,2025-10-01
4803,KOSOVO,500240,2025-10-01
4804,MONTENEGRO,595306,2025-10-01
4810,ALBANIA,7710236,2025-10-01
4840,GREECE,220740180,2025-10-01
4850,ROMANIA,313846764,2025-10-01
4870,BULGARIA,112632204,2025-10-01
4890,TURKEY,1350413680,2025-10-01
4910,CYPRUS,4644181,2025-10-01
4XXX,EUROPE,55589275268,2025-10-01
5070,IRAN,200000,2025-10-01
5020,SYRIA,239931,2025-10-01
5040,LEBANON,12488652,2025-10-01
5050,IRAQ,380025021,2025-10-01
5081,ISRAEL,1867033763,2025-10-01
5082,GAZA STRIP ADMINISTERED BY ISRAEL,7,2025-10-01
5083,WEST BANK ADMINISTERED BY ISRAEL,340561,2025-10-01
5110,JORDAN,249019352,2025-10-01
5130,KUWAIT,68358877,2025-10-01
5170,SAUDI ARABIA,978635225,2025-10-01
5180,QATAR,88944719,2025-10-01
5200,UNITED ARAB EMIRATES,729013945,2025-10-01
5210,YEMEN,535854,2025-10-01
5230,OMAN,71933506,2025-10-01
5250,BAHRAIN,95676265,2025-10-01
5310,AFGHANISTAN,1650847,2025-10-01
5330,INDIA,7430696971,2025-10-01
5350,PAKISTAN,481560815,2025-10-01
5360,NEPAL,11548772,2025-10-01
5380,BANGLADESH,764225792,2025-10-01
5420,SRI LANKA,260595758,2025-10-01
5460,BURMA,62990892,2025-10-01
5490,THAILAND,9249960379,2025-10-01
5520,VIETNAM,17802274813,2025-10-01
5530,LAOS,76491540,2025-10-01
5550,CAMBODIA,1386626847,2025-10-01
5570,MALAYSIA,4823969694,2025-10-01
5590,SINGAPORE,2201651229,2025-10-01
5650,PHILIPPINES,1610366644,2025-10-01
5600,INDONESIA,2885154278,2025-10-01
5601,TIMOR-LESTE,3137361,2025-10-01
5610,BRUNEI,33299993,2025-10-01
5660,MACAU,17457952,2025-10-01
5682,BHUTAN,31644,2025-10-01
5683,MALDIVES,369051,2025-10-01
5700,CHINA,23887245543,2025-10-01
5740,MONGOLIA,9100666,2025-10-01
5790,"KOREA, NORTH",0,2025-10-01
5800,"KOREA, SOUTH",9100727030,2025-10-01
5820,HONG KONG,211942590,2025-10-01
5830,TAIWAN,22252665135,2025-10-01
5880,JAPAN,11993566277,2025-10-01
5XXX,ASIA,121101754191,2025-10-01
6021,AUSTRALIA,1866134656,2025-10-01
6022,NORFOLK ISLAND,0,2025-10-01
6023,COCOS (KEELING) ISLANDS,98,2025-10-01
6024,CHRISTMAS ISLAND,3228,2025-10-01
6029,HEARD AND MCDONALD ISLANDS,0,2025-10-01
6040,PAPUA NEW GUINEA,6608370,2025-10-01
6141,NEW ZEALAND,395730524,2025-10-01
6142,COOK ISLANDS,6066,2025-10-01
6143,TOKELAU,7139,2025-10-01
6144,NIUE,3461,2025-10-01
6150,SAMOA,725412,2025-10-01
6223,SOLOMON ISLANDS,70167,2025-10-01
6224,VANUATU,1980799,2025-10-01
6225,PITCAIRN ISLANDS,12,2025-10-01
6226,KIRIBATI,92910,2025-10-01
6227,TUVALU,71,2025-10-01
6412,NEW CALEDONIA,4591445,2025-10-01
6413,WALLIS AND FUTUNA,0,2025-10-01
6414,FRENCH POLYNESIA,2175970,2025-10-01
6862,NAURU,2900,2025-10-01
6810,MARSHALL ISLANDS,2665017,2025-10-01
6820,MICRONESIA,12882,2025-10-01
6830,PALAU,34947,2025-10-01
6863,FIJI,14085903,2025-10-01
6864,TONGA,202326,2025-10-01
6XXX,AUSTRALIA AND OCEANIA,2295134303,2025-10-01
7140,MOROCCO,168211122,2025-10-01
7210,ALGERIA,105283057,2025-10-01
7230,TUNISIA,56539728,2025-10-01
7250,LIBYA,121017257,2025-10-01
7290,EGYPT,215381554,2025-10-01
7321,SUDAN,130008,2025-10-01
7323,SOUTH SUDAN,2003715,2025-10-01
7380,EQUATORIAL GUINEA,7361736,2025-10-01
7410,MAURITANIA,40706,2025-10-01
7420,CAMEROON,22309639,2025-10-01
7440,SENEGAL,5646541,2025-10-01
7450,MALI,813428,2025-10-01
7460,GUINEA,1301725,2025-10-01
7470,SIERRA LEONE,14676968,2025-10-01
7480,COTE D'IVOIRE,95746006,2025-10-01
7490,GHANA,36933727,2025-10-01
7500,GAMBIA,18591,2025-10-01
7510,NIGER,902247,2025-10-01
7520,TOGO,6919808,2025-10-01
7530,NIGERIA,369356458,2025-10-01
7540,CENTRAL AFRICAN REPUBLIC,146,2025-10-01
7550,GABON,76710012,2025-10-01
7560,CHAD,2366696,2025-10-01
7580,ST HELENA,2009,2025-10-01
7600,BURKINA FASO,699406,2025-10-01
7642,GUINEA-BISSAU,212,2025-10-01
7610,BENIN,2279429,2025-10-01
7620,ANGOLA,49912002,2025-10-01
7630,CONGO,2443268,2025-10-01
7643,CABO VERDE,589755,2025-10-01
7644,SAO TOME AND PRINCIPE,3027,2025-10-01
7650,LIBERIA,9435840,2025-10-01
7660,DEMOCRATIC REPUBLIC OF THE CONGO,12333548,2025-10-01
7670,BURUNDI,161256,2025-10-01
7690,RWANDA,4022119,2025-10-01
7700,SOMALIA,61163,2025-10-01
7741,ERITREA,3576,2025-10-01
7749,ETHIOPIA,145184154,2025-10-01
7770,DJIBOUTI,7505941,2025-10-01
7780,UGANDA,16695030,2025-10-01
7790,KENYA,67966579,2025-10-01
7800,SEYCHELLES,700277,2025-10-01
7810,BRITISH INDIAN OCEAN TERRITORIES,0,2025-10-01
7830,TANZANIA,11818326,2025-10-01
7850,MAURITIUS,19302292,2025-10-01
7870,MOZAMBIQUE,21794855,2025-10-01
7880,MADAGASCAR,44423219,2025-10-01
7881,MAYOTTE,103,2025-10-01
7890,COMOROS,163,2025-10-01
7904,REUNION,7054883,2025-10-01
7905,FRENCH SOUTHERN AND ANTARCTIC LANDS,0,2025-10-01
7910,SOUTH AFRICA,1090970406,2025-10-01
7920,NAMIBIA,37370532,2025-10-01
7930,BOTSWANA,9720713,2025-10-01
7940,ZAMBIA,3805101,2025-10-01
7950,ESWATINI,1140815,2025-10-01
7960,ZIMBABWE,2561320,2025-10-01
7970,MALAWI,3299841,2025-10-01
7XXX,AFRICA,2892724773,2025-10-01
7990,LESOTHO,9792738,2025-10-01
-,TOTAL FOR ALL COUNTRIES,262570928048,2025-11-01
0003,EUROPEAN UNION,47338782530,2025-11-01
0014,PACIFIC RIM COUNTRIES,77735208193,2025-11-01
0017,CAFTA-DR,3011097046,2025-11-01
0020,USMCA (NAFTA),72875887943,2025-11-01
0021,TWENTY LATIN AMERICAN REPUBLICS,55024893931,2025-11-01
0022,OECD,157130816129,2025-11-01
0023,NATO,74991671396,2025-11-01
0024,LAFTA,51930419209,2025-11-01
0025,EURO AREA,42211653768,2025-11-01
0026,APEC,178907610618,2025-11-01
0027,ASEAN,41545519699,2025-11-01
0028,CACM,2439119210,2025-11-01
1010,GREENLAND,4124430,2025-11-01
1220,CANADA,28360209355,2025-11-01
1610,ST PIERRE AND MIQUELON,0,2025-11-01
1XXX,NORTH AMERICA,72880012373,2025-11-01
2010,MEXICO,44515678588,2025-11-01
2050,GUATEMALA,321521160,2025-11-01
2080,BELIZE,1986248,2025-11-01
2110,EL SALVADOR,148874315,2025-11-01
2150,HONDURAS,410300828,2025-11-01
2190,NICARAGUA,394343579,2025-11-01
2230,COSTA RICA,1164079328,2025-11-01
2250,PANAMA,45007485,2025-11-01
2320,BERMUDA,2387266,2025-11-01
2360,BAHAMAS,295667384,2025-11-01
2390,CUBA,40000,2025-11-01
2410,JAMAICA,33223948,2025-11-01
2430,TURKS AND CAICOS ISLANDS,610992,2025-11-01
2440,CAYMAN ISLANDS,3821717,2025-11-01
2450,HAITI,38330191,2025-11-01
2470,DOMINICAN REPUBLIC,571977836,2025-11-01
2481,ANGUILLA,21695,2025-11-01
2482,BRITISH VIRGIN ISLANDS,361555,2025-11-01
2483,ST KITTS AND NEVIS,1503504,2025-11-01
2487,ST LUCIA,523372,2025-11-01
2484,ANTIGUA AND BARBUDA,1759315,2025-11-01
2485,MONTSERRAT,1509,2025-11-01
2486,DOMINICA,182006,2025-11-01
2488,ST VINCENT AND THE GRENADINES,630330,2025-11-01
2489,GRENADA,939736,2025-11-01
2720,BARBADOS,3415722,2025-11-01
2740,TRINIDAD AND TOBAGO,119252963,2025-11-01
2774,SINT MAARTEN,23496703,2025-11-01
2777,CURACAO,3717094,2025-11-01
2779,ARUBA,722019,2025-11-01
2831,GUADELOUPE,67799,2025-11-01
2839,MARTINIQUE,58137,2025-11-01
2XXX,CENTRAL AMERICA,3588825736,2025-11-01
3010,COLOMBIA,1304314493,2025-11-01
3070,VENEZUELA,300667193,2025-11-01
3120,GUYANA,381539232,2025-11-01
3150,SURINAME,5767129,2025-11-01
3170,FRENCH GUIANA,394457,2025-11-01
3310,ECUADOR,642476664,2025-11-01
3330,PERU,952445931,2025-11-01
3350,BOLIVIA,71275543,2025-11-01
3370,CHILE,936016772,2025-11-01
3510,BRAZIL,2208554198,2025-11-01
3530,PARAGUAY,60827847,2025-11-01
3550,URUGUAY,78126551,2025-11-01
3570,ARGENTINA,860035429,2025-11-01
3720,FALKLAND ISLANDS (ISLAS MALVINAS),1410,2025-11-01
3XXX,SOUTH AMERICA,7802442849,2025-11-01
4000,ICELAND,50816469,2025-11-01
4050,FINLAND,690437059,2025-11-01
4010,SWEDEN,1275243804,2025-11-01
4031,"SVALBARD, JAN MAYEN ISLAND",0,2025-11-01
4039,NORWAY,512971886,2025-11-01
4091,FAROE ISLANDS,23608725,2025-11-01
4099,DENMARK,983007200,2025-11-01
4120,UNITED KINGDOM,4830138644,2025-11-01
4190,IRELAND,4745295485,2025-11-01
4210,NETHERLANDS,2551673455,2025-11-01
4231,BELGIUM,1846098123,2025-11-01
4239,LUXEMBOURG,81697051,2025-11-01
4271,ANDORRA,837882,2025-11-01
4272,MONACO,3081999,2025-11-01
4279,FRANCE,6842293457,2025-11-01
4280,GERMANY,13486676491,2025-11-01
4330,AUSTRIA,2682245647,2025-11-01
4351,CZECH REPUBLIC,587949484,2025-11-01
4359,SLOVAKIA,454312374,2025-11-01
4370,HUNGARY,698986338,2025-11-01
4411,LIECHTENSTEIN,19894835,2025-11-01
4419,SWITZERLAND,3485922627,2025-11-01
4470,ESTONIA,85170471,2025-11-01
4490,LATVIA,61513857,2025-11-01
4510,LITHUANIA,140208668,2025-11-01
4550,POLAND,1146603255,2025-11-01
4621,RUSSIA,190426518,2025-11-01
4622,BELARUS,2435897,2025-11-01
4623,UKRAINE,99931668,2025-11-01
4634,KAZAKHSTAN,34843347,2025-11-01
4631,ARMENIA,5268615,2025-11-01
4632,AZERBAIJAN,2963205,2025-11-01
4633,GEORGIA,5148377,2025-11-01
4635,KYRGYZSTAN,1571152,2025-11-01
4641,MOLDOVA,6514263,2025-11-01
4642,TAJIKISTAN,3412,2025-11-01
4643,TURKMENISTAN,882557,2025-11-01
4644,UZBEKISTAN,2195105,2025-11-01
4700,SPAIN,1427545329,2025-11-01
4710,PORTUGAL,383281703,2025-11-01
4720,GIBRALTAR,645,2025-11-01
4730,MALTA,10064003,2025-11-01
4751,SAN MARINO,2754161,2025-11-01
4752,VATICAN CITY,432,2025-11-01
4759,ITALY,6328797053,2025-11-01
4791,CROATIA,67606834,2025-11-01
4792,SLOVENIA,115317160,2025-11-01
4793,BOSNIA AND HERZEGOVINA,7773800,2025-11-01
4794,MACEDONIA,29138583,2025-11-01
4801,SERBIA,58732630,2025-11-01
4803,KOSOVO,923999,2025-11-01
4804,MONTENEGRO,399455,2025-11-01
4810,ALBANIA,29065898,2025-11-01
4840,GREECE,205920744,2025-11-01
4850,ROMANIA,323416580,2025-11-01
4870,BULGARIA,111922101,2025-11-01
4890,TURKEY,1283252515,2025-11-01
4910,CYPRUS,5498804,2025-11-01
4XXX,EUROPE,58030281831,2025-11-01
5070,IRAN,8335,2025-11-01
5020,SYRIA,72420,2025-11-01
5040,LEBANON,16001751,2025-11-01
5050,IRAQ,534288496,2025-11-01
5081,ISRAEL,1577285124,2025-11-01
5082,GAZA STRIP ADMINISTERED BY ISRAEL,251,2025-11-01
5083,WEST BANK ADMINISTERED BY ISRAEL,722958,2025-11-01
5110,JORDAN,219002509,2025-11-01
5130,KUWAIT,55034103,2025-11-01
5170,SAUDI ARABIA,767817167,2025-11-01
5180,QATAR,80281734,2025-11-01
5200,UNITED ARAB EMIRATES,568914881,2025-11-01
5210,YEMEN,175989,2025-11-01
5230,OMAN,77855547,2025-11-01
5250,BAHRAIN,124896486,2025-11-01
5310,AFGHANISTAN,4249641,2025-11-01
5330,INDIA,7236779638,2025-11-01
5350,PAKISTAN,440408864,2025-11-01
5360,NEPAL,9355290,2025-11-01
5380,BANGLADESH,629695394,2025-11-01
5420,SRI LANKA,229651982,2025-11-01
5460,BURMA,65316427,2025-11-01
5490,THAILAND,9046241788,2025-11-01
5520,VIETNAM,17186677889,2025-11-01
5530,LAOS,80855183,2025-11-01
5550,CAMBODIA,1203559426,2025-11-01
5570,MALAYSIA,5037237224,2025-11-01
5590,SINGAPORE,4233389314,2025-11-01
5650,PHILIPPINES,1786415884,2025-11-01
5600,INDONESIA,2903396932,2025-11-01
5601,TIMOR-LESTE,2696982,2025-11-01
5610,BRUNEI,2429632,2025-11-01
5660,MACAU,15294416,2025-11-01
5682,BHUTAN,632509,2025-11-01
5683,MALDIVES,560849,2025-11-01
5700,CHINA,20950707190,2025-11-01
5740,MONGOLIA,2814091,2025-11-01
5790,"KOREA, NORTH",0,2025-11-01
5800,"KOREA, SOUTH",8728187403,2025-11-01
5820,HONG KONG,251768947,2025-11-01
5830,TAIWAN,20258814536,2025-11-01
5880,JAPAN,11815332930,2025-11-01
5XXX,ASIA,116144828112,2025-11-01
6021,AUSTRALIA,1324485274,2025-11-01
6022,NORFOLK ISLAND,108,2025-11-01
6023,COCOS (KEELING) ISLANDS,510,2025-11-01
6024,CHRISTMAS ISLAND,2997,2025-11-01
6029,HEARD AND MCDONALD ISLANDS,357,2025-11-01
6040,PAPUA NEW GUINEA,5897998,2025-11-01
6141,NEW ZEALAND,421850513,2025-11-01
6142,COOK ISLANDS,344,2025-11-01
6143,TOKELAU,3808,2025-11-01
6144,NIUE,3707,2025-11-01
6150,SAMOA,13665782,2025-11-01
6223,SOLOMON ISLANDS,327056,2025-11-01
6224,VANUATU,1641548,2025-11-01
6225,PITCAIRN ISLANDS,72,2025-11-01
6226,KIRIBATI,86148,2025-11-01
6227,TUVALU,364,2025-11-01
6412,NEW CALEDONIA,1455191,2025-11-01
6413,WALLIS AND FUTUNA,3,2025-11-01
6414,FRENCH POLYNESIA,21130601,2025-11-01
6862,NAURU,535,2025-11-01
6810,MARSHALL ISLANDS,1355802,2025-11-01
6820,MICRONESIA,8839,2025-11-01
6830,PALAU,44143,2025-11-01
6863,FIJI,14721685,2025-11-01
6864,TONGA,226846,2025-11-01
6XXX,AUSTRALIA AND OCEANIA,1806910231,2025-11-01
7140,MOROCCO,159119086,2025-11-01
7210,ALGERIA,87254105,2025-11-01
7230,TUNISIA,56719844,2025-11-01
7250,LIBYA,75978514,2025-11-01
7290,EGYPT,173073330,2025-11-01
7321,SUDAN,2079081,2025-11-01
7323,SOUTH SUDAN,202000,2025-11-01
7380,EQUATORIAL GUINEA,4042923,2025-11-01
7410,MAURITANIA,9015,2025-11-01
7420,CAMEROON,73101139,2025-11-01
7440,SENEGAL,3314346,2025-11-01
7450,MALI,149602,2025-11-01
7460,GUINEA,2381287,2025-11-01
7470,SIERRA LEONE,705019,2025-11-01
7480,COTE D'IVOIRE,74653830,2025-11-01
7490,GHANA,24723716,2025-11-01
7500,GAMBIA,191892,2025-11-01
7510,NIGER,73179,2025-11-01
7520,TOGO,4456897,2025-11-01
7530,NIGERIA,207638401,2025-11-01
7540,CENTRAL AFRICAN REPUBLIC,3410,2025-11-01
7550,GABON,78539712,2025-11-01
7560,CHAD,2160411,2025-11-01
7580,ST HELENA,854,2025-11-01
7600,BURKINA FASO,1121534,2025-11-01
7642,GUINEA-BISSAU,667,2025-11-01
7610,BENIN,3589232,2025-11-01
7620,ANGOLA,39830462,2025-11-01
7630,CONGO,1712024,2025-11-01
7643,CABO VERDE,7739,2025-11-01
7644,SAO TOME AND PRINCIPE,11817,2025-11-01
7650,LIBERIA,3290157,2025-11-01
7660,DEMOCRATIC REPUBLIC OF THE CONGO,38235184,2025-11-01
7670,BURUNDI,102991,2025-11-01
7690,RWANDA,6114610,2025-11-01
7700,SOMALIA,86762,2025-11-01
7741,ERITREA,2310,2025-11-01
7749,ETHIOPIA,130999502,2025-11-01
7770,DJIBOUTI,1479642,2025-11-01
7780,UGANDA,16115668,2025-11-01
7790,KENYA,67546353,2025-11-01
7800,SEYCHELLES,66682,2025-11-01
7810,BRITISH INDIAN OCEAN TERRITORIES,1028,2025-11-01
7830,TANZANIA,7666808,2025-11-01
7850,MAURITIUS,7938218,2025-11-01
7870,MOZAMBIQUE,17229743,2025-11-01
7880,MADAGASCAR,63796834,2025-11-01
7881,MAYOTTE,2248,2025-11-01
7890,COMOROS,1740,2025-11-01
7904,REUNION,3040139,2025-11-01
7905,FRENCH SOUTHERN AND ANTARCTIC LANDS,500,2025-11-01
7910,SOUTH AFRICA,800008591,2025-11-01
7920,NAMIBIA,6495064,2025-11-01
7930,BOTSWANA,14307140,2025-11-01
7940,ZAMBIA,13896714,2025-11-01
7950,ESWATINI,12624834,2025-11-01
7960,ZIMBABWE,16878921,2025-11-01
7970,MALAWI,3111524,2025-11-01
7XXX,AFRICA,2317626916,2025-11-01
7990,LESOTHO,9741941,2025-11-01
-,TOTAL FOR ALL COUNTRIES,282234896561,2025-12-01
0003,EUROPEAN UNION,47921954891,2025-12-01
0014,PACIFIC RIM COUNTRIES,85451360188,2025-12-01
0017,CAFTA-DR,3226867340,2025-12-01
0020,USMCA (NAFTA),74134548927,2025-12-01
0021,TWENTY LATIN AMERICAN REPUBLICS,55695597956,2025-12-01
0022,OECD,167035770272,2025-12-01
0023,NATO,81925485063,2025-12-01
0024,LAFTA,52329202693,2025-12-01
0025,EURO AREA,42199250297,2025-12-01
0026,APEC,191497588750,2025-12-01
0027,ASEAN,42757233071,2025-12-01
0028,CACM,2591085800,2025-12-01
1010,GREENLAND,4011473,2025-12-01
1220,CANADA,31774227312,2025-12-01
1610,ST PIERRE AND MIQUELON,0,2025-12-01
1XXX,NORTH AMERICA,74138560400,2025-12-01
2010,MEXICO,42360321615,2025-12-01
2050,GUATEMALA,426986800,2025-12-01
2080,BELIZE,2556807,2025-12-01
2110,EL SALVADOR,182169382,2025-12-01
2150,HONDURAS,397391311,2025-12-01
2190,NICARAGUA,392449057,2025-12-01
2230,COSTA RICA,1192089250,2025-12-01
2250,PANAMA,98161111,2025-12-01
2320,BERMUDA,33417345,2025-12-01
2360,BAHAMAS,503140643,2025-12-01
2390,CUBA,122250,2025-12-01
2410,JAMAICA,35849324,2025-12-01
2430,TURKS AND CAICOS ISLANDS,501551,2025-12-01
2440,CAYMAN ISLANDS,3217235,2025-12-01
2450,HAITI,41244562,2025-12-01
2470,DOMINICAN REPUBLIC,635781540,2025-12-01
2481,ANGUILLA,20742,2025-12-01
2482,BRITISH VIRGIN ISLANDS,378603,2025-12-01
2483,ST KITTS AND NEVIS,1921809,2025-12-01
2487,ST LUCIA,354079,2025-12-01
2484,ANTIGUA AND BARBUDA,525970,2025-12-01
2485,MONTSERRAT,2628,2025-12-01
2486,DOMINICA,259359,2025-12-01
2488,ST VINCENT AND THE GRENADINES,677052,2025-12-01
2489,GRENADA,1342387,2025-12-01
2720,BARBADOS,3694560,2025-12-01
2740,TRINIDAD AND TOBAGO,257957508,2025-12-01
2774,SINT MAARTEN,18918986,2025-12-01
2777,CURACAO,3437544,2025-12-01
2779,ARUBA,659035,2025-12-01
2831,GUADELOUPE,70303,2025-12-01
2839,MARTINIQUE,353744,2025-12-01
2XXX,CENTRAL AMERICA,4235652477,2025-12-01
3010,COLOMBIA,1748576366,2025-12-01
3070,VENEZUELA,297506561,2025-12-01
3120,GUYANA,456714345,2025-12-01
3150,SURINAME,5611748,2025-12-01
3170,FRENCH GUIANA,195825,2025-12-01
3310,ECUADOR,738557383,2025-12-01
3330,PERU,1365360584,2025-12-01
3350,BOLIVIA,39578089,2025-12-01
3370,CHILE,1696866412,2025-12-01
3510,BRAZIL,2979597806,2025-12-01
3530,PARAGUAY,107573884,2025-12-01
3550,URUGUAY,166088372,2025-12-01
3570,ARGENTINA,829175621,2025-12-01
3720,FALKLAND ISLANDS (ISLAS MALVINAS),1040,2025-12-01
3XXX,SOUTH AMERICA,10431404036,2025-12-01
4000,ICELAND,47385428,2025-12-01
4050,FINLAND,704780397,2025-12-01
4010,SWEDEN,1551152820,2025-12-01
4031,"SVALBARD, JAN MAYEN ISLAND",13,2025-12-01
4039,NORWAY,498295669,2025-12-01
4091,FAROE ISLANDS,26507152,2025-12-01
4099,DENMARK,1012961473,2025-12-01
4120,UNITED KINGDOM,5586288367,2025-12-01
4190,IRELAND,3829148144,2025-12-01
4210,NETHERLANDS,2796888809,2025-12-01
4231,BELGIUM,1814752551,2025-12-01
4239,LUXEMBOURG,68258052,2025-12-01
4271,ANDORRA,330311,2025-12-01
4272,MONACO,7154951,2025-12-01
4279,FRANCE,6400973999,2025-12-01
4280,GERMANY,15277918435,2025-12-01
4330,AUSTRIA,1487774394,2025-12-01
4351,CZECH REPUBLIC,667933689,2025-12-01
4359,SLOVAKIA,702995593,2025-12-01
4370,HUNGARY,812822363,2025-12-01
4411,LIECHTENSTEIN,21778750,2025-12-01
4419,SWITZERLAND,4724736690,2025-12-01
4470,ESTONIA,83466903,2025-12-01
4490,LATVIA,47255398,2025-12-01
4510,LITHUANIA,127407877,2025-12-01
4550,POLAND,1216418808,2025-12-01
4621,RUSSIA,160213210,2025-12-01
4622,BELARUS,2138044,2025-12-01
4623,UKRAINE,61078072,2025-12-01
4634,KAZAKHSTAN,74920972,2025-12-01
4631,ARMENIA,4918775,2025-12-01
4632,AZERBAIJAN,4930836,2025-12-01
4633,GEORGIA,7047304,2025-12-01
4635,KYRGYZSTAN,2377783,2025-12-01
4641,MOLDOVA,6905938,2025-12-01
4642,TAJIKISTAN,126930,2025-12-01
4643,TURKMENISTAN,471592,2025-12-01
4644,UZBEKISTAN,6200350,2025-12-01
4700,SPAIN,1842629682,2025-12-01
4710,PORTUGAL,465923009,2025-12-01
4720,GIBRALTAR,6667,2025-12-01
4730,MALTA,8893755,2025-12-01
4751,SAN MARINO,4255413,2025-12-01
4752,VATICAN CITY,705,2025-12-01
4759,ITALY,6056398944,2025-12-01
4791,CROATIA,95794925,2025-12-01
4792,SLOVENIA,152134374,2025-12-01
4793,BOSNIA AND HERZEGOVINA,9974986,2025-12-01
4794,MACEDONIA,26714643,2025-12-01
4801,SERBIA,71894558,2025-12-01
4803,KOSOVO,966665,2025-12-01
4804,MONTENEGRO,958185,2025-12-01
4810,ALBANIA,11109727,2025-12-01
4840,GREECE,228103227,2025-12-01
4850,ROMANIA,327121211,2025-12-01
4870,BULGARIA,134294230,2025-12-01
4890,TURKEY,1392118963,2025-12-01
4910,CYPRUS,7751829,2025-12-01
4XXX,EUROPE,60683762540,2025-12-01
5070,IRAN,46169,2025-12-01
5020,SYRIA,1001830,2025-12-01
5040,LEBANON,13293864,2025-12-01
5050,IRAQ,470274153,2025-12-01
5081,ISRAEL,1840688647,2025-12-01
5082,GAZA STRIP ADMINISTERED BY ISRAEL,2161,2025-12-01
5083,WEST BANK ADMINISTERED BY ISRAEL,236772,2025-12-01
5110,JORDAN,217109359,2025-12-01
5130,KUWAIT,82511950,2025-12-01
5170,SAUDI ARABIA,735903001,2025-12-01
5180,QATAR,234286497,2025-12-01
5200,UNITED ARAB EMIRATES,638376563,2025-12-01
5210,YEMEN,636567,2025-12-01
5230,OMAN,84901378,2025-12-01
5250,BAHRAIN,109197244,2025-12-01
5310,AFGHANISTAN,1726848,2025-12-01
5330,INDIA,8360372690,2025-12-01
5350,PAKISTAN,427829873,2025-12-01
5360,NEPAL,11329561,2025-12-01
5380,BANGLADESH,711826948,2025-12-01
5420,SRI LANKA,242122074,2025-12-01
5460,BURMA,49098987,2025-12-01
5490,THAILAND,10166018692,2025-12-01
5520,VIETNAM,18535643088,2025-12-01
5530,LAOS,67940039,2025-12-01
5550,CAMBODIA,1382516006,2025-12-01
5570,MALAYSIA,5732209367,2025-12-01
5590,SINGAPORE,2351330640,2025-12-01
5650,PHILIPPINES,1611979696,2025-12-01
5600,INDONESIA,2850085228,2025-12-01
5601,TIMOR-LESTE,2252035,2025-12-01
5610,BRUNEI,10411328,2025-12-01
5660,MACAU,12422351,2025-12-01
5682,BHUTAN,1593949,2025-12-01
5683,MALDIVES,250598,2025-12-01
5700,CHINA,21104278609,2025-12-01
5740,MONGOLIA,6114214,2025-12-01
5790,"KOREA, NORTH",0,2025-12-01
5800,"KOREA, SOUTH",11837014642,2025-12-01
5820,HONG KONG,247968220,2025-12-01
5830,TAIWAN,24696175753,2025-12-01
5880,JAPAN,12178452449,2025-12-01
5XXX,ASIA,127027430040,2025-12-01
6021,AUSTRALIA,2408006483,2025-12-01
6022,NORFOLK ISLAND,0,2025-12-01
6023,COCOS (KEELING) ISLANDS,9,2025-12-01
6024,CHRISTMAS ISLAND,1301,2025-12-01
6029,HEARD AND MCDONALD ISLANDS,1135,2025-12-01
6040,PAPUA NEW GUINEA,8422384,2025-12-01
6141,NEW ZEALAND,402603038,2025-12-01
6142,COOK ISLANDS,36716,2025-12-01
6143,TOKELAU,13337,2025-12-01
6144,NIUE,4002,2025-12-01
6150,SAMOA,132752,2025-12-01
6223,SOLOMON ISLANDS,42398,2025-12-01
6224,VANUATU,1597328,2025-12-01
6225,PITCAIRN ISLANDS,940,2025-12-01
6226,KIRIBATI,90593,2025-12-01
6227,TUVALU,490,2025-12-01
6412,NEW CALEDONIA,2629984,2025-12-01
6413,WALLIS AND FUTUNA,0,2025-12-01
6830,PALAU,24323,2025-12-01
6414,FRENCH POLYNESIA,2782794,2025-12-01
6810,MARSHALL ISLANDS,1164215,2025-12-01
6820,MICRONESIA,14437,2025-12-01
6862,NAURU,59,2025-12-01
6863,FIJI,12125240,2025-12-01
6864,TONGA,110750,2025-12-01
6XXX,AUSTRALIA AND OCEANIA,2839804708,2025-12-01
7140,MOROCCO,147520389,2025-12-01
7210,ALGERIA,131697161,2025-12-01
7230,TUNISIA,95359578,2025-12-01
7250,LIBYA,155792980,2025-12-01
7290,EGYPT,235958000,2025-12-01
7321,SUDAN,490947,2025-12-01
7323,SOUTH SUDAN,1278,2025-12-01
7380,EQUATORIAL GUINEA,1930040,2025-12-01
7410,MAURITANIA,191740,2025-12-01
7420,CAMEROON,22415358,2025-12-01
7440,SENEGAL,3717090,2025-12-01
7450,MALI,784870,2025-12-01
7460,GUINEA,222341,2025-12-01
7470,SIERRA LEONE,950231,2025-12-01
7480,COTE D'IVOIRE,111887473,2025-12-01
7490,GHANA,62706249,2025-12-01
7500,GAMBIA,48439,2025-12-01
7510,NIGER,311071,2025-12-01
7520,TOGO,7366028,2025-12-01
7530,NIGERIA,297326821,2025-12-01
7540,CENTRAL AFRICAN REPUBLIC,3457,2025-12-01
7550,GABON,78152241,2025-12-01
7560,CHAD,899844,2025-12-01
7580,ST HELENA,793,2025-12-01
7630,CONGO,1169460,2025-12-01
7600,BURKINA FASO,353140,2025-12-01
7610,BENIN,5721498,2025-12-01
7620,ANGOLA,39601302,2025-12-01
7642,GUINEA-BISSAU,0,2025-12-01
7643,CABO VERDE,214892,2025-12-01
7644,SAO TOME AND PRINCIPE,372,2025-12-01
7650,LIBERIA,9355421,2025-12-01
7660,DEMOCRATIC REPUBLIC OF THE CONGO,144223182,2025-12-01
7670,BURUNDI,1765777,2025-12-01
7690,RWANDA,6112440,2025-12-01
7700,SOMALIA,58633,2025-12-01
7741,ERITREA,2335,2025-12-01
7749,ETHIOPIA,101413959,2025-12-01
7770,DJIBOUTI,1998206,2025-12-01
7780,UGANDA,14499804,2025-12-01
7790,KENYA,70340023,2025-12-01
7800,SEYCHELLES,297546,2025-12-01
7810,BRITISH INDIAN OCEAN TERRITORIES,1790,2025-12-01
7830,TANZANIA,25135834,2025-12-01
7850,MAURITIUS,24494823,2025-12-01
7870,MOZAMBIQUE,1817067,2025-12-01
7880,MADAGASCAR,40973428,2025-12-01
7881,MAYOTTE,1918,2025-12-01
7890,COMOROS,185260,2025-12-01
7904,REUNION,7553,2025-12-01
7905,FRENCH SOUTHERN AND ANTARCTIC LANDS,1,2025-12-01
7910,SOUTH AFRICA,991982477,2025-12-01
7920,NAMIBIA,8821476,2025-12-01
7930,BOTSWANA,6936296,2025-12-01
7940,ZAMBIA,7713921,2025-12-01
7950,ESWATINI,731477,2025-12-01
7960,ZIMBABWE,702177,2025-12-01
7XXX,AFRICA,2878282360,2025-12-01
7970,MALAWI,7500864,2025-12-01
7990,LESOTHO,8413589,2025-12-01
